{
  "colors": {
    "text":                           [ 255, 255, 255, 255 ],
    "text_disabled":                  [ 128, 128, 128, 255 ],
    "window_background":              [ 15, 15, 15, 240 ],
    "child_background":               [ 44, 44, 44, 255 ],
    "popup_background":               [ 20, 20, 20, 240 ],
    "border":                         [ 110, 110, 128, 128 ],
    "border_shadow":                  [ 0, 0, 0, 0 ],
    "frame_background":               [ 41, 48, 46, 138 ],
    "frame_background_hovered":       [ 41, 74, 46, 102 ],
    "frame_background_active":        [ 55, 97, 41, 171 ],
    "title_background":               [ 42, 122, 41, 255 ],
    "title_background_active":        [ 42, 122, 41, 255 ],
    "title_background_collapsed":     [ 42, 122, 41, 255 ],
    "menu_bar_background":            [ 42, 122, 41, 255 ],
    "scrollbar_background":           [ 5, 5, 5, 135 ],
    "scrollbar_grab":                 [ 93, 93, 93, 255 ],
    "scrollbar_grab_hovered":         [ 42, 122, 41, 255 ],
    "scrollbar_grab_active":          [ 50, 142, 49, 255 ],
    "check_mark":                     [ 87, 169, 131, 255 ],
    "slider_grab":                    [ 93, 93, 93, 255 ],
    "slider_grab_active":             [ 50, 142, 49, 255 ],
    "button":                         [ 42, 122, 41, 255 ],
    "button_hovered":                 [ 50, 142, 49, 255 ],
    "button_active":                  [ 39, 108, 38, 255 ],
    "header":                         [ 42, 122, 41, 255 ],
    "header_hovered":                 [ 42, 122, 41, 255 ],
    "header_active":                  [ 50, 142, 49, 255 ],
    "separator":                      [ 110, 110, 128, 128 ],
    "separator_hovered":              [ 42, 122, 41, 255 ],
    "separator_active":               [ 50, 142, 49, 255 ],
    "resize_grip":                    [ 110, 110, 128, 128 ],
    "resize_grip_hovered":            [ 42, 122, 41, 255 ],
    "resize_grip_active":             [ 50, 142, 49, 255 ],
    "tab":                            [ 45, 56, 50, 220 ],
    "tab_hovered":                    [ 42, 122, 41, 255 ],
    "tab_active":                     [ 50, 142, 49, 255 ],
    "tab_unfocused":                  [ 42, 124, 49, 248 ],
    "tab_unfocused_active":           [ 47, 129, 91, 255 ],
    "plot_lines":                     [ 156, 156, 156, 255 ],
    "plot_lines_hovered":             [ 255, 110, 89, 255 ],
    "plot_histogram":                 [ 230, 179, 0, 255 ],
    "plot_histogram_hovered":         [ 255, 153, 0, 255 ],
    "table_header_background":        [ 48, 48, 51, 255 ],
    "table_border_strong":            [ 79, 79, 89, 255 ],
    "table_border_light":             [ 59, 59, 64, 255 ],
    "table_row_background":           [ 0, 0, 0, 0 ],
    "table_row_background_alt":       [ 255, 255, 255, 15 ],
    "text_selected_background":       [ 66, 250, 76, 89 ],
    "drag_drop_target":               [ 255, 255, 0, 230 ],
    "nav_highlight":                  [ 68, 250, 66, 255 ],
    "nav_windowing_highlight":        [ 255, 255, 255, 179 ],
    "nav_windowing_mask_background":  [ 204, 204, 204, 21 ],
    "window_mask_background":         [ 204, 204, 204, 10 ],
    "screen_clearing_color":          [ 46, 50, 56, 255 ],
    "graph_color":                    [ 50, 182, 49, 255 ],
    "graph_drawing_color":            [ 172, 172, 41, 255 ],
    "highlight_frame_color":          [ 41, 48, 148, 138 ],
    "highlight_frame_hovered_color":  [ 41, 74, 148, 102 ],
    "highlight_frame_active_color":   [ 56, 97, 143, 171 ],
    "highlight_button_color":         [ 94, 148, 250, 255 ],
    "highlight_button_hovered_color": [ 102, 163, 252, 255 ],
    "highlight_button_active_color":  [ 89, 133, 247, 255 ],
    "selected_button":                [ 87, 169, 131, 255 ],
    "selected_button_hovered":        [ 57, 139, 101, 255 ],
    "selected_button_active":         [ 47, 129, 91, 255 ],
    "tab_text":                       [ 255, 255, 255, 255 ],
    "tab_pending":                    [ 102, 33, 120, 255 ],
    "tab_pending_hovered":            [ 128, 59, 145, 255 ],
    "icon":                           [ 255, 255, 255, 255 ],
    "icon_disabled":                  [ 128, 128, 128, 255 ],
    "message":                        [ 255, 255, 255, 255 ],
    "warning":                        [ 242, 237, 26, 255 ],
    "error":                          [ 237, 0, 0, 255 ],
    "debug":                          [ 0, 149, 255, 255 ],
    "music_side":                     [ 43, 145, 175, 255 ],
    "music_note":                     [ 243, 128, 11, 255 ],
    "music_instrument":               [ 43, 122, 41, 255 ],
    "music_effect":                   [ 0, 148, 255, 255 ]
  }
}
