{"sound":{"name":"Bottle Break","mask":10,"rows":[{"delay":0,"cells":[{"command":121,"registers":[128,64,221,135]},{"command":59,"registers":[240,71,128]}]},{"delay":0,"cells":[{"command":121,"registers":[64,48,223,135]},{"command":27,"registers":[21,128]}]},{"delay":0,"cells":[{"command":89,"registers":[128,221,7]},{"command":27,"registers":[2,128]}]},{"delay":0,"cells":[{"command":89,"registers":[64,223,7]},{"command":27,"registers":[1,128]}]},{"delay":0,"cells":[{"command":89,"registers":[128,221,7]}]},{"delay":0,"cells":[{"command":89,"registers":[64,223,7]}]},{"delay":0,"cells":[{"command":89,"registers":[128,221,7]}]},{"delay":0,"cells":[{"command":121,"registers":[64,32,223,135]},{"command":43,"registers":[176,128]}]},{"delay":0,"cells":[{"command":89,"registers":[128,221,7]}]},{"delay":0,"cells":[{"command":89,"registers":[64,223,7]}]},{"delay":0,"cells":[{"command":89,"registers":[128,221,7]}]},{"delay":0,"cells":[{"command":89,"registers":[64,223,7]},{"command":43,"registers":[128,128]}]},{"delay":0,"cells":[{"command":89,"registers":[128,221,7]}]},{"delay":0,"cells":[{"command":89,"registers":[64,223,7]}]},{"delay":0,"cells":[{"command":121,"registers":[128,16,221,135]}]},{"delay":0,"cells":[{"command":89,"registers":[64,223,7]},{"command":43,"registers":[80,128]}]},{"delay":0,"cells":[{"command":89,"registers":[128,221,7]}]},{"delay":0,"cells":[{"command":89,"registers":[64,223,7]}]},{"delay":0,"cells":[{"command":89,"registers":[128,221,7]}]},{"delay":0,"cells":[{"command":89,"registers":[64,223,7]}]},{"delay":0,"cells":[{"command":89,"registers":[128,221,7]},{"command":43,"registers":[16,128]}]},{"delay":0,"cells":[{"command":89,"registers":[64,223,7]}]},{"delay":0,"cells":[{"command":41,"registers":[0,128]},{"command":43,"registers":[0,128]}]},{"delay":0},{"delay":0,"cells":[{"command":7,"registers":[]}]}]}}