{"sound":{"name":"Cancel","mask":2,"rows":[{"delay":0,"cells":[{"command":121,"registers":[128,240,131,132]}]},{"delay":0,"cells":[{"command":25,"registers":[156,4]}]},{"delay":0,"cells":[{"command":89,"registers":[64,181,4]}]},{"delay":0,"cells":[{"command":25,"registers":[205,4]}]},{"delay":0,"cells":[{"command":89,"registers":[128,229,4]}]},{"delay":0,"cells":[{"command":25,"registers":[251,4]}]},{"delay":0,"cells":[{"command":89,"registers":[64,17,5]}]},{"delay":0,"cells":[{"command":25,"registers":[38,5]}]},{"delay":0,"cells":[{"command":89,"registers":[128,59,5]}]},{"delay":0,"cells":[{"command":25,"registers":[79,5]}]},{"delay":0,"cells":[{"command":89,"registers":[64,99,5]}]},{"delay":0,"cells":[{"command":57,"registers":[0,99,133]}]},{"delay":0,"cells":[{"command":121,"registers":[128,240,99,133]}]},{"delay":0,"cells":[{"command":25,"registers":[118,5]}]},{"delay":0,"cells":[{"command":89,"registers":[64,59,5]}]},{"delay":0,"cells":[{"command":25,"registers":[79,5]}]},{"delay":0,"cells":[{"command":89,"registers":[128,17,5]}]},{"delay":0,"cells":[{"command":25,"registers":[38,5]}]},{"delay":0,"cells":[{"command":89,"registers":[64,229,4]}]},{"delay":0,"cells":[{"command":25,"registers":[251,4]}]},{"delay":0,"cells":[{"command":89,"registers":[128,181,4]}]},{"delay":0,"cells":[{"command":25,"registers":[205,4]}]},{"delay":0,"cells":[{"command":89,"registers":[64,131,4]}]},{"delay":0,"cells":[{"command":41,"registers":[0,128]}]},{"delay":0},{"delay":0,"cells":[{"command":7,"registers":[]}]}]}}