{"sound":{"name":"Cat Meow","mask":2,"rows":[{"delay":0,"cells":[{"command":121,"registers":[128,16,115,135]}]},{"delay":0,"cells":[{"command":57,"registers":[48,119,135]}]},{"delay":0,"cells":[{"command":121,"registers":[64,80,123,135]}]},{"delay":0,"cells":[{"command":57,"registers":[112,127,135]}]},{"delay":0,"cells":[{"command":121,"registers":[0,160,131,135]}]},{"delay":0,"cells":[{"command":25,"registers":[130,7]}]},{"delay":0,"cells":[{"command":25,"registers":[129,7]}]},{"delay":0,"cells":[{"command":25,"registers":[128,7]}]},{"delay":0,"cells":[{"command":57,"registers":[112,126,135]}]},{"delay":0,"cells":[{"command":57,"registers":[80,125,135]}]},{"delay":0,"cells":[{"command":121,"registers":[64,48,124,135]}]},{"delay":0,"cells":[{"command":57,"registers":[16,123,135]}]},{"delay":0,"cells":[{"command":89,"registers":[128,127,7]}]},{"delay":0,"cells":[{"command":25,"registers":[131,7]}]},{"delay":0,"cells":[{"command":25,"registers":[134,7]}]},{"delay":0,"cells":[{"command":25,"registers":[138,7]}]},{"delay":0,"cells":[{"command":41,"registers":[0,128]}]},{"delay":0},{"delay":0,"cells":[{"command":7,"registers":[]}]}]}}