{"sound":{"name":"Confirm","mask":2,"rows":[{"delay":0,"cells":[{"command":121,"registers":[128,240,68,135]}]},{"delay":0,"cells":[{"command":25,"registers":[137,6]}]},{"delay":0,"cells":[{"command":25,"registers":[131,7]}]},{"delay":0,"cells":[{"command":25,"registers":[6,7]}]},{"delay":0,"cells":[{"command":25,"registers":[107,7]}]},{"delay":0,"cells":[{"command":25,"registers":[214,6]}]},{"delay":0,"cells":[{"command":25,"registers":[162,7]}]},{"delay":0,"cells":[{"command":25,"registers":[68,7]}]},{"delay":0,"cells":[{"command":57,"registers":[112,68,135]}]},{"delay":0,"cells":[{"command":25,"registers":[137,6]}]},{"delay":0,"cells":[{"command":25,"registers":[131,7]}]},{"delay":0,"cells":[{"command":25,"registers":[6,7]}]},{"delay":0,"cells":[{"command":25,"registers":[107,7]}]},{"delay":0,"cells":[{"command":25,"registers":[214,6]}]},{"delay":0,"cells":[{"command":25,"registers":[162,7]}]},{"delay":0,"cells":[{"command":25,"registers":[68,7]}]},{"delay":0,"cells":[{"command":57,"registers":[48,68,135]}]},{"delay":0,"cells":[{"command":25,"registers":[137,6]}]},{"delay":0,"cells":[{"command":25,"registers":[131,7]}]},{"delay":0,"cells":[{"command":25,"registers":[6,7]}]},{"delay":0,"cells":[{"command":25,"registers":[107,7]}]},{"delay":0,"cells":[{"command":25,"registers":[214,6]}]},{"delay":0,"cells":[{"command":25,"registers":[162,7]}]},{"delay":0,"cells":[{"command":25,"registers":[68,7]}]},{"delay":0,"cells":[{"command":57,"registers":[16,68,135]}]},{"delay":0,"cells":[{"command":25,"registers":[137,6]}]},{"delay":0,"cells":[{"command":25,"registers":[131,7]}]},{"delay":0,"cells":[{"command":25,"registers":[6,7]}]},{"delay":0,"cells":[{"command":25,"registers":[107,7]}]},{"delay":0,"cells":[{"command":25,"registers":[214,6]}]},{"delay":0,"cells":[{"command":25,"registers":[162,7]}]},{"delay":0,"cells":[{"command":25,"registers":[68,7]}]},{"delay":0,"cells":[{"command":41,"registers":[0,128]}]},{"delay":0},{"delay":0,"cells":[{"command":7,"registers":[]}]}]}}