{"sound":{"name":"Crunch","mask":8,"rows":[{"delay":0,"cells":[{"command":59,"registers":[240,54,128]}]},{"delay":0,"cells":[{"command":27,"registers":[68,128]}]},{"delay":0,"cells":[{"command":27,"registers":[70,128]}]},{"delay":0,"cells":[{"command":27,"registers":[71,128]}]},{"delay":0,"cells":[{"command":27,"registers":[85,128]}]},{"delay":0,"cells":[{"command":27,"registers":[87,128]}]},{"delay":0,"cells":[{"command":27,"registers":[100,128]}]},{"delay":0,"cells":[{"command":27,"registers":[86,128]}]},{"delay":0,"cells":[{"command":27,"registers":[84,128]}]},{"delay":0,"cells":[{"command":27,"registers":[70,128]}]},{"delay":0,"cells":[{"command":27,"registers":[68,128]}]},{"delay":0,"cells":[{"command":27,"registers":[54,128]}]},{"delay":0,"cells":[{"command":43,"registers":[112,128]}]},{"delay":0,"cells":[{"command":27,"registers":[68,128]}]},{"delay":0,"cells":[{"command":27,"registers":[70,128]}]},{"delay":0,"cells":[{"command":27,"registers":[71,128]}]},{"delay":0,"cells":[{"command":27,"registers":[85,128]}]},{"delay":0,"cells":[{"command":27,"registers":[87,128]}]},{"delay":0,"cells":[{"command":27,"registers":[100,128]}]},{"delay":0,"cells":[{"command":27,"registers":[86,128]}]},{"delay":0,"cells":[{"command":27,"registers":[84,128]}]},{"delay":0,"cells":[{"command":27,"registers":[70,128]}]},{"delay":0,"cells":[{"command":27,"registers":[68,128]}]},{"delay":0,"cells":[{"command":27,"registers":[54,128]}]},{"delay":0,"cells":[{"command":43,"registers":[48,128]}]},{"delay":0,"cells":[{"command":27,"registers":[68,128]}]},{"delay":0,"cells":[{"command":27,"registers":[70,128]}]},{"delay":0,"cells":[{"command":27,"registers":[71,128]}]},{"delay":0,"cells":[{"command":27,"registers":[85,128]}]},{"delay":0,"cells":[{"command":27,"registers":[87,128]}]},{"delay":0,"cells":[{"command":27,"registers":[100,128]}]},{"delay":0,"cells":[{"command":27,"registers":[86,128]}]},{"delay":0,"cells":[{"command":27,"registers":[84,128]}]},{"delay":0,"cells":[{"command":27,"registers":[70,128]}]},{"delay":0,"cells":[{"command":27,"registers":[68,128]}]},{"delay":0,"cells":[{"command":27,"registers":[54,128]}]},{"delay":0,"cells":[{"command":43,"registers":[32,128]}]},{"delay":0,"cells":[{"command":27,"registers":[68,128]}]},{"delay":0,"cells":[{"command":27,"registers":[70,128]}]},{"delay":0,"cells":[{"command":27,"registers":[71,128]}]},{"delay":0,"cells":[{"command":27,"registers":[85,128]}]},{"delay":0,"cells":[{"command":27,"registers":[87,128]}]},{"delay":0,"cells":[{"command":27,"registers":[100,128]}]},{"delay":0,"cells":[{"command":27,"registers":[86,128]}]},{"delay":0,"cells":[{"command":59,"registers":[16,84,128]}]},{"delay":0,"cells":[{"command":27,"registers":[70,128]}]},{"delay":0,"cells":[{"command":27,"registers":[68,128]}]},{"delay":0,"cells":[{"command":27,"registers":[54,128]}]},{"delay":0,"cells":[{"command":43,"registers":[0,128]}]},{"delay":0},{"delay":0,"cells":[{"command":7,"registers":[]}]}]}}