{"sound":{"name":"Digital Alarm","mask":2,"rows":[{"delay":0,"cells":[{"command":121,"registers":[128,240,193,135]}]},{"delay":0,"cells":[{"command":57,"registers":[16,193,135]}]},{"delay":0,"cells":[{"command":57,"registers":[240,193,135]}]},{"delay":0,"cells":[{"command":57,"registers":[16,193,135]}]},{"delay":0,"cells":[{"command":57,"registers":[240,193,135]}]},{"delay":0,"cells":[{"command":57,"registers":[16,193,135]}]},{"delay":0,"cells":[{"command":57,"registers":[240,193,135]}]},{"delay":0,"cells":[{"command":57,"registers":[16,193,135]}]},{"delay":0,"cells":[{"command":57,"registers":[0,6,135]}]},{"delay":0},{"delay":0,"cells":[{"command":57,"registers":[240,193,135]}]},{"delay":0,"cells":[{"command":57,"registers":[16,193,135]}]},{"delay":0,"cells":[{"command":57,"registers":[240,193,135]}]},{"delay":0,"cells":[{"command":57,"registers":[16,193,135]}]},{"delay":0,"cells":[{"command":57,"registers":[240,193,135]}]},{"delay":0,"cells":[{"command":57,"registers":[16,193,135]}]},{"delay":0,"cells":[{"command":57,"registers":[240,193,135]}]},{"delay":0,"cells":[{"command":57,"registers":[16,193,135]}]},{"delay":0,"cells":[{"command":41,"registers":[0,128]}]},{"delay":0},{"delay":0,"cells":[{"command":7,"registers":[]}]}]}}