{"sound":{"name":"Dog Bark","mask":2,"rows":[{"delay":0,"cells":[{"command":121,"registers":[128,240,22,132]}]},{"delay":0,"cells":[{"command":25,"registers":[181,4]}]},{"delay":0,"cells":[{"command":25,"registers":[59,5]}]},{"delay":0,"cells":[{"command":25,"registers":[172,5]}]},{"delay":0,"cells":[{"command":25,"registers":[10,6]}]},{"delay":0,"cells":[{"command":25,"registers":[91,6]}]},{"delay":0,"cells":[{"command":25,"registers":[158,6]}]},{"delay":0,"cells":[{"command":25,"registers":[214,6]}]},{"delay":0,"cells":[{"command":89,"registers":[64,6,7]}]},{"delay":0,"cells":[{"command":25,"registers":[214,6]}]},{"delay":0,"cells":[{"command":25,"registers":[178,6]}]},{"delay":0,"cells":[{"command":25,"registers":[137,6]}]},{"delay":0,"cells":[{"command":57,"registers":[112,91,134]}]},{"delay":0,"cells":[{"command":25,"registers":[39,6]}]},{"delay":0,"cells":[{"command":25,"registers":[237,5]}]},{"delay":0,"cells":[{"command":25,"registers":[172,5]}]},{"delay":0,"cells":[{"command":25,"registers":[99,5]}]},{"delay":0,"cells":[{"command":25,"registers":[17,5]}]},{"delay":0,"cells":[{"command":25,"registers":[181,4]}]},{"delay":0,"cells":[{"command":25,"registers":[78,4]}]},{"delay":0,"cells":[{"command":57,"registers":[48,218,131]}]},{"delay":0,"cells":[{"command":25,"registers":[86,3]}]},{"delay":0,"cells":[{"command":25,"registers":[198,2]}]},{"delay":0,"cells":[{"command":25,"registers":[35,2]}]},{"delay":0,"cells":[{"command":121,"registers":[128,240,22,132]}]},{"delay":0,"cells":[{"command":25,"registers":[181,4]}]},{"delay":0,"cells":[{"command":25,"registers":[59,5]}]},{"delay":0,"cells":[{"command":25,"registers":[172,5]}]},{"delay":0,"cells":[{"command":25,"registers":[10,6]}]},{"delay":0,"cells":[{"command":25,"registers":[91,6]}]},{"delay":0,"cells":[{"command":25,"registers":[158,6]}]},{"delay":0,"cells":[{"command":25,"registers":[214,6]}]},{"delay":0,"cells":[{"command":89,"registers":[64,6,7]}]},{"delay":0,"cells":[{"command":25,"registers":[214,6]}]},{"delay":0,"cells":[{"command":25,"registers":[178,6]}]},{"delay":0,"cells":[{"command":25,"registers":[137,6]}]},{"delay":0,"cells":[{"command":57,"registers":[112,91,134]}]},{"delay":0,"cells":[{"command":25,"registers":[39,6]}]},{"delay":0,"cells":[{"command":25,"registers":[237,5]}]},{"delay":0,"cells":[{"command":25,"registers":[172,5]}]},{"delay":0,"cells":[{"command":25,"registers":[99,5]}]},{"delay":0,"cells":[{"command":25,"registers":[17,5]}]},{"delay":0,"cells":[{"command":25,"registers":[181,4]}]},{"delay":0,"cells":[{"command":25,"registers":[78,4]}]},{"delay":0,"cells":[{"command":57,"registers":[48,218,131]}]},{"delay":0,"cells":[{"command":25,"registers":[86,3]}]},{"delay":0,"cells":[{"command":57,"registers":[32,198,130]}]},{"delay":0,"cells":[{"command":57,"registers":[16,35,130]}]},{"delay":0,"cells":[{"command":41,"registers":[0,128]}]},{"delay":0},{"delay":0,"cells":[{"command":7,"registers":[]}]}]}}