{"sound":{"name":"Door Slow Open","mask":8,"rows":[{"delay":0,"cells":[{"command":59,"registers":[240,62,128]}]},{"delay":0,"cells":[{"command":43,"registers":[16,128]}]},{"delay":0,"cells":[{"command":43,"registers":[240,128]}]},{"delay":0,"cells":[{"command":43,"registers":[16,128]}]},{"delay":0,"cells":[{"command":43,"registers":[240,128]}]},{"delay":0,"cells":[{"command":43,"registers":[16,128]}]},{"delay":0,"cells":[{"command":43,"registers":[240,128]}]},{"delay":0,"cells":[{"command":43,"registers":[16,128]}]},{"delay":0,"cells":[{"command":43,"registers":[240,128]}]},{"delay":0,"cells":[{"command":43,"registers":[16,128]}]},{"delay":0,"cells":[{"command":43,"registers":[240,128]}]},{"delay":0,"cells":[{"command":43,"registers":[16,128]}]},{"delay":0,"cells":[{"command":43,"registers":[240,128]}]},{"delay":0,"cells":[{"command":43,"registers":[16,128]}]},{"delay":0,"cells":[{"command":43,"registers":[240,128]}]},{"delay":0,"cells":[{"command":43,"registers":[16,128]}]},{"delay":0,"cells":[{"command":43,"registers":[240,128]}]},{"delay":0,"cells":[{"command":43,"registers":[16,128]}]},{"delay":0,"cells":[{"command":43,"registers":[240,128]}]},{"delay":0,"cells":[{"command":43,"registers":[16,128]}]},{"delay":0,"cells":[{"command":43,"registers":[240,128]}]},{"delay":0,"cells":[{"command":43,"registers":[16,128]}]},{"delay":0,"cells":[{"command":43,"registers":[240,128]}]},{"delay":0,"cells":[{"command":43,"registers":[16,128]}]},{"delay":0,"cells":[{"command":43,"registers":[192,128]}]},{"delay":0,"cells":[{"command":43,"registers":[16,128]}]},{"delay":0,"cells":[{"command":43,"registers":[112,128]}]},{"delay":0,"cells":[{"command":43,"registers":[16,128]}]},{"delay":0,"cells":[{"command":43,"registers":[48,128]}]},{"delay":0,"cells":[{"command":43,"registers":[16,128]}]},{"delay":0,"cells":[{"command":43,"registers":[0,128]}]},{"delay":0},{"delay":0,"cells":[{"command":7,"registers":[]}]}]}}