{"sound":{"name":"Drink","mask":2,"rows":[{"delay":0,"cells":[{"command":121,"registers":[128,240,178,134]}]},{"delay":0,"cells":[{"command":25,"registers":[137,6]}]},{"delay":0,"cells":[{"command":25,"registers":[114,6]}]},{"delay":0,"cells":[{"command":25,"registers":[91,6]}]},{"delay":0,"cells":[{"command":25,"registers":[66,6]}]},{"delay":0,"cells":[{"command":25,"registers":[10,6]}]},{"delay":0,"cells":[{"command":25,"registers":[237,5]}]},{"delay":0,"cells":[{"command":25,"registers":[206,5]}]},{"delay":0,"cells":[{"command":25,"registers":[172,5]}]},{"delay":0,"cells":[{"command":25,"registers":[237,5]}]},{"delay":0,"cells":[{"command":25,"registers":[39,6]}]},{"delay":0,"cells":[{"command":25,"registers":[91,6]}]},{"delay":0,"cells":[{"command":25,"registers":[137,6]}]},{"delay":0,"cells":[{"command":25,"registers":[178,6]}]},{"delay":0,"cells":[{"command":25,"registers":[214,6]}]},{"delay":0,"cells":[{"command":25,"registers":[247,6]}]},{"delay":0,"cells":[{"command":57,"registers":[0,33,135]}]},{"delay":0},{"delay":0,"cells":[{"command":121,"registers":[128,112,178,134]}]},{"delay":0,"cells":[{"command":25,"registers":[137,6]}]},{"delay":0,"cells":[{"command":25,"registers":[114,6]}]},{"delay":0,"cells":[{"command":25,"registers":[91,6]}]},{"delay":0,"cells":[{"command":25,"registers":[66,6]}]},{"delay":0,"cells":[{"command":25,"registers":[10,6]}]},{"delay":0,"cells":[{"command":25,"registers":[237,5]}]},{"delay":0,"cells":[{"command":25,"registers":[206,5]}]},{"delay":0,"cells":[{"command":25,"registers":[172,5]}]},{"delay":0,"cells":[{"command":25,"registers":[237,5]}]},{"delay":0,"cells":[{"command":25,"registers":[39,6]}]},{"delay":0,"cells":[{"command":25,"registers":[91,6]}]},{"delay":0,"cells":[{"command":25,"registers":[137,6]}]},{"delay":0,"cells":[{"command":25,"registers":[178,6]}]},{"delay":0,"cells":[{"command":25,"registers":[214,6]}]},{"delay":0,"cells":[{"command":25,"registers":[247,6]}]},{"delay":0,"cells":[{"command":57,"registers":[0,33,135]}]},{"delay":0},{"delay":0,"cells":[{"command":121,"registers":[128,48,178,134]}]},{"delay":0,"cells":[{"command":25,"registers":[137,6]}]},{"delay":0,"cells":[{"command":25,"registers":[114,6]}]},{"delay":0,"cells":[{"command":25,"registers":[91,6]}]},{"delay":0,"cells":[{"command":25,"registers":[66,6]}]},{"delay":0,"cells":[{"command":25,"registers":[10,6]}]},{"delay":0,"cells":[{"command":25,"registers":[237,5]}]},{"delay":0,"cells":[{"command":25,"registers":[206,5]}]},{"delay":0,"cells":[{"command":25,"registers":[172,5]}]},{"delay":0,"cells":[{"command":25,"registers":[237,5]}]},{"delay":0,"cells":[{"command":25,"registers":[39,6]}]},{"delay":0,"cells":[{"command":25,"registers":[91,6]}]},{"delay":0,"cells":[{"command":25,"registers":[137,6]}]},{"delay":0,"cells":[{"command":25,"registers":[178,6]}]},{"delay":0,"cells":[{"command":25,"registers":[214,6]}]},{"delay":0,"cells":[{"command":25,"registers":[247,6]}]},{"delay":0,"cells":[{"command":57,"registers":[0,33,135]}]},{"delay":0},{"delay":0,"cells":[{"command":57,"registers":[32,178,134]}]},{"delay":0,"cells":[{"command":25,"registers":[137,6]}]},{"delay":0,"cells":[{"command":25,"registers":[114,6]}]},{"delay":0,"cells":[{"command":25,"registers":[91,6]}]},{"delay":0,"cells":[{"command":25,"registers":[66,6]}]},{"delay":0,"cells":[{"command":25,"registers":[10,6]}]},{"delay":0,"cells":[{"command":25,"registers":[237,5]}]},{"delay":0,"cells":[{"command":25,"registers":[206,5]}]},{"delay":0,"cells":[{"command":25,"registers":[172,5]}]},{"delay":0,"cells":[{"command":25,"registers":[237,5]}]},{"delay":0,"cells":[{"command":25,"registers":[39,6]}]},{"delay":0,"cells":[{"command":25,"registers":[91,6]}]},{"delay":0,"cells":[{"command":25,"registers":[137,6]}]},{"delay":0,"cells":[{"command":25,"registers":[178,6]}]},{"delay":0,"cells":[{"command":25,"registers":[214,6]}]},{"delay":0,"cells":[{"command":25,"registers":[247,6]}]},{"delay":0,"cells":[{"command":57,"registers":[0,33,135]}]},{"delay":0},{"delay":0,"cells":[{"command":57,"registers":[16,178,134]}]},{"delay":0,"cells":[{"command":25,"registers":[137,6]}]},{"delay":0,"cells":[{"command":25,"registers":[114,6]}]},{"delay":0,"cells":[{"command":25,"registers":[91,6]}]},{"delay":0,"cells":[{"command":25,"registers":[66,6]}]},{"delay":0,"cells":[{"command":25,"registers":[10,6]}]},{"delay":0,"cells":[{"command":25,"registers":[237,5]}]},{"delay":0,"cells":[{"command":25,"registers":[206,5]}]},{"delay":0,"cells":[{"command":25,"registers":[172,5]}]},{"delay":0,"cells":[{"command":25,"registers":[237,5]}]},{"delay":0,"cells":[{"command":25,"registers":[39,6]}]},{"delay":0,"cells":[{"command":25,"registers":[91,6]}]},{"delay":0,"cells":[{"command":25,"registers":[137,6]}]},{"delay":0,"cells":[{"command":25,"registers":[178,6]}]},{"delay":0,"cells":[{"command":25,"registers":[214,6]}]},{"delay":0,"cells":[{"command":25,"registers":[247,6]}]},{"delay":0,"cells":[{"command":57,"registers":[0,33,135]}]},{"delay":0,"cells":[{"command":41,"registers":[0,128]}]},{"delay":0},{"delay":0,"cells":[{"command":7,"registers":[]}]}]}}