{"sound":{"name":"Evil Laugh","mask":2,"rows":[{"delay":0,"cells":[{"command":121,"registers":[128,240,214,134]}]},{"delay":0,"cells":[{"command":25,"registers":[216,6]}]},{"delay":0,"cells":[{"command":25,"registers":[218,6]}]},{"delay":0,"cells":[{"command":25,"registers":[220,6]}]},{"delay":0,"cells":[{"command":25,"registers":[222,6]}]},{"delay":0,"cells":[{"command":25,"registers":[225,6]}]},{"delay":0,"cells":[{"command":25,"registers":[227,6]}]},{"delay":0,"cells":[{"command":25,"registers":[229,6]}]},{"delay":0,"cells":[{"command":25,"registers":[231,6]}]},{"delay":0,"cells":[{"command":25,"registers":[233,6]}]},{"delay":0,"cells":[{"command":25,"registers":[235,6]}]},{"delay":0,"cells":[{"command":25,"registers":[237,6]}]},{"delay":0,"cells":[{"command":25,"registers":[239,6]}]},{"delay":0,"cells":[{"command":25,"registers":[241,6]}]},{"delay":0,"cells":[{"command":25,"registers":[243,6]}]},{"delay":0,"cells":[{"command":25,"registers":[245,6]}]},{"delay":0,"cells":[{"command":25,"registers":[247,6]}]},{"delay":0},{"delay":0},{"delay":0},{"delay":0},{"delay":0},{"delay":0},{"delay":0},{"delay":0,"cells":[{"command":57,"registers":[80,247,134]}]},{"delay":0,"cells":[{"command":25,"registers":[246,6]}]},{"delay":0,"cells":[{"command":25,"registers":[245,6]}]},{"delay":0,"cells":[{"command":25,"registers":[244,6]}]},{"delay":0,"cells":[{"command":25,"registers":[242,6]}]},{"delay":0,"cells":[{"command":25,"registers":[241,6]}]},{"delay":0,"cells":[{"command":25,"registers":[240,6]}]},{"delay":0,"cells":[{"command":25,"registers":[239,6]}]},{"delay":0,"cells":[{"command":57,"registers":[240,178,134]}]},{"delay":0,"cells":[{"command":25,"registers":[180,6]}]},{"delay":0,"cells":[{"command":25,"registers":[182,6]}]},{"delay":0,"cells":[{"command":25,"registers":[185,6]}]},{"delay":0,"cells":[{"command":25,"registers":[187,6]}]},{"delay":0,"cells":[{"command":25,"registers":[189,6]}]},{"delay":0,"cells":[{"command":25,"registers":[191,6]}]},{"delay":0,"cells":[{"command":25,"registers":[194,6]}]},{"delay":0,"cells":[{"command":25,"registers":[196,6]}]},{"delay":0,"cells":[{"command":25,"registers":[198,6]}]},{"delay":0,"cells":[{"command":25,"registers":[200,6]}]},{"delay":0,"cells":[{"command":25,"registers":[203,6]}]},{"delay":0,"cells":[{"command":25,"registers":[205,6]}]},{"delay":0,"cells":[{"command":25,"registers":[207,6]}]},{"delay":0,"cells":[{"command":25,"registers":[209,6]}]},{"delay":0,"cells":[{"command":25,"registers":[212,6]}]},{"delay":0,"cells":[{"command":25,"registers":[214,6]}]},{"delay":0},{"delay":0},{"delay":0},{"delay":0},{"delay":0},{"delay":0},{"delay":0},{"delay":0,"cells":[{"command":57,"registers":[80,214,134]}]},{"delay":0,"cells":[{"command":25,"registers":[213,6]}]},{"delay":0,"cells":[{"command":25,"registers":[211,6]}]},{"delay":0,"cells":[{"command":25,"registers":[210,6]}]},{"delay":0,"cells":[{"command":25,"registers":[209,6]}]},{"delay":0,"cells":[{"command":25,"registers":[208,6]}]},{"delay":0,"cells":[{"command":25,"registers":[206,6]}]},{"delay":0,"cells":[{"command":25,"registers":[205,6]}]},{"delay":0,"cells":[{"command":57,"registers":[240,114,134]}]},{"delay":0,"cells":[{"command":25,"registers":[117,6]}]},{"delay":0,"cells":[{"command":25,"registers":[120,6]}]},{"delay":0,"cells":[{"command":25,"registers":[123,6]}]},{"delay":0,"cells":[{"command":25,"registers":[125,6]}]},{"delay":0,"cells":[{"command":25,"registers":[128,6]}]},{"delay":0,"cells":[{"command":25,"registers":[131,6]}]},{"delay":0,"cells":[{"command":25,"registers":[134,6]}]},{"delay":0,"cells":[{"command":25,"registers":[137,6]}]},{"delay":0,"cells":[{"command":25,"registers":[139,6]}]},{"delay":0,"cells":[{"command":25,"registers":[142,6]}]},{"delay":0,"cells":[{"command":25,"registers":[145,6]}]},{"delay":0,"cells":[{"command":25,"registers":[147,6]}]},{"delay":0,"cells":[{"command":25,"registers":[150,6]}]},{"delay":0,"cells":[{"command":25,"registers":[153,6]}]},{"delay":0,"cells":[{"command":25,"registers":[155,6]}]},{"delay":0,"cells":[{"command":25,"registers":[158,6]}]},{"delay":0},{"delay":0},{"delay":0},{"delay":0},{"delay":0},{"delay":0},{"delay":0},{"delay":0,"cells":[{"command":57,"registers":[80,158,134]}]},{"delay":0,"cells":[{"command":25,"registers":[156,6]}]},{"delay":0,"cells":[{"command":25,"registers":[155,6]}]},{"delay":0,"cells":[{"command":25,"registers":[153,6]}]},{"delay":0,"cells":[{"command":25,"registers":[152,6]}]},{"delay":0,"cells":[{"command":25,"registers":[150,6]}]},{"delay":0,"cells":[{"command":25,"registers":[149,6]}]},{"delay":0,"cells":[{"command":25,"registers":[148,6]}]},{"delay":0,"cells":[{"command":57,"registers":[240,237,133]}]},{"delay":0,"cells":[{"command":25,"registers":[240,5]}]},{"delay":0,"cells":[{"command":25,"registers":[244,5]}]},{"delay":0,"cells":[{"command":25,"registers":[248,5]}]},{"delay":0,"cells":[{"command":25,"registers":[251,5]}]},{"delay":0,"cells":[{"command":25,"registers":[255,5]}]},{"delay":0,"cells":[{"command":25,"registers":[3,6]}]},{"delay":0,"cells":[{"command":25,"registers":[6,6]}]},{"delay":0,"cells":[{"command":25,"registers":[10,6]}]},{"delay":0,"cells":[{"command":25,"registers":[13,6]}]},{"delay":0,"cells":[{"command":25,"registers":[17,6]}]},{"delay":0,"cells":[{"command":25,"registers":[21,6]}]},{"delay":0,"cells":[{"command":25,"registers":[24,6]}]},{"delay":0,"cells":[{"command":25,"registers":[28,6]}]},{"delay":0,"cells":[{"command":25,"registers":[32,6]}]},{"delay":0,"cells":[{"command":25,"registers":[35,6]}]},{"delay":0,"cells":[{"command":25,"registers":[39,6]}]},{"delay":0},{"delay":0},{"delay":0},{"delay":0},{"delay":0},{"delay":0},{"delay":0},{"delay":0,"cells":[{"command":57,"registers":[80,39,134]}]},{"delay":0,"cells":[{"command":25,"registers":[37,6]}]},{"delay":0,"cells":[{"command":25,"registers":[35,6]}]},{"delay":0,"cells":[{"command":25,"registers":[33,6]}]},{"delay":0,"cells":[{"command":25,"registers":[31,6]}]},{"delay":0,"cells":[{"command":25,"registers":[29,6]}]},{"delay":0,"cells":[{"command":25,"registers":[27,6]}]},{"delay":0,"cells":[{"command":25,"registers":[24,6]}]},{"delay":0,"cells":[{"command":57,"registers":[240,17,133]}]},{"delay":0,"cells":[{"command":25,"registers":[22,5]}]},{"delay":0,"cells":[{"command":25,"registers":[27,5]}]},{"delay":0,"cells":[{"command":25,"registers":[33,5]}]},{"delay":0,"cells":[{"command":25,"registers":[38,5]}]},{"delay":0,"cells":[{"command":25,"registers":[43,5]}]},{"delay":0,"cells":[{"command":25,"registers":[48,5]}]},{"delay":0,"cells":[{"command":25,"registers":[54,5]}]},{"delay":0,"cells":[{"command":25,"registers":[59,5]}]},{"delay":0,"cells":[{"command":25,"registers":[64,5]}]},{"delay":0,"cells":[{"command":25,"registers":[69,5]}]},{"delay":0,"cells":[{"command":25,"registers":[74,5]}]},{"delay":0,"cells":[{"command":25,"registers":[79,5]}]},{"delay":0,"cells":[{"command":25,"registers":[84,5]}]},{"delay":0,"cells":[{"command":25,"registers":[89,5]}]},{"delay":0,"cells":[{"command":25,"registers":[94,5]}]},{"delay":0,"cells":[{"command":25,"registers":[99,5]}]},{"delay":0},{"delay":0},{"delay":0},{"delay":0},{"delay":0},{"delay":0},{"delay":0},{"delay":0,"cells":[{"command":57,"registers":[80,99,133]}]},{"delay":0,"cells":[{"command":25,"registers":[93,5]}]},{"delay":0,"cells":[{"command":25,"registers":[87,5]}]},{"delay":0,"cells":[{"command":25,"registers":[82,5]}]},{"delay":0,"cells":[{"command":57,"registers":[48,35,133]}]},{"delay":0,"cells":[{"command":25,"registers":[29,5]}]},{"delay":0,"cells":[{"command":57,"registers":[32,235,132]}]},{"delay":0,"cells":[{"command":25,"registers":[229,4]}]},{"delay":0,"cells":[{"command":57,"registers":[16,181,132]}]},{"delay":0,"cells":[{"command":41,"registers":[0,128]}]},{"delay":0},{"delay":0,"cells":[{"command":7,"registers":[]}]}]}}