{"sound":{"name":"Explosion","mask":10,"rows":[{"delay":0,"cells":[{"command":121,"registers":[128,240,247,134]},{"command":59,"registers":[240,100,128]}]},{"delay":0,"cells":[{"command":25,"registers":[158,6]}]},{"delay":0,"cells":[{"command":25,"registers":[66,6]}]},{"delay":0,"cells":[{"command":25,"registers":[172,5]}]},{"delay":0,"cells":[{"command":25,"registers":[17,5]},{"command":27,"registers":[38,128]}]},{"delay":0,"cells":[{"command":25,"registers":[91,6]}]},{"delay":0,"cells":[{"command":25,"registers":[66,6]}]},{"delay":0,"cells":[{"command":25,"registers":[10,6]}]},{"delay":0,"cells":[{"command":25,"registers":[237,5]},{"command":27,"registers":[100,128]}]},{"delay":0,"cells":[{"command":25,"registers":[172,5]}]},{"delay":0,"cells":[{"command":25,"registers":[137,5]}]},{"delay":0,"cells":[{"command":25,"registers":[59,5]}]},{"delay":0,"cells":[{"command":25,"registers":[17,5]},{"command":59,"registers":[112,68,128]}]},{"delay":0,"cells":[{"command":25,"registers":[181,4]}]},{"delay":0,"cells":[{"command":25,"registers":[131,4]}]},{"delay":0,"cells":[{"command":25,"registers":[22,4]}]},{"delay":0,"cells":[{"command":57,"registers":[112,178,134]}]},{"delay":0,"cells":[{"command":25,"registers":[137,6]}]},{"delay":0,"cells":[{"command":25,"registers":[114,6]}]},{"delay":0,"cells":[{"command":25,"registers":[66,6]}]},{"delay":0,"cells":[{"command":25,"registers":[39,6]},{"command":43,"registers":[80,128]}]},{"delay":0,"cells":[{"command":25,"registers":[237,5]}]},{"delay":0,"cells":[{"command":25,"registers":[206,5]}]},{"delay":0,"cells":[{"command":25,"registers":[137,5]}]},{"delay":0,"cells":[{"command":25,"registers":[99,5]},{"command":27,"registers":[0,128]}]},{"delay":0,"cells":[{"command":25,"registers":[17,5]}]},{"delay":0,"cells":[{"command":25,"registers":[229,4]}]},{"delay":0,"cells":[{"command":25,"registers":[131,4]}]},{"delay":0,"cells":[{"command":25,"registers":[78,4]},{"command":43,"registers":[128,128]}]},{"delay":0,"cells":[{"command":25,"registers":[218,3]}]},{"delay":0,"cells":[{"command":25,"registers":[155,3]}]},{"delay":0,"cells":[{"command":25,"registers":[18,3]}]},{"delay":0,"cells":[{"command":57,"registers":[48,66,134]},{"command":43,"registers":[64,128]}]},{"delay":0,"cells":[{"command":25,"registers":[10,6]}]},{"delay":0,"cells":[{"command":25,"registers":[237,5]}]},{"delay":0,"cells":[{"command":25,"registers":[172,5]}]},{"delay":0,"cells":[{"command":25,"registers":[137,5]},{"command":43,"registers":[32,128]}]},{"delay":0,"cells":[{"command":25,"registers":[59,5]}]},{"delay":0,"cells":[{"command":25,"registers":[17,5]}]},{"delay":0,"cells":[{"command":25,"registers":[181,4]}]},{"delay":0,"cells":[{"command":25,"registers":[131,4]},{"command":43,"registers":[16,128]}]},{"delay":0,"cells":[{"command":25,"registers":[22,4]}]},{"delay":0,"cells":[{"command":25,"registers":[218,3]}]},{"delay":0,"cells":[{"command":25,"registers":[86,3]}]},{"delay":0,"cells":[{"command":25,"registers":[18,3]}]},{"delay":0,"cells":[{"command":25,"registers":[119,2]}]},{"delay":0,"cells":[{"command":25,"registers":[35,2]}]},{"delay":0,"cells":[{"command":25,"registers":[107,1]}]},{"delay":0,"cells":[{"command":57,"registers":[16,206,133]}]},{"delay":0,"cells":[{"command":25,"registers":[137,5]}]},{"delay":0,"cells":[{"command":25,"registers":[99,5]}]},{"delay":0,"cells":[{"command":25,"registers":[17,5]}]},{"delay":0,"cells":[{"command":25,"registers":[229,4]}]},{"delay":0,"cells":[{"command":25,"registers":[131,4]}]},{"delay":0,"cells":[{"command":25,"registers":[78,4]}]},{"delay":0,"cells":[{"command":25,"registers":[218,3]}]},{"delay":0,"cells":[{"command":25,"registers":[155,3]}]},{"delay":0,"cells":[{"command":25,"registers":[18,3]}]},{"delay":0,"cells":[{"command":25,"registers":[198,2]}]},{"delay":0,"cells":[{"command":25,"registers":[35,2]}]},{"delay":0,"cells":[{"command":25,"registers":[201,1]}]},{"delay":0},{"delay":0,"cells":[{"command":25,"registers":[156,0]}]},{"delay":0,"cells":[{"command":41,"registers":[0,128]},{"command":43,"registers":[0,128]}]},{"delay":0},{"delay":0,"cells":[{"command":7,"registers":[]}]}]}}