{"sound":{"name":"Gun","mask":8,"rows":[{"delay":0,"cells":[{"command":59,"registers":[240,100,128]}]},{"delay":0,"cells":[{"command":27,"registers":[84,128]}]},{"delay":0,"cells":[{"command":27,"registers":[20,128]}]},{"delay":0,"cells":[{"command":27,"registers":[70,128]}]},{"delay":0,"cells":[{"command":59,"registers":[112,84,128]}]},{"delay":0,"cells":[{"command":59,"registers":[48,85,128]}]},{"delay":0,"cells":[{"command":59,"registers":[32,86,128]}]},{"delay":0,"cells":[{"command":59,"registers":[16,87,128]}]},{"delay":0,"cells":[{"command":43,"registers":[0,128]}]},{"delay":0},{"delay":0,"cells":[{"command":7,"registers":[]}]}]}}