{"sound":{"name":"Hurt","mask":2,"rows":[{"delay":0,"cells":[{"command":121,"registers":[128,240,178,134]}]},{"delay":0,"cells":[{"command":89,"registers":[64,247,6]}]},{"delay":0,"cells":[{"command":25,"registers":[231,6]}]},{"delay":0,"cells":[{"command":25,"registers":[214,6]}]},{"delay":0,"cells":[{"command":121,"registers":[128,112,91,134]}]},{"delay":0,"cells":[{"command":25,"registers":[66,6]}]},{"delay":0,"cells":[{"command":25,"registers":[39,6]}]},{"delay":0,"cells":[{"command":25,"registers":[10,6]}]},{"delay":0,"cells":[{"command":57,"registers":[48,237,133]}]},{"delay":0,"cells":[{"command":25,"registers":[206,5]}]},{"delay":0,"cells":[{"command":25,"registers":[172,5]}]},{"delay":0,"cells":[{"command":25,"registers":[137,5]}]},{"delay":0,"cells":[{"command":41,"registers":[0,128]}]},{"delay":0},{"delay":0,"cells":[{"command":7,"registers":[]}]}]}}