{"sound":{"name":"Laser Gun","mask":10,"rows":[{"delay":0,"cells":[{"command":121,"registers":[128,160,223,135]},{"command":59,"registers":[240,100,128]}]},{"delay":0,"cells":[{"command":25,"registers":[217,7]}]},{"delay":0,"cells":[{"command":25,"registers":[209,7]}]},{"delay":0,"cells":[{"command":25,"registers":[203,7]},{"command":27,"registers":[84,128]}]},{"delay":0,"cells":[{"command":25,"registers":[193,7]}]},{"delay":0,"cells":[{"command":25,"registers":[186,7]}]},{"delay":0,"cells":[{"command":25,"registers":[172,7]},{"command":27,"registers":[20,128]}]},{"delay":0,"cells":[{"command":25,"registers":[162,7]}]},{"delay":0,"cells":[{"command":25,"registers":[144,7]}]},{"delay":0,"cells":[{"command":25,"registers":[131,7]},{"command":27,"registers":[70,128]}]},{"delay":0,"cells":[{"command":25,"registers":[107,7]}]},{"delay":0,"cells":[{"command":25,"registers":[89,7]}]},{"delay":0,"cells":[{"command":25,"registers":[57,7]}]},{"delay":0,"cells":[{"command":25,"registers":[33,7]}]},{"delay":0,"cells":[{"command":25,"registers":[247,6]}]},{"delay":0,"cells":[{"command":25,"registers":[196,6]}]},{"delay":0,"cells":[{"command":25,"registers":[158,6]}]},{"delay":0,"cells":[{"command":25,"registers":[91,6]}]},{"delay":0,"cells":[{"command":25,"registers":[39,6]}]},{"delay":0,"cells":[{"command":25,"registers":[206,5]},{"command":59,"registers":[112,84,128]}]},{"delay":0,"cells":[{"command":25,"registers":[137,5]}]},{"delay":0,"cells":[{"command":25,"registers":[17,5]}]},{"delay":0,"cells":[{"command":25,"registers":[181,4]}]},{"delay":0,"cells":[{"command":25,"registers":[22,4]}]},{"delay":0,"cells":[{"command":25,"registers":[155,3]}]},{"delay":0,"cells":[{"command":25,"registers":[198,2]}]},{"delay":0,"cells":[{"command":25,"registers":[35,2]}]},{"delay":0,"cells":[{"command":25,"registers":[6,1]}]},{"delay":0,"cells":[{"command":25,"registers":[44,0]}]},{"delay":0,"cells":[{"command":57,"registers":[48,223,135]},{"command":59,"registers":[48,85,128]}]},{"delay":0,"cells":[{"command":25,"registers":[217,7]}]},{"delay":0,"cells":[{"command":25,"registers":[209,7]}]},{"delay":0,"cells":[{"command":25,"registers":[203,7]}]},{"delay":0,"cells":[{"command":25,"registers":[193,7]}]},{"delay":0,"cells":[{"command":25,"registers":[186,7]}]},{"delay":0,"cells":[{"command":25,"registers":[172,7]}]},{"delay":0,"cells":[{"command":25,"registers":[162,7]}]},{"delay":0,"cells":[{"command":25,"registers":[144,7]}]},{"delay":0,"cells":[{"command":25,"registers":[131,7]}]},{"delay":0,"cells":[{"command":25,"registers":[107,7]}]},{"delay":0,"cells":[{"command":25,"registers":[89,7]}]},{"delay":0,"cells":[{"command":25,"registers":[57,7]},{"command":59,"registers":[32,86,128]}]},{"delay":0,"cells":[{"command":25,"registers":[33,7]}]},{"delay":0,"cells":[{"command":25,"registers":[247,6]}]},{"delay":0,"cells":[{"command":25,"registers":[196,6]}]},{"delay":0,"cells":[{"command":25,"registers":[158,6]}]},{"delay":0,"cells":[{"command":25,"registers":[91,6]}]},{"delay":0,"cells":[{"command":25,"registers":[39,6]}]},{"delay":0,"cells":[{"command":25,"registers":[206,5]}]},{"delay":0,"cells":[{"command":25,"registers":[137,5]}]},{"delay":0,"cells":[{"command":25,"registers":[17,5]}]},{"delay":0,"cells":[{"command":25,"registers":[181,4]}]},{"delay":0,"cells":[{"command":25,"registers":[22,4]}]},{"delay":0,"cells":[{"command":25,"registers":[155,3]},{"command":59,"registers":[16,87,128]}]},{"delay":0,"cells":[{"command":57,"registers":[32,198,130]}]},{"delay":0,"cells":[{"command":25,"registers":[35,2]}]},{"delay":0,"cells":[{"command":57,"registers":[16,6,129]}]},{"delay":0,"cells":[{"command":25,"registers":[44,0]}]},{"delay":0,"cells":[{"command":41,"registers":[0,128]},{"command":43,"registers":[0,128]}]},{"delay":0},{"delay":0,"cells":[{"command":7,"registers":[]}]}]}}