{"sound":{"name":"Low Health","mask":2,"rows":[{"delay":0,"cells":[{"command":121,"registers":[128,240,151,135]}]},{"delay":0,"cells":[{"command":25,"registers":[45,7]}]},{"delay":0,"cells":[{"command":57,"registers":[16,151,135]}]},{"delay":0,"cells":[{"command":25,"registers":[45,7]}]},{"delay":0,"cells":[{"command":57,"registers":[112,151,135]}]},{"delay":0,"cells":[{"command":25,"registers":[45,7]}]},{"delay":0,"cells":[{"command":57,"registers":[16,151,135]}]},{"delay":0,"cells":[{"command":25,"registers":[45,7]}]},{"delay":0,"cells":[{"command":57,"registers":[80,151,135]}]},{"delay":0,"cells":[{"command":25,"registers":[45,7]}]},{"delay":0,"cells":[{"command":57,"registers":[16,151,135]}]},{"delay":0,"cells":[{"command":25,"registers":[45,7]}]},{"delay":0,"cells":[{"command":57,"registers":[32,151,135]}]},{"delay":0,"cells":[{"command":25,"registers":[45,7]}]},{"delay":0,"cells":[{"command":57,"registers":[16,151,135]}]},{"delay":0,"cells":[{"command":25,"registers":[45,7]}]},{"delay":0,"cells":[{"command":41,"registers":[0,128]}]},{"delay":0},{"delay":0,"cells":[{"command":7,"registers":[]}]}]}}