{"sound":{"name":"Menu In","mask":2,"rows":[{"delay":0,"cells":[{"command":121,"registers":[128,16,86,131]}]},{"delay":0,"cells":[{"command":25,"registers":[120,3]}]},{"delay":0,"cells":[{"command":57,"registers":[48,155,131]}]},{"delay":0,"cells":[{"command":25,"registers":[248,3]}]},{"delay":0,"cells":[{"command":57,"registers":[112,22,132]}]},{"delay":0,"cells":[{"command":25,"registers":[50,4]}]},{"delay":0,"cells":[{"command":57,"registers":[240,78,132]}]},{"delay":0,"cells":[{"command":25,"registers":[156,4]}]},{"delay":0,"cells":[{"command":25,"registers":[181,4]}]},{"delay":0,"cells":[{"command":25,"registers":[205,4]}]},{"delay":0,"cells":[{"command":25,"registers":[229,4]}]},{"delay":0,"cells":[{"command":25,"registers":[38,5]}]},{"delay":0,"cells":[{"command":25,"registers":[59,5]}]},{"delay":0,"cells":[{"command":25,"registers":[79,5]}]},{"delay":0,"cells":[{"command":25,"registers":[99,5]}]},{"delay":0,"cells":[{"command":25,"registers":[154,5]}]},{"delay":0,"cells":[{"command":25,"registers":[172,5]}]},{"delay":0,"cells":[{"command":25,"registers":[189,5]}]},{"delay":0,"cells":[{"command":25,"registers":[206,5]}]},{"delay":0,"cells":[{"command":25,"registers":[251,5]}]},{"delay":0,"cells":[{"command":25,"registers":[10,6]}]},{"delay":0,"cells":[{"command":25,"registers":[24,6]}]},{"delay":0,"cells":[{"command":25,"registers":[39,6]}]},{"delay":0,"cells":[{"command":25,"registers":[78,6]}]},{"delay":0,"cells":[{"command":25,"registers":[91,6]}]},{"delay":0,"cells":[{"command":25,"registers":[102,6]}]},{"delay":0,"cells":[{"command":25,"registers":[114,6]}]},{"delay":0,"cells":[{"command":25,"registers":[222,6]}]},{"delay":0,"cells":[{"command":57,"registers":[112,158,134]}]},{"delay":0,"cells":[{"command":57,"registers":[48,168,134]}]},{"delay":0,"cells":[{"command":57,"registers":[32,178,134]}]},{"delay":0,"cells":[{"command":57,"registers":[16,205,134]}]},{"delay":0,"cells":[{"command":25,"registers":[214,6]}]},{"delay":0,"cells":[{"command":41,"registers":[0,128]}]},{"delay":0},{"delay":0,"cells":[{"command":7,"registers":[]}]}]}}