{"sound":{"name":"Monster Scream","mask":2,"rows":[{"delay":0,"cells":[{"command":121,"registers":[192,240,6,129]}]},{"delay":0,"cells":[{"command":25,"registers":[131,4]}]},{"delay":0,"cells":[{"command":25,"registers":[6,1]}]},{"delay":0,"cells":[{"command":89,"registers":[0,131,4]}]},{"delay":0},{"delay":0,"cells":[{"command":25,"registers":[181,4]}]},{"delay":0,"cells":[{"command":89,"registers":[128,201,1]}]},{"delay":0,"cells":[{"command":25,"registers":[229,4]}]},{"delay":0,"cells":[{"command":25,"registers":[35,2]}]},{"delay":0,"cells":[{"command":89,"registers":[192,17,5]}]},{"delay":0,"cells":[{"command":25,"registers":[35,2]}]},{"delay":0,"cells":[{"command":25,"registers":[17,5]}]},{"delay":0,"cells":[{"command":89,"registers":[0,119,2]}]},{"delay":0,"cells":[{"command":25,"registers":[59,5]}]},{"delay":0,"cells":[{"command":25,"registers":[198,2]}]},{"delay":0,"cells":[{"command":89,"registers":[192,99,5]}]},{"delay":0,"cells":[{"command":25,"registers":[18,3]}]},{"delay":0,"cells":[{"command":25,"registers":[137,5]}]},{"delay":0,"cells":[{"command":89,"registers":[192,18,3]}]},{"delay":0,"cells":[{"command":25,"registers":[137,5]}]},{"delay":0,"cells":[{"command":25,"registers":[86,3]}]},{"delay":0,"cells":[{"command":89,"registers":[128,172,5]}]},{"delay":0,"cells":[{"command":25,"registers":[155,3]}]},{"delay":0,"cells":[{"command":25,"registers":[206,5]}]},{"delay":0,"cells":[{"command":89,"registers":[128,218,3]}]},{"delay":0,"cells":[{"command":25,"registers":[237,5]}]},{"delay":0,"cells":[{"command":25,"registers":[218,3]}]},{"delay":0,"cells":[{"command":89,"registers":[64,237,5]}]},{"delay":0,"cells":[{"command":25,"registers":[22,4]}]},{"delay":0,"cells":[{"command":25,"registers":[10,6]}]},{"delay":0,"cells":[{"command":89,"registers":[192,78,4]}]},{"delay":0,"cells":[{"command":25,"registers":[39,6]}]},{"delay":0,"cells":[{"command":25,"registers":[131,4]}]},{"delay":0,"cells":[{"command":89,"registers":[64,66,6]}]},{"delay":0,"cells":[{"command":25,"registers":[131,4]}]},{"delay":0,"cells":[{"command":25,"registers":[66,6]}]},{"delay":0,"cells":[{"command":89,"registers":[192,181,4]}]},{"delay":0,"cells":[{"command":25,"registers":[91,6]}]},{"delay":0,"cells":[{"command":25,"registers":[229,4]}]},{"delay":0,"cells":[{"command":89,"registers":[192,114,6]}]},{"delay":0,"cells":[{"command":25,"registers":[17,5]}]},{"delay":0,"cells":[{"command":25,"registers":[137,6]}]},{"delay":0,"cells":[{"command":89,"registers":[192,17,5]}]},{"delay":0,"cells":[{"command":25,"registers":[137,6]}]},{"delay":0,"cells":[{"command":25,"registers":[59,5]}]},{"delay":0,"cells":[{"command":89,"registers":[64,158,6]}]},{"delay":0,"cells":[{"command":25,"registers":[99,5]}]},{"delay":0,"cells":[{"command":25,"registers":[178,6]}]},{"delay":0,"cells":[{"command":89,"registers":[128,137,5]}]},{"delay":0,"cells":[{"command":25,"registers":[196,6]}]},{"delay":0,"cells":[{"command":25,"registers":[137,5]}]},{"delay":0,"cells":[{"command":89,"registers":[192,196,6]}]},{"delay":0,"cells":[{"command":25,"registers":[137,5]}]},{"delay":0,"cells":[{"command":25,"registers":[196,6]}]},{"delay":0,"cells":[{"command":89,"registers":[0,137,5]}]},{"delay":0,"cells":[{"command":25,"registers":[196,6]}]},{"delay":0,"cells":[{"command":25,"registers":[137,5]}]},{"delay":0,"cells":[{"command":89,"registers":[128,196,6]}]},{"delay":0,"cells":[{"command":25,"registers":[137,5]}]},{"delay":0,"cells":[{"command":25,"registers":[196,6]}]},{"delay":0,"cells":[{"command":89,"registers":[0,137,5]}]},{"delay":0,"cells":[{"command":25,"registers":[196,6]}]},{"delay":0,"cells":[{"command":25,"registers":[137,5]}]},{"delay":0,"cells":[{"command":89,"registers":[64,196,6]}]},{"delay":0,"cells":[{"command":25,"registers":[137,5]}]},{"delay":0,"cells":[{"command":25,"registers":[196,6]}]},{"delay":0,"cells":[{"command":89,"registers":[64,137,5]}]},{"delay":0,"cells":[{"command":25,"registers":[196,6]}]},{"delay":0,"cells":[{"command":25,"registers":[137,5]}]},{"delay":0,"cells":[{"command":89,"registers":[192,196,6]}]},{"delay":0,"cells":[{"command":25,"registers":[137,5]}]},{"delay":0,"cells":[{"command":25,"registers":[196,6]}]},{"delay":0,"cells":[{"command":89,"registers":[64,137,5]}]},{"delay":0,"cells":[{"command":25,"registers":[196,6]}]},{"delay":0,"cells":[{"command":25,"registers":[137,5]}]},{"delay":0,"cells":[{"command":89,"registers":[128,196,6]}]},{"delay":0,"cells":[{"command":25,"registers":[137,5]}]},{"delay":0,"cells":[{"command":25,"registers":[196,6]}]},{"delay":0,"cells":[{"command":89,"registers":[128,137,5]}]},{"delay":0,"cells":[{"command":25,"registers":[196,6]}]},{"delay":0,"cells":[{"command":25,"registers":[137,5]}]},{"delay":0,"cells":[{"command":89,"registers":[64,196,6]}]},{"delay":0,"cells":[{"command":25,"registers":[59,5]}]},{"delay":0,"cells":[{"command":25,"registers":[158,6]}]},{"delay":0,"cells":[{"command":89,"registers":[192,17,5]}]},{"delay":0,"cells":[{"command":25,"registers":[137,6]}]},{"delay":0,"cells":[{"command":25,"registers":[229,4]}]},{"delay":0,"cells":[{"command":89,"registers":[192,114,6]}]},{"delay":0,"cells":[{"command":25,"registers":[181,4]}]},{"delay":0,"cells":[{"command":25,"registers":[91,6]}]},{"delay":0,"cells":[{"command":89,"registers":[192,131,4]}]},{"delay":0,"cells":[{"command":25,"registers":[66,6]}]},{"delay":0,"cells":[{"command":25,"registers":[78,4]}]},{"delay":0,"cells":[{"command":89,"registers":[64,39,6]}]},{"delay":0,"cells":[{"command":25,"registers":[22,4]}]},{"delay":0,"cells":[{"command":25,"registers":[10,6]}]},{"delay":0,"cells":[{"command":121,"registers":[192,112,218,131]}]},{"delay":0,"cells":[{"command":25,"registers":[237,5]}]},{"delay":0,"cells":[{"command":25,"registers":[86,3]}]},{"delay":0,"cells":[{"command":89,"registers":[192,172,5]}]},{"delay":0,"cells":[{"command":25,"registers":[18,3]}]},{"delay":0,"cells":[{"command":25,"registers":[137,5]}]},{"delay":0,"cells":[{"command":89,"registers":[128,198,2]}]},{"delay":0,"cells":[{"command":25,"registers":[99,5]}]},{"delay":0,"cells":[{"command":25,"registers":[119,2]}]},{"delay":0,"cells":[{"command":89,"registers":[64,59,5]}]},{"delay":0,"cells":[{"command":25,"registers":[35,2]}]},{"delay":0,"cells":[{"command":25,"registers":[17,5]}]},{"delay":0,"cells":[{"command":89,"registers":[128,201,1]}]},{"delay":0,"cells":[{"command":25,"registers":[229,4]}]},{"delay":0},{"delay":0,"cells":[{"command":89,"registers":[64,181,4]}]},{"delay":0,"cells":[{"command":57,"registers":[48,218,131]}]},{"delay":0,"cells":[{"command":25,"registers":[237,5]}]},{"delay":0,"cells":[{"command":89,"registers":[192,86,3]}]},{"delay":0,"cells":[{"command":25,"registers":[172,5]}]},{"delay":0,"cells":[{"command":25,"registers":[18,3]}]},{"delay":0,"cells":[{"command":89,"registers":[64,137,5]}]},{"delay":0,"cells":[{"command":25,"registers":[198,2]}]},{"delay":0,"cells":[{"command":25,"registers":[99,5]}]},{"delay":0,"cells":[{"command":89,"registers":[64,119,2]}]},{"delay":0,"cells":[{"command":25,"registers":[59,5]}]},{"delay":0,"cells":[{"command":25,"registers":[35,2]}]},{"delay":0,"cells":[{"command":89,"registers":[64,17,5]}]},{"delay":0,"cells":[{"command":25,"registers":[201,1]}]},{"delay":0,"cells":[{"command":25,"registers":[229,4]}]},{"delay":0,"cells":[{"command":73,"registers":[64,4]}]},{"delay":0,"cells":[{"command":25,"registers":[181,4]}]},{"delay":0,"cells":[{"command":57,"registers":[16,218,131]}]},{"delay":0,"cells":[{"command":89,"registers":[0,237,5]}]},{"delay":0,"cells":[{"command":25,"registers":[86,3]}]},{"delay":0,"cells":[{"command":25,"registers":[172,5]}]},{"delay":0,"cells":[{"command":89,"registers":[192,18,3]}]},{"delay":0,"cells":[{"command":25,"registers":[137,5]}]},{"delay":0,"cells":[{"command":25,"registers":[198,2]}]},{"delay":0,"cells":[{"command":89,"registers":[192,99,5]}]},{"delay":0,"cells":[{"command":25,"registers":[119,2]}]},{"delay":0,"cells":[{"command":25,"registers":[59,5]}]},{"delay":0,"cells":[{"command":89,"registers":[0,35,2]}]},{"delay":0,"cells":[{"command":25,"registers":[17,5]}]},{"delay":0,"cells":[{"command":25,"registers":[201,1]}]},{"delay":0,"cells":[{"command":89,"registers":[192,229,4]}]},{"delay":0},{"delay":0,"cells":[{"command":25,"registers":[181,4]}]},{"delay":0,"cells":[{"command":41,"registers":[0,128]}]},{"delay":0},{"delay":0,"cells":[{"command":7,"registers":[]}]}]}}