{"sound":{"name":"Notso Confirm","mask":2,"rows":[{"delay":0,"cells":[{"command":121,"registers":[128,240,137,134]}]},{"delay":0,"cells":[{"command":25,"registers":[17,5]}]},{"delay":0,"cells":[{"command":25,"registers":[214,6]}]},{"delay":0,"cells":[{"command":25,"registers":[172,5]}]},{"delay":0,"cells":[{"command":25,"registers":[178,6]}]},{"delay":0,"cells":[{"command":25,"registers":[99,5]}]},{"delay":0,"cells":[{"command":25,"registers":[247,6]}]},{"delay":0,"cells":[{"command":25,"registers":[237,5]}]},{"delay":0,"cells":[{"command":25,"registers":[214,6]}]},{"delay":0,"cells":[{"command":25,"registers":[172,5]}]},{"delay":0,"cells":[{"command":25,"registers":[20,7]}]},{"delay":0,"cells":[{"command":25,"registers":[39,6]}]},{"delay":0,"cells":[{"command":25,"registers":[247,6]}]},{"delay":0,"cells":[{"command":25,"registers":[237,5]}]},{"delay":0,"cells":[{"command":25,"registers":[45,7]}]},{"delay":0,"cells":[{"command":25,"registers":[91,6]}]},{"delay":0,"cells":[{"command":25,"registers":[20,7]}]},{"delay":0,"cells":[{"command":25,"registers":[39,6]}]},{"delay":0,"cells":[{"command":25,"registers":[68,7]}]},{"delay":0,"cells":[{"command":25,"registers":[137,6]}]},{"delay":0,"cells":[{"command":57,"registers":[48,137,134]}]},{"delay":0,"cells":[{"command":25,"registers":[17,5]}]},{"delay":0,"cells":[{"command":25,"registers":[214,6]}]},{"delay":0,"cells":[{"command":25,"registers":[172,5]}]},{"delay":0,"cells":[{"command":25,"registers":[178,6]}]},{"delay":0,"cells":[{"command":25,"registers":[99,5]}]},{"delay":0,"cells":[{"command":25,"registers":[247,6]}]},{"delay":0,"cells":[{"command":25,"registers":[237,5]}]},{"delay":0,"cells":[{"command":57,"registers":[32,214,134]}]},{"delay":0,"cells":[{"command":25,"registers":[172,5]}]},{"delay":0,"cells":[{"command":25,"registers":[20,7]}]},{"delay":0,"cells":[{"command":25,"registers":[39,6]}]},{"delay":0,"cells":[{"command":25,"registers":[247,6]}]},{"delay":0,"cells":[{"command":25,"registers":[237,5]}]},{"delay":0,"cells":[{"command":57,"registers":[16,45,135]}]},{"delay":0,"cells":[{"command":25,"registers":[91,6]}]},{"delay":0,"cells":[{"command":25,"registers":[20,7]}]},{"delay":0,"cells":[{"command":25,"registers":[39,6]}]},{"delay":0,"cells":[{"command":25,"registers":[68,7]}]},{"delay":0,"cells":[{"command":25,"registers":[137,6]}]},{"delay":0,"cells":[{"command":41,"registers":[0,128]}]},{"delay":0},{"delay":0,"cells":[{"command":7,"registers":[]}]}]}}