{"sound":{"name":"Pause","mask":2,"rows":[{"delay":0,"cells":[{"command":121,"registers":[128,240,66,134]}]},{"delay":0,"cells":[{"command":25,"registers":[33,7]}]},{"delay":0,"cells":[{"command":25,"registers":[214,6]}]},{"delay":0,"cells":[{"command":25,"registers":[107,7]}]},{"delay":0,"cells":[{"command":57,"registers":[112,66,134]}]},{"delay":0,"cells":[{"command":25,"registers":[33,7]}]},{"delay":0,"cells":[{"command":25,"registers":[214,6]}]},{"delay":0,"cells":[{"command":25,"registers":[107,7]}]},{"delay":0,"cells":[{"command":57,"registers":[48,66,134]}]},{"delay":0,"cells":[{"command":25,"registers":[33,7]}]},{"delay":0,"cells":[{"command":57,"registers":[32,214,134]}]},{"delay":0,"cells":[{"command":25,"registers":[107,7]}]},{"delay":0,"cells":[{"command":57,"registers":[16,66,134]}]},{"delay":0,"cells":[{"command":25,"registers":[33,7]}]},{"delay":0,"cells":[{"command":25,"registers":[214,6]}]},{"delay":0,"cells":[{"command":25,"registers":[107,7]}]},{"delay":0,"cells":[{"command":41,"registers":[0,128]}]},{"delay":0},{"delay":0,"cells":[{"command":7,"registers":[]}]}]}}