{"sound":{"name":"Phone Ring","mask":2,"rows":[{"delay":0,"cells":[{"command":121,"registers":[128,240,214,134]}]},{"delay":0,"cells":[{"command":25,"registers":[107,7]}]},{"delay":0,"cells":[{"command":25,"registers":[214,6]}]},{"delay":0,"cells":[{"command":25,"registers":[107,7]}]},{"delay":0,"cells":[{"command":25,"registers":[214,6]}]},{"delay":0,"cells":[{"command":25,"registers":[107,7]}]},{"delay":0,"cells":[{"command":25,"registers":[214,6]}]},{"delay":0,"cells":[{"command":25,"registers":[107,7]}]},{"delay":0,"cells":[{"command":25,"registers":[214,6]}]},{"delay":0,"cells":[{"command":25,"registers":[107,7]}]},{"delay":0,"cells":[{"command":25,"registers":[214,6]}]},{"delay":0,"cells":[{"command":25,"registers":[107,7]}]},{"delay":0,"cells":[{"command":25,"registers":[214,6]}]},{"delay":0,"cells":[{"command":25,"registers":[107,7]}]},{"delay":0,"cells":[{"command":25,"registers":[214,6]}]},{"delay":0,"cells":[{"command":25,"registers":[107,7]}]},{"delay":0,"cells":[{"command":25,"registers":[214,6]}]},{"delay":0,"cells":[{"command":25,"registers":[107,7]}]},{"delay":0,"cells":[{"command":25,"registers":[214,6]}]},{"delay":0,"cells":[{"command":25,"registers":[107,7]}]},{"delay":0,"cells":[{"command":25,"registers":[214,6]}]},{"delay":0,"cells":[{"command":25,"registers":[107,7]}]},{"delay":0,"cells":[{"command":25,"registers":[214,6]}]},{"delay":0,"cells":[{"command":25,"registers":[107,7]}]},{"delay":0,"cells":[{"command":25,"registers":[214,6]}]},{"delay":0,"cells":[{"command":25,"registers":[107,7]}]},{"delay":0,"cells":[{"command":25,"registers":[214,6]}]},{"delay":0,"cells":[{"command":25,"registers":[107,7]}]},{"delay":0,"cells":[{"command":25,"registers":[214,6]}]},{"delay":0,"cells":[{"command":25,"registers":[107,7]}]},{"delay":0,"cells":[{"command":25,"registers":[214,6]}]},{"delay":0,"cells":[{"command":25,"registers":[107,7]}]},{"delay":0,"cells":[{"command":57,"registers":[112,214,134]}]},{"delay":0,"cells":[{"command":57,"registers":[48,107,135]}]},{"delay":0,"cells":[{"command":25,"registers":[214,6]}]},{"delay":0,"cells":[{"command":25,"registers":[107,7]}]},{"delay":0,"cells":[{"command":25,"registers":[214,6]}]},{"delay":0,"cells":[{"command":25,"registers":[107,7]}]},{"delay":0,"cells":[{"command":25,"registers":[214,6]}]},{"delay":0,"cells":[{"command":25,"registers":[107,7]}]},{"delay":0,"cells":[{"command":57,"registers":[32,214,134]}]},{"delay":0,"cells":[{"command":25,"registers":[107,7]}]},{"delay":0,"cells":[{"command":25,"registers":[214,6]}]},{"delay":0,"cells":[{"command":25,"registers":[107,7]}]},{"delay":0,"cells":[{"command":25,"registers":[214,6]}]},{"delay":0,"cells":[{"command":25,"registers":[107,7]}]},{"delay":0,"cells":[{"command":25,"registers":[214,6]}]},{"delay":0,"cells":[{"command":25,"registers":[107,7]}]},{"delay":0,"cells":[{"command":57,"registers":[16,214,134]}]},{"delay":0,"cells":[{"command":25,"registers":[107,7]}]},{"delay":0,"cells":[{"command":25,"registers":[214,6]}]},{"delay":0,"cells":[{"command":25,"registers":[107,7]}]},{"delay":0,"cells":[{"command":25,"registers":[214,6]}]},{"delay":0,"cells":[{"command":25,"registers":[107,7]}]},{"delay":0,"cells":[{"command":25,"registers":[214,6]}]},{"delay":0,"cells":[{"command":25,"registers":[107,7]}]},{"delay":0,"cells":[{"command":41,"registers":[0,128]}]},{"delay":0},{"delay":0,"cells":[{"command":7,"registers":[]}]}]}}