{"sound":{"name":"Power Down","mask":2,"rows":[{"delay":0,"cells":[{"command":121,"registers":[128,240,68,135]}]},{"delay":0,"cells":[{"command":73,"registers":[64,7]}]},{"delay":0,"cells":[{"command":89,"registers":[128,231,6]}]},{"delay":0,"cells":[{"command":73,"registers":[64,6]}]},{"delay":0,"cells":[{"command":89,"registers":[128,137,6]}]},{"delay":0,"cells":[{"command":73,"registers":[64,6]}]},{"delay":0,"cells":[{"command":89,"registers":[128,206,5]}]},{"delay":0,"cells":[{"command":73,"registers":[64,5]}]},{"delay":0,"cells":[{"command":89,"registers":[128,17,5]}]},{"delay":0,"cells":[{"command":73,"registers":[64,5]}]},{"delay":0,"cells":[{"command":121,"registers":[128,48,68,135]}]},{"delay":0,"cells":[{"command":73,"registers":[64,7]}]},{"delay":0,"cells":[{"command":89,"registers":[128,231,6]}]},{"delay":0,"cells":[{"command":73,"registers":[64,6]}]},{"delay":0,"cells":[{"command":121,"registers":[128,32,137,134]}]},{"delay":0,"cells":[{"command":73,"registers":[64,6]}]},{"delay":0,"cells":[{"command":121,"registers":[128,16,206,133]}]},{"delay":0,"cells":[{"command":73,"registers":[64,5]}]},{"delay":0,"cells":[{"command":89,"registers":[128,17,5]}]},{"delay":0},{"delay":0,"cells":[{"command":41,"registers":[0,128]}]},{"delay":0},{"delay":0,"cells":[{"command":7,"registers":[]}]}]}}