{"sound":{"name":"Siren","mask":2,"rows":[{"delay":0,"cells":[{"command":121,"registers":[128,240,155,131]}]},{"delay":0},{"delay":0},{"delay":0},{"delay":0},{"delay":0,"cells":[{"command":25,"registers":[155,3]}]},{"delay":0,"cells":[{"command":25,"registers":[218,3]}]},{"delay":0,"cells":[{"command":25,"registers":[22,4]}]},{"delay":0,"cells":[{"command":25,"registers":[78,4]}]},{"delay":0,"cells":[{"command":25,"registers":[78,4]}]},{"delay":0,"cells":[{"command":25,"registers":[131,4]}]},{"delay":0,"cells":[{"command":25,"registers":[181,4]}]},{"delay":0,"cells":[{"command":25,"registers":[229,4]}]},{"delay":0,"cells":[{"command":25,"registers":[229,4]}]},{"delay":0,"cells":[{"command":25,"registers":[17,5]}]},{"delay":0,"cells":[{"command":25,"registers":[59,5]}]},{"delay":0,"cells":[{"command":25,"registers":[99,5]}]},{"delay":0,"cells":[{"command":25,"registers":[99,5]}]},{"delay":0,"cells":[{"command":25,"registers":[137,5]}]},{"delay":0,"cells":[{"command":25,"registers":[172,5]}]},{"delay":0,"cells":[{"command":25,"registers":[206,5]}]},{"delay":0,"cells":[{"command":25,"registers":[206,5]}]},{"delay":0,"cells":[{"command":25,"registers":[237,5]}]},{"delay":0,"cells":[{"command":25,"registers":[10,6]}]},{"delay":0,"cells":[{"command":25,"registers":[39,6]}]},{"delay":0,"cells":[{"command":25,"registers":[39,6]}]},{"delay":0,"cells":[{"command":25,"registers":[66,6]}]},{"delay":0,"cells":[{"command":25,"registers":[91,6]}]},{"delay":0,"cells":[{"command":25,"registers":[114,6]}]},{"delay":0,"cells":[{"command":25,"registers":[114,6]}]},{"delay":0,"cells":[{"command":25,"registers":[137,6]}]},{"delay":0,"cells":[{"command":25,"registers":[158,6]}]},{"delay":0,"cells":[{"command":25,"registers":[178,6]}]},{"delay":0,"cells":[{"command":25,"registers":[178,6]}]},{"delay":0,"cells":[{"command":25,"registers":[196,6]}]},{"delay":0,"cells":[{"command":25,"registers":[214,6]}]},{"delay":0,"cells":[{"command":25,"registers":[231,6]}]},{"delay":0},{"delay":0},{"delay":0},{"delay":0,"cells":[{"command":25,"registers":[231,6]}]},{"delay":0,"cells":[{"command":25,"registers":[231,6]}]},{"delay":0,"cells":[{"command":25,"registers":[230,6]}]},{"delay":0,"cells":[{"command":25,"registers":[230,6]}]},{"delay":0,"cells":[{"command":25,"registers":[230,6]}]},{"delay":0,"cells":[{"command":25,"registers":[230,6]}]},{"delay":0,"cells":[{"command":25,"registers":[231,6]}]},{"delay":0,"cells":[{"command":25,"registers":[231,6]}]},{"delay":0,"cells":[{"command":25,"registers":[232,6]}]},{"delay":0,"cells":[{"command":25,"registers":[232,6]}]},{"delay":0,"cells":[{"command":25,"registers":[231,6]}]},{"delay":0,"cells":[{"command":25,"registers":[231,6]}]},{"delay":0,"cells":[{"command":25,"registers":[231,6]}]},{"delay":0,"cells":[{"command":25,"registers":[231,6]}]},{"delay":0,"cells":[{"command":25,"registers":[230,6]}]},{"delay":0,"cells":[{"command":25,"registers":[230,6]}]},{"delay":0,"cells":[{"command":25,"registers":[230,6]}]},{"delay":0,"cells":[{"command":25,"registers":[230,6]}]},{"delay":0,"cells":[{"command":25,"registers":[231,6]}]},{"delay":0,"cells":[{"command":25,"registers":[231,6]}]},{"delay":0,"cells":[{"command":25,"registers":[232,6]}]},{"delay":0,"cells":[{"command":25,"registers":[232,6]}]},{"delay":0,"cells":[{"command":25,"registers":[231,6]}]},{"delay":0,"cells":[{"command":25,"registers":[231,6]}]},{"delay":0,"cells":[{"command":25,"registers":[231,6]}]},{"delay":0,"cells":[{"command":25,"registers":[231,6]}]},{"delay":0,"cells":[{"command":25,"registers":[230,6]}]},{"delay":0,"cells":[{"command":25,"registers":[230,6]}]},{"delay":0,"cells":[{"command":25,"registers":[230,6]}]},{"delay":0,"cells":[{"command":25,"registers":[230,6]}]},{"delay":0,"cells":[{"command":25,"registers":[231,6]}]},{"delay":0,"cells":[{"command":25,"registers":[231,6]}]},{"delay":0,"cells":[{"command":25,"registers":[232,6]}]},{"delay":0,"cells":[{"command":25,"registers":[232,6]}]},{"delay":0,"cells":[{"command":25,"registers":[231,6]}]},{"delay":0,"cells":[{"command":25,"registers":[231,6]}]},{"delay":0,"cells":[{"command":25,"registers":[231,6]}]},{"delay":0,"cells":[{"command":25,"registers":[231,6]}]},{"delay":0,"cells":[{"command":25,"registers":[230,6]}]},{"delay":0,"cells":[{"command":25,"registers":[230,6]}]},{"delay":0,"cells":[{"command":25,"registers":[230,6]}]},{"delay":0,"cells":[{"command":25,"registers":[230,6]}]},{"delay":0,"cells":[{"command":25,"registers":[231,6]}]},{"delay":0,"cells":[{"command":25,"registers":[231,6]}]},{"delay":0,"cells":[{"command":25,"registers":[232,6]}]},{"delay":0,"cells":[{"command":25,"registers":[232,6]}]},{"delay":0,"cells":[{"command":25,"registers":[231,6]}]},{"delay":0,"cells":[{"command":25,"registers":[231,6]}]},{"delay":0,"cells":[{"command":25,"registers":[231,6]}]},{"delay":0,"cells":[{"command":25,"registers":[231,6]}]},{"delay":0,"cells":[{"command":25,"registers":[230,6]}]},{"delay":0,"cells":[{"command":25,"registers":[230,6]}]},{"delay":0,"cells":[{"command":25,"registers":[230,6]}]},{"delay":0,"cells":[{"command":25,"registers":[230,6]}]},{"delay":0,"cells":[{"command":25,"registers":[231,6]}]},{"delay":0,"cells":[{"command":25,"registers":[231,6]}]},{"delay":0,"cells":[{"command":25,"registers":[232,6]}]},{"delay":0,"cells":[{"command":25,"registers":[232,6]}]},{"delay":0,"cells":[{"command":25,"registers":[231,6]}]},{"delay":0,"cells":[{"command":25,"registers":[231,6]}]},{"delay":0,"cells":[{"command":25,"registers":[231,6]}]},{"delay":0,"cells":[{"command":25,"registers":[231,6]}]},{"delay":0,"cells":[{"command":25,"registers":[230,6]}]},{"delay":0,"cells":[{"command":25,"registers":[230,6]}]},{"delay":0,"cells":[{"command":25,"registers":[230,6]}]},{"delay":0,"cells":[{"command":25,"registers":[230,6]}]},{"delay":0,"cells":[{"command":25,"registers":[231,6]}]},{"delay":0,"cells":[{"command":25,"registers":[231,6]}]},{"delay":0,"cells":[{"command":25,"registers":[232,6]}]},{"delay":0,"cells":[{"command":25,"registers":[232,6]}]},{"delay":0,"cells":[{"command":25,"registers":[231,6]}]},{"delay":0,"cells":[{"command":25,"registers":[231,6]}]},{"delay":0,"cells":[{"command":25,"registers":[231,6]}]},{"delay":0,"cells":[{"command":25,"registers":[231,6]}]},{"delay":0,"cells":[{"command":25,"registers":[214,6]}]},{"delay":0,"cells":[{"command":25,"registers":[196,6]}]},{"delay":0,"cells":[{"command":25,"registers":[178,6]}]},{"delay":0,"cells":[{"command":25,"registers":[178,6]}]},{"delay":0,"cells":[{"command":25,"registers":[158,6]}]},{"delay":0,"cells":[{"command":25,"registers":[137,6]}]},{"delay":0,"cells":[{"command":25,"registers":[114,6]}]},{"delay":0,"cells":[{"command":25,"registers":[114,6]}]},{"delay":0,"cells":[{"command":25,"registers":[91,6]}]},{"delay":0,"cells":[{"command":25,"registers":[66,6]}]},{"delay":0,"cells":[{"command":25,"registers":[39,6]}]},{"delay":0,"cells":[{"command":25,"registers":[39,6]}]},{"delay":0,"cells":[{"command":25,"registers":[10,6]}]},{"delay":0,"cells":[{"command":25,"registers":[237,5]}]},{"delay":0,"cells":[{"command":57,"registers":[112,206,133]}]},{"delay":0,"cells":[{"command":25,"registers":[206,5]}]},{"delay":0,"cells":[{"command":25,"registers":[172,5]}]},{"delay":0,"cells":[{"command":25,"registers":[137,5]}]},{"delay":0,"cells":[{"command":25,"registers":[99,5]}]},{"delay":0,"cells":[{"command":25,"registers":[99,5]}]},{"delay":0,"cells":[{"command":25,"registers":[59,5]}]},{"delay":0,"cells":[{"command":25,"registers":[17,5]}]},{"delay":0,"cells":[{"command":57,"registers":[48,229,132]}]},{"delay":0,"cells":[{"command":25,"registers":[229,4]}]},{"delay":0,"cells":[{"command":25,"registers":[181,4]}]},{"delay":0,"cells":[{"command":25,"registers":[131,4]}]},{"delay":0,"cells":[{"command":57,"registers":[32,78,132]}]},{"delay":0,"cells":[{"command":25,"registers":[78,4]}]},{"delay":0,"cells":[{"command":25,"registers":[22,4]}]},{"delay":0,"cells":[{"command":25,"registers":[218,3]}]},{"delay":0,"cells":[{"command":57,"registers":[16,155,131]}]},{"delay":0},{"delay":0},{"delay":0},{"delay":0,"cells":[{"command":41,"registers":[0,128]}]},{"delay":0},{"delay":0,"cells":[{"command":7,"registers":[]}]}]}}