{"sound":{"name":"Steps","mask":8,"rows":[{"delay":0,"cells":[{"command":59,"registers":[240,100,128]}]},{"delay":0,"cells":[{"command":27,"registers":[20,128]}]},{"delay":0,"cells":[{"command":59,"registers":[112,71,128]}]},{"delay":0,"cells":[{"command":43,"registers":[48,128]}]},{"delay":0,"cells":[{"command":59,"registers":[240,100,128]}]},{"delay":0,"cells":[{"command":27,"registers":[20,128]}]},{"delay":0,"cells":[{"command":27,"registers":[68,128]}]},{"delay":0,"cells":[{"command":43,"registers":[48,128]}]},{"delay":0,"cells":[{"command":59,"registers":[112,100,128]}]},{"delay":0,"cells":[{"command":27,"registers":[20,128]}]},{"delay":0,"cells":[{"command":27,"registers":[71,128]}]},{"delay":0,"cells":[{"command":43,"registers":[32,128]}]},{"delay":0,"cells":[{"command":59,"registers":[80,100,128]}]},{"delay":0,"cells":[{"command":27,"registers":[20,128]}]},{"delay":0,"cells":[{"command":27,"registers":[68,128]}]},{"delay":0,"cells":[{"command":43,"registers":[16,128]}]},{"delay":0,"cells":[{"command":43,"registers":[0,128]}]},{"delay":0},{"delay":0,"cells":[{"command":7,"registers":[]}]}]}}