{"sound":{"name":"Sword Slash","mask":8,"rows":[{"delay":0,"cells":[{"command":59,"registers":[240,100,128]}]},{"delay":0,"cells":[{"command":59,"registers":[112,21,128]}]},{"delay":0,"cells":[{"command":59,"registers":[240,37,128]}]},{"delay":0,"cells":[{"command":59,"registers":[112,36,128]}]},{"delay":0,"cells":[{"command":59,"registers":[48,38,128]}]},{"delay":0,"cells":[{"command":59,"registers":[16,53,128]}]},{"delay":0,"cells":[{"command":43,"registers":[0,128]}]},{"delay":0},{"delay":0,"cells":[{"command":7,"registers":[]}]}]}}