{"sound":{"name":"Thunder","mask":8,"rows":[{"delay":0,"cells":[{"command":59,"registers":[240,100,128]}]},{"delay":0,"cells":[{"command":27,"registers":[84,128]}]},{"delay":0},{"delay":0,"cells":[{"command":27,"registers":[2,128]}]},{"delay":0},{"delay":0,"cells":[{"command":27,"registers":[76,128]}]},{"delay":0,"cells":[{"command":27,"registers":[124,128]}]},{"delay":0,"cells":[{"command":27,"registers":[76,128]}]},{"delay":0,"cells":[{"command":27,"registers":[124,128]}]},{"delay":0,"cells":[{"command":27,"registers":[76,128]}]},{"delay":0,"cells":[{"command":27,"registers":[124,128]}]},{"delay":0,"cells":[{"command":27,"registers":[68,128]}]},{"delay":0},{"delay":0},{"delay":0,"cells":[{"command":27,"registers":[71,128]}]},{"delay":0},{"delay":0,"cells":[{"command":59,"registers":[160,54,128]}]},{"delay":0},{"delay":0},{"delay":0},{"delay":0,"cells":[{"command":59,"registers":[192,68,128]}]},{"delay":0},{"delay":0,"cells":[{"command":59,"registers":[128,22,128]}]},{"delay":0},{"delay":0,"cells":[{"command":59,"registers":[64,20,128]}]},{"delay":0},{"delay":0,"cells":[{"command":59,"registers":[80,22,128]}]},{"delay":0},{"delay":0,"cells":[{"command":27,"registers":[36,128]}]},{"delay":0},{"delay":0,"cells":[{"command":59,"registers":[48,2,128]}]},{"delay":0},{"delay":0},{"delay":0},{"delay":0},{"delay":0,"cells":[{"command":59,"registers":[32,20,128]}]},{"delay":0},{"delay":0},{"delay":0},{"delay":0},{"delay":0,"cells":[{"command":43,"registers":[16,128]}]},{"delay":0},{"delay":0},{"delay":0},{"delay":0},{"delay":0},{"delay":0},{"delay":0,"cells":[{"command":43,"registers":[0,128]}]},{"delay":0},{"delay":0,"cells":[{"command":7,"registers":[]}]}]}}