{"sound":{"name":"Trampoline","mask":2,"rows":[{"delay":0,"cells":[{"command":121,"registers":[128,240,10,134]}]},{"delay":0,"cells":[{"command":25,"registers":[237,5]}]},{"delay":0,"cells":[{"command":25,"registers":[206,5]}]},{"delay":0,"cells":[{"command":25,"registers":[172,5]}]},{"delay":0,"cells":[{"command":25,"registers":[137,5]}]},{"delay":0,"cells":[{"command":25,"registers":[99,5]}]},{"delay":0,"cells":[{"command":25,"registers":[59,5]}]},{"delay":0,"cells":[{"command":25,"registers":[17,5]}]},{"delay":0,"cells":[{"command":25,"registers":[229,4]}]},{"delay":0,"cells":[{"command":25,"registers":[181,4]}]},{"delay":0,"cells":[{"command":25,"registers":[131,4]}]},{"delay":0,"cells":[{"command":25,"registers":[78,4]}]},{"delay":0,"cells":[{"command":25,"registers":[22,4]}]},{"delay":0,"cells":[{"command":25,"registers":[78,4]}]},{"delay":0,"cells":[{"command":25,"registers":[181,4]}]},{"delay":0,"cells":[{"command":25,"registers":[229,4]}]},{"delay":0,"cells":[{"command":25,"registers":[59,5]}]},{"delay":0,"cells":[{"command":25,"registers":[99,5]}]},{"delay":0,"cells":[{"command":25,"registers":[172,5]}]},{"delay":0,"cells":[{"command":25,"registers":[206,5]}]},{"delay":0,"cells":[{"command":25,"registers":[10,6]}]},{"delay":0,"cells":[{"command":25,"registers":[39,6]}]},{"delay":0,"cells":[{"command":25,"registers":[91,6]}]},{"delay":0,"cells":[{"command":25,"registers":[114,6]}]},{"delay":0,"cells":[{"command":25,"registers":[158,6]}]},{"delay":0,"cells":[{"command":25,"registers":[137,6]}]},{"delay":0,"cells":[{"command":25,"registers":[114,6]}]},{"delay":0,"cells":[{"command":25,"registers":[91,6]}]},{"delay":0,"cells":[{"command":25,"registers":[66,6]}]},{"delay":0,"cells":[{"command":25,"registers":[39,6]}]},{"delay":0,"cells":[{"command":25,"registers":[10,6]}]},{"delay":0,"cells":[{"command":25,"registers":[237,5]}]},{"delay":0,"cells":[{"command":25,"registers":[206,5]}]},{"delay":0,"cells":[{"command":25,"registers":[172,5]}]},{"delay":0,"cells":[{"command":25,"registers":[137,5]}]},{"delay":0,"cells":[{"command":25,"registers":[99,5]}]},{"delay":0,"cells":[{"command":25,"registers":[59,5]}]},{"delay":0,"cells":[{"command":25,"registers":[99,5]}]},{"delay":0,"cells":[{"command":25,"registers":[172,5]}]},{"delay":0,"cells":[{"command":25,"registers":[206,5]}]},{"delay":0,"cells":[{"command":25,"registers":[10,6]}]},{"delay":0,"cells":[{"command":25,"registers":[39,6]}]},{"delay":0,"cells":[{"command":25,"registers":[91,6]}]},{"delay":0,"cells":[{"command":25,"registers":[114,6]}]},{"delay":0,"cells":[{"command":25,"registers":[158,6]}]},{"delay":0,"cells":[{"command":25,"registers":[178,6]}]},{"delay":0,"cells":[{"command":25,"registers":[214,6]}]},{"delay":0,"cells":[{"command":25,"registers":[231,6]}]},{"delay":0,"cells":[{"command":25,"registers":[6,7]}]},{"delay":0,"cells":[{"command":25,"registers":[247,6]}]},{"delay":0,"cells":[{"command":25,"registers":[231,6]}]},{"delay":0,"cells":[{"command":25,"registers":[214,6]}]},{"delay":0,"cells":[{"command":25,"registers":[196,6]}]},{"delay":0,"cells":[{"command":25,"registers":[178,6]}]},{"delay":0,"cells":[{"command":25,"registers":[158,6]}]},{"delay":0,"cells":[{"command":25,"registers":[137,6]}]},{"delay":0,"cells":[{"command":25,"registers":[114,6]}]},{"delay":0,"cells":[{"command":25,"registers":[91,6]}]},{"delay":0,"cells":[{"command":25,"registers":[66,6]}]},{"delay":0,"cells":[{"command":25,"registers":[39,6]}]},{"delay":0,"cells":[{"command":25,"registers":[10,6]}]},{"delay":0,"cells":[{"command":25,"registers":[39,6]}]},{"delay":0,"cells":[{"command":25,"registers":[91,6]}]},{"delay":0,"cells":[{"command":25,"registers":[114,6]}]},{"delay":0,"cells":[{"command":25,"registers":[158,6]}]},{"delay":0,"cells":[{"command":25,"registers":[178,6]}]},{"delay":0,"cells":[{"command":25,"registers":[214,6]}]},{"delay":0,"cells":[{"command":25,"registers":[231,6]}]},{"delay":0,"cells":[{"command":25,"registers":[6,7]}]},{"delay":0,"cells":[{"command":25,"registers":[20,7]}]},{"delay":0,"cells":[{"command":25,"registers":[45,7]}]},{"delay":0,"cells":[{"command":25,"registers":[57,7]}]},{"delay":0,"cells":[{"command":25,"registers":[79,7]}]},{"delay":0,"cells":[{"command":25,"registers":[68,7]}]},{"delay":0,"cells":[{"command":25,"registers":[57,7]}]},{"delay":0,"cells":[{"command":25,"registers":[45,7]}]},{"delay":0,"cells":[{"command":25,"registers":[33,7]}]},{"delay":0,"cells":[{"command":25,"registers":[20,7]}]},{"delay":0,"cells":[{"command":25,"registers":[6,7]}]},{"delay":0,"cells":[{"command":25,"registers":[247,6]}]},{"delay":0,"cells":[{"command":57,"registers":[112,231,134]}]},{"delay":0,"cells":[{"command":25,"registers":[214,6]}]},{"delay":0,"cells":[{"command":25,"registers":[196,6]}]},{"delay":0,"cells":[{"command":25,"registers":[178,6]}]},{"delay":0,"cells":[{"command":25,"registers":[158,6]}]},{"delay":0,"cells":[{"command":25,"registers":[178,6]}]},{"delay":0,"cells":[{"command":25,"registers":[214,6]}]},{"delay":0,"cells":[{"command":25,"registers":[231,6]}]},{"delay":0,"cells":[{"command":25,"registers":[6,7]}]},{"delay":0,"cells":[{"command":25,"registers":[20,7]}]},{"delay":0,"cells":[{"command":25,"registers":[45,7]}]},{"delay":0,"cells":[{"command":25,"registers":[57,7]}]},{"delay":0,"cells":[{"command":25,"registers":[79,7]}]},{"delay":0,"cells":[{"command":25,"registers":[89,7]}]},{"delay":0,"cells":[{"command":25,"registers":[107,7]}]},{"delay":0,"cells":[{"command":25,"registers":[115,7]}]},{"delay":0,"cells":[{"command":57,"registers":[48,131,135]}]},{"delay":0,"cells":[{"command":25,"registers":[123,7]}]},{"delay":0,"cells":[{"command":25,"registers":[115,7]}]},{"delay":0,"cells":[{"command":25,"registers":[107,7]}]},{"delay":0,"cells":[{"command":25,"registers":[98,7]}]},{"delay":0,"cells":[{"command":25,"registers":[89,7]}]},{"delay":0,"cells":[{"command":25,"registers":[79,7]}]},{"delay":0,"cells":[{"command":25,"registers":[68,7]}]},{"delay":0,"cells":[{"command":25,"registers":[57,7]}]},{"delay":0,"cells":[{"command":25,"registers":[45,7]}]},{"delay":0,"cells":[{"command":25,"registers":[33,7]}]},{"delay":0,"cells":[{"command":25,"registers":[20,7]}]},{"delay":0,"cells":[{"command":25,"registers":[6,7]}]},{"delay":0,"cells":[{"command":25,"registers":[20,7]}]},{"delay":0,"cells":[{"command":25,"registers":[45,7]}]},{"delay":0,"cells":[{"command":25,"registers":[57,7]}]},{"delay":0,"cells":[{"command":57,"registers":[32,79,135]}]},{"delay":0,"cells":[{"command":25,"registers":[89,7]}]},{"delay":0,"cells":[{"command":25,"registers":[107,7]}]},{"delay":0,"cells":[{"command":25,"registers":[115,7]}]},{"delay":0,"cells":[{"command":57,"registers":[16,131,135]}]},{"delay":0,"cells":[{"command":25,"registers":[138,7]}]},{"delay":0,"cells":[{"command":25,"registers":[151,7]}]},{"delay":0,"cells":[{"command":25,"registers":[157,7]}]},{"delay":0,"cells":[{"command":25,"registers":[167,7]}]},{"delay":0,"cells":[{"command":41,"registers":[0,128]}]},{"delay":0},{"delay":0,"cells":[{"command":7,"registers":[]}]}]}}