{"sound":{"name":"Water Splash","mask":8,"rows":[{"delay":0,"cells":[{"command":59,"registers":[240,52,128]}]},{"delay":0,"cells":[{"command":27,"registers":[23,128]}]},{"delay":0,"cells":[{"command":27,"registers":[20,128]}]},{"delay":0,"cells":[{"command":43,"registers":[112,128]}]},{"delay":0},{"delay":0,"cells":[{"command":43,"registers":[80,128]}]},{"delay":0,"cells":[{"command":27,"registers":[0,128]}]},{"delay":0,"cells":[{"command":43,"registers":[128,128]}]},{"delay":0,"cells":[{"command":43,"registers":[64,128]}]},{"delay":0,"cells":[{"command":43,"registers":[32,128]}]},{"delay":0,"cells":[{"command":43,"registers":[16,128]}]},{"delay":0,"cells":[{"command":43,"registers":[0,128]}]},{"delay":0},{"delay":0,"cells":[{"command":7,"registers":[]}]}]}}