{"song":{"name":"Admin Rights Full","artist":"TipTopTomCat","comment":"https://tiptoptomcat.itch.io/","duty_instruments":[{"name":"Duty1","length":null,"initial_volume":15,"volume_sweep_change":0,"frequency_sweep_time":0,"frequency_sweep_shift":0,"duty_cycle":1},{"name":"Duty2","length":null,"initial_volume":15,"volume_sweep_change":0,"frequency_sweep_time":0,"frequency_sweep_shift":0,"duty_cycle":2},{"name":"Duty3","length":null,"initial_volume":15,"volume_sweep_change":0,"frequency_sweep_time":0,"frequency_sweep_shift":0,"duty_cycle":3},{"name":"Duty4","length":null,"initial_volume":15,"volume_sweep_change":0,"frequency_sweep_time":0,"frequency_sweep_shift":0,"duty_cycle":0},{"name":"Duty5","length":null,"initial_volume":15,"volume_sweep_change":0,"frequency_sweep_time":0,"frequency_sweep_shift":0,"duty_cycle":2},{"name":"Duty6","length":null,"initial_volume":15,"volume_sweep_change":0,"frequency_sweep_time":0,"frequency_sweep_shift":0,"duty_cycle":2},{"name":"Duty7","length":null,"initial_volume":15,"volume_sweep_change":0,"frequency_sweep_time":0,"frequency_sweep_shift":0,"duty_cycle":2},{"name":"Duty8","length":null,"initial_volume":15,"volume_sweep_change":0,"frequency_sweep_time":0,"frequency_sweep_shift":0,"duty_cycle":2},{"name":"Duty9","length":null,"initial_volume":15,"volume_sweep_change":0,"frequency_sweep_time":0,"frequency_sweep_shift":0,"duty_cycle":2},{"name":"Duty10","length":null,"initial_volume":15,"volume_sweep_change":0,"frequency_sweep_time":0,"frequency_sweep_shift":0,"duty_cycle":2},{"name":"Duty11","length":null,"initial_volume":15,"volume_sweep_change":0,"frequency_sweep_time":0,"frequency_sweep_shift":0,"duty_cycle":2},{"name":"Duty12","length":null,"initial_volume":15,"volume_sweep_change":0,"frequency_sweep_time":0,"frequency_sweep_shift":0,"duty_cycle":2},{"name":"Duty13","length":null,"initial_volume":15,"volume_sweep_change":0,"frequency_sweep_time":0,"frequency_sweep_shift":0,"duty_cycle":2},{"name":"Duty14","length":null,"initial_volume":15,"volume_sweep_change":0,"frequency_sweep_time":0,"frequency_sweep_shift":0,"duty_cycle":2},{"name":"Duty15","length":null,"initial_volume":15,"volume_sweep_change":0,"frequency_sweep_time":0,"frequency_sweep_shift":0,"duty_cycle":2}],"wave_instruments":[{"name":"Wave1","length":null,"volume":1,"wave_index":0},{"name":"Wave2","length":null,"volume":1,"wave_index":1},{"name":"Wave3","length":null,"volume":1,"wave_index":2},{"name":"Wave4","length":null,"volume":1,"wave_index":3},{"name":"Wave5","length":null,"volume":1,"wave_index":4},{"name":"Wave6","length":null,"volume":1,"wave_index":5},{"name":"Wave7","length":null,"volume":1,"wave_index":6},{"name":"Wave8","length":null,"volume":1,"wave_index":0},{"name":"Wave9","length":null,"volume":1,"wave_index":1},{"name":"Wave10","length":null,"volume":1,"wave_index":2},{"name":"Wave11","length":null,"volume":1,"wave_index":3},{"name":"Wave12","length":null,"volume":1,"wave_index":4},{"name":"Wave13","length":null,"volume":1,"wave_index":5},{"name":"Wave14","length":null,"volume":1,"wave_index":6},{"name":"Wave15","length":null,"volume":1,"wave_index":7}],"noise_instruments":[{"name":"Noise1","length":null,"initial_volume":15,"volume_sweep_change":0,"shift_clock_mask":0,"dividing_ratio":0,"bit_count":1,"noise_macro":[0,0,0,0,0,0,0,0,0,0,0,0,0,0,0]},{"name":"Noise2","length":null,"initial_volume":15,"volume_sweep_change":0,"shift_clock_mask":0,"dividing_ratio":0,"bit_count":1,"noise_macro":[0,0,0,0,0,0,0,0,0,0,0,0,0,0,0]},{"name":"Noise3","length":null,"initial_volume":15,"volume_sweep_change":0,"shift_clock_mask":0,"dividing_ratio":0,"bit_count":1,"noise_macro":[0,0,0,0,0,0,0,0,0,0,0,0,0,0,0]},{"name":"Noise4","length":null,"initial_volume":15,"volume_sweep_change":0,"shift_clock_mask":0,"dividing_ratio":0,"bit_count":1,"noise_macro":[0,0,0,0,0,0,0,0,0,0,0,0,0,0,0]},{"name":"Noise5","length":null,"initial_volume":15,"volume_sweep_change":0,"shift_clock_mask":0,"dividing_ratio":0,"bit_count":1,"noise_macro":[0,0,0,0,0,0,0,0,0,0,0,0,0,0,0]},{"name":"Noise6","length":null,"initial_volume":15,"volume_sweep_change":0,"shift_clock_mask":0,"dividing_ratio":0,"bit_count":1,"noise_macro":[0,0,0,0,0,0,0,0,0,0,0,0,0,0,0]},{"name":"Noise7","length":null,"initial_volume":15,"volume_sweep_change":0,"shift_clock_mask":0,"dividing_ratio":0,"bit_count":1,"noise_macro":[0,0,0,0,0,0,0,0,0,0,0,0,0,0,0]},{"name":"Noise8","length":null,"initial_volume":15,"volume_sweep_change":0,"shift_clock_mask":0,"dividing_ratio":0,"bit_count":1,"noise_macro":[0,0,0,0,0,0,0,0,0,0,0,0,0,0,0]},{"name":"Noise9","length":null,"initial_volume":15,"volume_sweep_change":0,"shift_clock_mask":0,"dividing_ratio":0,"bit_count":1,"noise_macro":[0,0,0,0,0,0,0,0,0,0,0,0,0,0,0]},{"name":"Noise10","length":null,"initial_volume":15,"volume_sweep_change":0,"shift_clock_mask":0,"dividing_ratio":0,"bit_count":1,"noise_macro":[0,0,0,0,0,0,0,0,0,0,0,0,0,0,0]},{"name":"Noise11","length":null,"initial_volume":15,"volume_sweep_change":0,"shift_clock_mask":0,"dividing_ratio":0,"bit_count":1,"noise_macro":[0,0,0,0,0,0,0,0,0,0,0,0,0,0,0]},{"name":"Noise12","length":null,"initial_volume":15,"volume_sweep_change":0,"shift_clock_mask":0,"dividing_ratio":0,"bit_count":1,"noise_macro":[0,0,0,0,0,0,0,0,0,0,0,0,0,0,0]},{"name":"Noise13","length":null,"initial_volume":15,"volume_sweep_change":0,"shift_clock_mask":0,"dividing_ratio":0,"bit_count":1,"noise_macro":[0,0,0,0,0,0,0,0,0,0,0,0,0,0,0]},{"name":"Noise14","length":null,"initial_volume":15,"volume_sweep_change":0,"shift_clock_mask":0,"dividing_ratio":0,"bit_count":1,"noise_macro":[0,0,0,0,0,0,0,0,0,0,0,0,0,0,0]},{"name":"Noise15","length":null,"initial_volume":15,"volume_sweep_change":0,"shift_clock_mask":0,"dividing_ratio":0,"bit_count":1,"noise_macro":[0,0,0,0,0,0,0,0,0,0,0,0,0,0,0]}],"waves":[[10,5,13,7,12,9,14,1,11,12,9,10,7,6,3,1,0,12,11,10,13,14,6,0,1,11,12,10,0,3,9,3],[15,0,14,1,13,2,12,3,11,4,10,5,9,6,8,7,7,8,6,9,5,10,4,11,3,12,2,13,1,14,0,15],[15,13,14,12,13,11,12,10,11,9,10,8,9,7,8,6,7,9,6,8,5,7,4,6,3,5,2,4,1,3,0,2],[13,14,15,14,13,12,11,10,9,10,10,9,8,7,7,7,8,8,8,7,6,5,5,6,5,4,3,2,1,0,1,2],[10,11,12,13,14,15,14,13,12,11,10,0,1,2,3,14,13,12,11,10,11,12,13,14,15,14,13,12,3,2,1,0],[15,15,14,14,13,13,12,12,11,11,10,10,9,9,8,8,7,7,6,6,5,5,4,4,3,3,2,2,1,1,0,0],[15,15,15,15,15,15,15,15,15,15,15,15,15,15,15,15,0,0,0,0,0,0,0,0,0,0,0,0,0,0,0,0],[7,9,11,12,13,14,14,15,15,15,14,14,13,12,11,9,7,5,4,3,2,1,1,0,0,0,1,1,2,3,4,5],[12,0,2,2,1,10,7,8,13,2,13,9,12,11,7,12,3,4,9,9,9,4,7,13,9,13,5,7,4,13,0,2],[12,9,7,7,12,13,5,11,10,7,6,3,12,3,2,14,13,0,10,8,10,8,3,6,9,5,6,10,0,5,6,5],[2,5,1,4,9,5,8,3,9,4,7,13,7,2,2,10,13,13,2,4,4,6,4,3,10,1,1,7,6,11,14,11],[13,12,1,8,1,4,1,11,13,6,8,2,13,12,14,6,12,12,7,2,10,11,2,0,11,7,6,2,8,14,7,9],[11,1,8,3,0,13,9,4,2,11,6,9,9,8,12,10,11,5,9,2,7,5,2,6,11,5,1,14,5,5,0,0],[0,5,8,11,3,7,9,4,3,13,2,8,9,11,5,4,12,9,7,14,13,1,11,4,13,6,11,2,8,10,6,12],[14,6,1,4,8,0,9,13,4,2,9,7,4,9,3,12,3,1,6,3,10,11,1,6,11,5,12,5,3,6,8,5],[10,12,11,6,0,7,1,13,5,6,14,9,3,6,5,0,0,2,3,7,7,12,14,0,11,8,11,4,12,2,7,5]],"ticks_per_row":7,"orders":[[[[23,4,12,10],[23,4,12,7],[90,0,14,0],[90,0,0,0],[23,4,12,10],[23,4,12,7],[90,0,14,0],[90,0,0,0],[23,4,12,10],[23,4,12,7],[90,0,14,0],[23,4,12,10],[23,4,12,7],[23,4,12,10],[24,4,12,10],[24,4,12,7],[23,4,12,10],[23,4,12,7],[90,0,14,0],[90,0,0,0],[23,4,12,10],[23,4,12,7],[90,0,14,0],[90,0,0,0],[23,4,12,10],[23,4,12,7],[90,0,14,0],[23,4,12,10],[23,4,12,7],[23,4,12,10],[24,4,12,10],[90,0,0,0],[90,0,0,0],[90,0,0,0],[90,0,0,0],[90,0,0,0],[90,0,0,0],[90,0,0,0],[90,0,0,0],[90,0,0,0],[90,0,0,0],[90,0,0,0],[90,0,0,0],[90,0,0,0],[90,0,0,0],[90,0,0,0],[90,0,0,0],[90,0,0,0],[90,0,0,0],[90,0,0,0],[90,0,0,0],[90,0,0,0],[90,0,0,0],[90,0,0,0],[90,0,0,0],[90,0,0,0],[90,0,0,0],[90,0,0,0],[90,0,0,0],[90,0,0,0],[90,0,0,0],[90,0,0,0],[90,0,0,0],[90,0,0,0]],null,null,null,[[23,1,12,10],[90,0,14,0],[26,1,12,10],[90,0,14,0],[28,1,12,10],[90,0,14,0],[23,1,12,10],[90,0,14,0],[26,1,12,10],[90,0,14,0],[27,1,12,10],[28,1,12,10],[90,0,14,0],[28,1,12,10],[90,0,14,0],[90,0,0,0],[23,1,12,10],[90,0,14,0],[26,1,12,10],[90,0,14,0],[28,1,12,10],[90,0,14,0],[23,1,12,10],[90,0,14,0],[26,1,12,10],[90,0,14,0],[27,1,12,10],[28,1,12,10],[90,0,14,0],[28,1,12,10],[28,1,12,10],[28,1,12,7],[21,1,12,10],[90,0,14,0],[24,1,12,10],[90,0,14,0],[26,1,12,10],[90,0,14,0],[21,1,12,10],[90,0,14,0],[24,1,12,10],[90,0,14,0],[25,1,12,10],[26,1,12,10],[90,0,14,0],[26,1,12,10],[90,0,14,0],[90,0,0,0],[21,1,12,10],[90,0,14,0],[24,1,12,10],[90,0,14,0],[26,1,12,10],[90,0,14,0],[21,1,12,10],[90,0,14,0],[24,1,12,10],[90,0,14,0],[25,1,12,10],[26,1,12,10],[90,0,14,0],[26,1,12,10],[26,1,12,10],[26,1,12,7]],null,null,null,null,null,[[21,1,12,10],[21,1,12,7],[21,1,12,5],[21,1,12,3],[90,0,0,0],[21,1,12,2],[90,0,0,0],[21,1,12,1],[21,1,12,10],[21,1,12,7],[14,1,12,10],[16,1,12,10],[16,1,12,7],[18,1,12,10],[18,1,12,7],[19,1,12,10],[19,1,12,7],[19,1,12,5],[19,1,12,3],[90,0,0,0],[19,1,12,2],[90,0,0,0],[19,1,12,1],[90,0,0,0],[19,1,12,10],[19,1,12,7],[18,1,12,10],[16,1,12,10],[16,1,12,7],[14,1,12,10],[14,1,12,7],[14,1,12,5],[26,1,12,10],[26,1,12,7],[26,1,12,5],[21,1,12,10],[21,1,12,7],[21,1,12,5],[21,1,12,3],[90,0,0,0],[21,1,12,2],[90,0,0,0],[21,1,12,1],[14,1,12,10],[14,1,12,7],[14,1,12,5],[26,1,12,10],[26,1,12,7],[26,1,12,5],[21,1,12,10],[21,1,12,7],[21,1,12,5],[21,1,12,3],[90,0,0,0],[21,1,12,2],[90,0,0,0],[21,1,12,10],[90,0,14,0],[90,0,14,0],[21,1,12,10],[90,0,14,0],[21,1,12,10],[21,1,12,7],[21,1,12,3]],null,null,null,null,null,null,[[21,1,12,10],[21,1,12,7],[21,1,12,5],[21,1,12,3],[90,0,0,0],[21,1,12,2],[90,0,0,0],[21,1,12,1],[21,1,12,10],[21,1,12,7],[14,1,12,10],[14,1,12,7],[16,1,12,10],[16,1,12,7],[18,1,12,10],[18,1,12,7],[19,1,12,10],[19,1,12,7],[19,1,12,5],[19,1,12,3],[90,0,0,0],[19,1,12,2],[90,0,0,0],[19,1,12,1],[19,1,12,10],[19,1,12,7],[18,1,12,10],[16,1,12,10],[16,1,12,7],[14,1,12,10],[14,1,12,7],[14,1,12,5],[26,1,12,10],[26,1,12,7],[26,1,12,5],[21,1,12,10],[21,1,12,7],[21,1,12,5],[21,1,12,3],[90,0,0,0],[21,1,12,2],[90,0,0,0],[21,1,12,1],[14,1,12,10],[14,1,12,7],[14,1,12,5],[26,1,12,10],[26,1,12,7],[26,1,12,5],[21,1,12,10],[21,1,12,7],[21,1,12,5],[21,1,12,3],[90,0,0,0],[21,1,12,2],[90,0,0,0],[21,1,12,10],[90,0,14,0],[90,0,14,0],[21,1,12,10],[90,0,14,0],[21,1,12,10],[21,1,12,7],[21,1,12,3]],null,null,null,null,null,[[26,1,12,10],[90,0,14,0],[38,1,12,10],[90,0,14,0],[29,1,12,10],[90,0,14,0],[38,1,12,10],[90,0,14,0],[29,1,12,10],[29,1,12,7],[29,1,12,3],[29,1,12,1],[26,1,12,10],[26,1,12,7],[26,1,12,3],[26,1,12,1],[24,1,12,10],[90,0,14,0],[26,1,12,10],[26,1,12,7],[26,1,12,3],[26,1,12,1],[29,1,12,10],[29,1,12,7],[29,1,12,3],[29,1,12,1],[26,1,12,10],[26,1,12,7],[26,1,12,3],[26,1,12,1],[90,0,0,0],[90,0,0,0],[26,1,12,10],[90,0,14,0],[38,1,12,10],[90,0,14,0],[29,1,12,10],[90,0,14,0],[38,1,12,10],[90,0,14,0],[29,1,12,10],[29,1,12,7],[29,1,12,3],[29,1,12,1],[26,1,12,10],[26,1,12,7],[26,1,12,3],[26,1,12,1],[24,1,12,10],[90,0,14,0],[26,1,12,10],[90,0,14,0],[29,1,12,10],[90,0,14,0],[26,1,12,10],[90,0,14,0],[29,1,12,10],[90,0,14,0],[31,1,12,10],[90,0,14,0],[33,1,12,10],[90,0,14,0],[31,1,12,10],[90,0,14,0]],null,null,null,null,null,null,null,null,null,null,null,null,null,null,null,null,null,null,null,null,null,null,null,null,null,null,null,null,null,null,null,null,null,null,null,null,null,null,null,null,null,null,null,null,null,null,null,null,null,null,null,null,null,null,null,null,null,null,null,null,null,null,null,null,null,null,null,null,null,null,null,null,null,null,null,null,null,null,null,null,null,null,null,null,null,null,null,null,null,null,null,null,null,null,null,null,null,null,null,null,null,null,null,null],[null,[[26,3,12,10],[26,3,12,7],[90,0,14,0],[90,0,0,0],[26,3,12,10],[26,3,12,7],[90,0,14,0],[90,0,0,0],[26,3,12,10],[26,3,12,7],[90,0,14,0],[26,3,12,10],[26,3,12,7],[26,3,12,10],[27,3,12,10],[27,3,12,7],[26,3,12,10],[26,3,12,7],[90,0,14,0],[90,0,0,0],[26,3,12,10],[26,3,12,7],[90,0,14,0],[90,0,0,0],[26,3,12,10],[26,3,12,7],[90,0,14,0],[26,3,12,10],[26,3,12,7],[26,3,12,10],[27,3,12,10],[90,0,0,0],[90,0,0,0],[90,0,0,0],[90,0,0,0],[90,0,0,0],[90,0,0,0],[90,0,0,0],[90,0,0,0],[90,0,0,0],[90,0,0,0],[90,0,0,0],[90,0,0,0],[90,0,0,0],[90,0,0,0],[90,0,0,0],[90,0,0,0],[90,0,0,0],[90,0,0,0],[90,0,0,0],[90,0,0,0],[90,0,0,0],[90,0,0,0],[90,0,0,0],[90,0,0,0],[90,0,0,0],[90,0,0,0],[90,0,0,0],[90,0,0,0],[90,0,0,0],[90,0,0,0],[90,0,0,0],[90,0,0,0],[90,0,0,0]],null,null,null,[[28,3,12,7],[28,3,12,3],[90,0,14,0],[28,3,12,3],[28,3,12,7],[28,3,12,3],[90,0,14,0],[28,3,12,3],[28,3,12,7],[90,0,14,0],[28,3,12,1],[28,3,12,3],[28,3,12,7],[28,3,12,3],[36,3,12,4],[36,3,12,3],[28,3,12,7],[28,3,12,3],[90,0,14,0],[28,3,12,3],[28,3,12,7],[28,3,12,3],[90,0,14,0],[28,3,12,3],[28,3,12,7],[90,0,14,0],[28,3,12,1],[28,3,12,3],[28,3,12,7],[28,3,12,3],[28,3,12,1],[28,3,12,3],[24,3,12,7],[24,3,12,3],[90,0,14,0],[24,3,12,3],[24,3,12,7],[24,3,12,3],[90,0,14,0],[24,3,12,3],[24,3,12,7],[90,0,14,0],[24,3,12,1],[24,3,12,3],[24,3,12,7],[24,3,12,3],[26,3,12,4],[26,3,12,3],[24,3,12,7],[24,3,12,3],[90,0,14,0],[24,3,12,3],[24,3,12,7],[24,3,12,3],[90,0,14,0],[24,3,12,3],[24,3,12,7],[90,0,14,0],[24,3,12,1],[24,3,12,3],[24,3,12,7],[24,3,12,3],[24,3,12,1],[24,3,12,3]],null,null,[[28,3,12,10],[90,0,14,0],[28,3,12,10],[90,0,14,0],[28,3,12,10],[90,0,14,0],[90,0,0,0],[90,0,0,0],[28,3,12,10],[90,0,14,0],[90,0,14,0],[28,3,12,10],[90,0,14,0],[28,3,12,10],[36,3,12,7],[36,3,12,3],[28,3,12,10],[90,0,14,0],[90,0,14,0],[90,0,14,0],[28,3,12,10],[90,0,14,0],[90,0,0,0],[90,0,0,0],[28,3,12,10],[90,0,14,0],[90,0,14,0],[28,3,12,10],[90,0,14,0],[28,3,12,10],[28,3,12,7],[28,3,12,3],[24,3,12,10],[90,0,14,0],[90,0,14,0],[90,0,14,0],[24,3,12,10],[90,0,14,0],[90,0,0,0],[90,0,0,0],[24,3,12,10],[90,0,14,0],[90,0,14,0],[24,3,12,10],[90,0,14,0],[24,3,12,10],[26,3,12,7],[26,3,12,3],[24,3,12,10],[90,0,14,0],[90,0,14,0],[90,0,14,0],[24,3,12,10],[90,0,14,0],[90,0,0,0],[90,0,0,0],[24,3,12,10],[90,0,14,0],[90,0,14,0],[24,3,12,10],[90,0,14,0],[24,3,12,10],[24,3,12,7],[24,3,12,3]],null,null,[[30,3,12,7],[90,0,14,0],[30,3,12,7],[90,0,14,0],[30,3,12,7],[90,0,14,0],[90,0,0,0],[90,0,0,0],[30,3,12,7],[90,0,14,0],[90,0,14,0],[30,3,12,7],[90,0,14,0],[30,3,12,7],[38,3,12,3],[38,3,12,2],[28,3,12,7],[90,0,14,0],[90,0,14,0],[90,0,14,0],[28,3,12,7],[90,0,14,0],[90,0,0,0],[90,0,0,0],[28,3,12,7],[90,0,14,0],[90,0,14,0],[28,3,12,7],[90,0,14,0],[28,3,12,7],[28,3,12,3],[28,3,12,2],[26,3,12,7],[90,0,14,0],[26,3,12,7],[90,0,14,0],[26,3,12,7],[90,0,14,0],[90,0,0,0],[90,0,0,0],[26,3,12,7],[90,0,14,0],[90,0,14,0],[26,3,12,7],[90,0,14,0],[26,3,12,7],[28,3,12,3],[28,3,12,2],[26,3,12,7],[90,0,14,0],[90,0,14,0],[90,0,14,0],[26,3,12,7],[90,0,14,0],[90,0,0,0],[90,0,0,0],[26,3,12,7],[90,0,14,0],[90,0,14,0],[26,3,12,7],[90,0,14,0],[26,3,12,7],[26,3,12,3],[26,3,12,2]],null,null,[[28,3,12,7],[28,3,12,3],[90,0,14,0],[28,3,12,3],[28,3,12,7],[28,3,12,3],[90,0,14,0],[28,3,12,3],[28,3,12,7],[90,0,14,0],[28,3,12,1],[28,3,12,3],[28,3,12,7],[28,3,12,3],[36,3,12,1],[36,3,12,3],[28,3,12,7],[28,3,12,3],[90,0,14,0],[28,3,12,3],[28,3,12,7],[28,3,12,3],[90,0,14,0],[28,3,12,3],[28,3,12,7],[90,0,14,0],[28,3,12,1],[28,3,12,3],[28,3,12,7],[28,3,12,3],[28,3,12,1],[28,3,12,3],[24,3,12,7],[24,3,12,3],[90,0,14,0],[24,3,12,3],[24,3,12,7],[24,3,12,3],[90,0,14,0],[24,3,12,3],[24,3,12,7],[90,0,14,0],[24,3,12,1],[24,3,12,3],[24,3,12,7],[24,3,12,3],[26,3,12,1],[26,3,12,3],[24,3,12,7],[24,3,12,3],[90,0,14,0],[24,3,12,3],[24,3,12,7],[24,3,12,3],[90,0,14,0],[24,3,12,3],[24,3,12,7],[90,0,14,0],[24,3,12,1],[24,3,12,3],[24,3,12,7],[24,3,12,3],[24,3,12,1],[24,3,12,3]],null,null,null,[[28,3,12,7],[28,3,12,3],[90,0,14,0],[28,3,12,3],[28,3,12,7],[28,3,12,3],[90,0,14,0],[28,3,12,3],[28,3,12,7],[90,0,14,0],[28,3,12,1],[28,3,12,3],[28,3,12,7],[28,3,12,3],[28,3,12,1],[28,3,12,3],[26,3,12,7],[26,3,12,3],[90,0,14,0],[26,3,12,3],[26,3,12,7],[26,3,12,3],[90,0,14,0],[26,3,12,3],[26,3,12,7],[90,0,14,0],[26,3,12,1],[26,3,12,3],[26,3,12,7],[26,3,12,3],[26,3,12,1],[26,3,12,3],[30,3,12,7],[30,3,12,3],[90,0,14,0],[30,3,12,3],[30,3,12,7],[30,3,12,3],[90,0,14,0],[30,3,12,3],[30,3,12,7],[90,0,14,0],[30,3,12,1],[30,3,12,3],[30,3,12,7],[30,3,12,3],[30,3,12,1],[30,3,12,3],[26,3,12,7],[26,3,12,3],[90,0,14,0],[26,3,12,3],[26,3,12,7],[26,3,12,3],[90,0,14,0],[26,3,12,3],[26,3,12,7],[90,0,14,0],[26,3,12,1],[26,3,12,3],[26,3,12,7],[26,3,12,3],[26,3,12,1],[26,3,12,3]],null,null,[[28,3,12,10],[90,0,14,0],[28,3,12,10],[90,0,14,0],[28,3,12,10],[90,0,14,0],[90,0,0,0],[90,0,0,0],[28,3,12,10],[28,3,12,7],[90,0,14,0],[28,3,12,10],[90,0,14,0],[28,3,12,10],[36,3,12,7],[36,3,12,3],[28,3,12,10],[28,3,12,2],[28,3,12,10],[28,3,12,2],[28,3,12,10],[28,3,12,2],[28,3,12,10],[28,3,12,2],[28,3,12,10],[28,3,12,2],[90,0,14,0],[28,3,12,10],[90,0,14,0],[28,3,12,10],[36,3,12,7],[36,3,12,3],[24,3,12,10],[90,0,14,0],[24,3,12,10],[90,0,14,0],[24,3,12,10],[90,0,14,0],[90,0,0,0],[90,0,0,0],[24,3,12,10],[24,3,12,7],[90,0,14,0],[24,3,12,10],[90,0,14,0],[24,3,12,10],[26,3,12,7],[26,3,12,3],[24,3,12,10],[24,3,12,2],[24,3,12,10],[24,3,12,2],[24,3,12,10],[24,3,12,2],[24,3,12,10],[24,3,12,2],[24,3,12,10],[24,3,12,2],[90,0,14,0],[24,3,12,10],[90,0,14,0],[24,3,12,10],[24,3,12,7],[24,3,12,3]],null,null,[[33,3,12,7],[33,3,12,3],[90,0,14,0],[33,3,12,3],[33,3,12,7],[33,3,12,3],[90,0,14,0],[33,3,12,3],[33,3,12,7],[90,0,14,0],[33,3,12,1],[33,3,12,3],[33,3,12,7],[33,3,12,3],[38,3,12,1],[38,3,12,3],[33,3,12,7],[33,3,12,3],[90,0,14,0],[33,3,12,3],[33,3,12,7],[33,3,12,3],[90,0,14,0],[33,3,12,3],[33,3,12,7],[90,0,14,0],[33,3,12,1],[33,3,12,3],[33,3,12,7],[33,3,12,3],[33,3,12,1],[33,3,12,3],[31,3,12,7],[31,3,12,3],[90,0,14,0],[31,3,12,3],[31,3,12,7],[31,3,12,3],[90,0,14,0],[31,3,12,3],[31,3,12,7],[90,0,14,0],[31,3,12,1],[31,3,12,3],[31,3,12,7],[31,3,12,3],[36,3,12,1],[36,3,12,3],[31,3,12,7],[31,3,12,3],[90,0,14,0],[31,3,12,3],[31,3,12,7],[31,3,12,3],[90,0,14,0],[31,3,12,3],[31,3,12,7],[90,0,14,0],[31,3,12,1],[31,3,12,3],[31,3,12,7],[31,3,12,3],[31,3,12,1],[31,3,12,3]],null,[[33,3,12,10],[90,0,14,0],[33,3,12,10],[90,0,14,0],[33,3,12,10],[90,0,14,0],[90,0,0,0],[90,0,0,0],[33,3,12,10],[90,0,14,0],[90,0,14,0],[33,3,12,10],[90,0,14,0],[33,3,12,10],[38,3,12,7],[38,3,12,3],[33,3,12,10],[90,0,14,0],[90,0,14,0],[90,0,14,0],[33,3,12,10],[90,0,14,0],[90,0,0,0],[90,0,0,0],[33,3,12,10],[90,0,14,0],[90,0,14,0],[33,3,12,10],[90,0,14,0],[33,3,12,10],[33,3,12,7],[33,3,12,3],[31,3,12,10],[90,0,14,0],[90,0,14,0],[90,0,14,0],[31,3,12,10],[90,0,14,0],[90,0,0,0],[90,0,0,0],[31,3,12,10],[90,0,14,0],[90,0,14,0],[31,3,12,10],[90,0,14,0],[31,3,12,10],[36,3,12,7],[36,3,12,3],[31,3,12,10],[90,0,14,0],[90,0,14,0],[90,0,14,0],[31,3,12,10],[90,0,14,0],[90,0,0,0],[90,0,0,0],[31,3,12,7],[90,0,14,0],[90,0,14,0],[31,3,12,7],[90,0,14,0],[31,3,12,7],[31,3,12,6],[31,3,12,3]],null,null,null,null,null,null,null,null,null,null,null,null,null,null,null,null,null,null,null,null,null,null,null,null,null,null,null,null,null,null,null,null,null,null,null,null,null,null,null,null,null,null,null,null,null,null,null,null,null,null,null,null,null,null,null,null,null,null,null,null,null,null,null,null,null,null,null,null,null,null,null,null,null,null,null,null,null,null,null,null,null,null,null,null,null,null,null,null,null,null,null,null,null,null,null,null,null,null,null,null,null],[null,null,[[31,11,12,15],[31,11,12,8],[16,11,12,8],[90,0,0,0],[31,11,12,15],[31,11,12,8],[16,11,12,8],[90,0,0,0],[31,11,12,15],[16,11,12,8],[90,0,0,0],[31,11,12,15],[31,11,12,8],[31,11,12,15],[32,11,12,15],[32,11,12,8],[31,11,12,15],[31,11,12,8],[16,11,12,8],[90,0,0,0],[31,11,12,15],[31,11,12,8],[16,11,12,8],[90,0,0,0],[31,11,12,15],[16,11,12,8],[90,0,0,0],[31,11,12,15],[31,11,12,8],[31,11,12,15],[32,11,12,15],[90,0,11,2],[90,0,0,0],[90,0,0,0],[90,0,0,0],[90,0,0,0],[90,0,0,0],[90,0,0,0],[90,0,0,0],[90,0,0,0],[90,0,0,0],[90,0,0,0],[90,0,0,0],[90,0,0,0],[90,0,0,0],[90,0,0,0],[90,0,0,0],[90,0,0,0],[90,0,0,0],[90,0,0,0],[90,0,0,0],[90,0,0,0],[90,0,0,0],[90,0,0,0],[90,0,0,0],[90,0,0,0],[90,0,0,0],[90,0,0,0],[90,0,0,0],[90,0,0,0],[90,0,0,0],[90,0,0,0],[90,0,0,0],[90,0,0,0]],null,null,null,[[31,11,12,15],[31,11,12,8],[16,11,12,8],[90,0,0,0],[31,11,12,15],[31,11,12,8],[16,11,12,8],[90,0,0,0],[31,11,12,15],[16,11,12,8],[90,0,0,0],[31,11,12,15],[31,11,12,8],[31,11,12,15],[32,11,12,15],[32,11,12,8],[31,11,12,15],[31,11,12,8],[16,11,12,8],[90,0,0,0],[31,11,12,15],[31,11,12,8],[16,11,12,8],[90,0,0,0],[31,11,12,15],[16,11,12,8],[90,0,0,0],[31,11,12,15],[31,11,12,8],[31,11,12,15],[32,11,12,15],[32,11,12,8],[29,11,12,15],[29,11,12,8],[14,11,12,8],[90,0,0,0],[29,11,12,15],[29,11,12,8],[14,11,12,8],[90,0,0,0],[29,11,12,15],[14,11,12,8],[90,0,0,0],[29,11,12,15],[29,11,12,8],[29,11,12,15],[28,11,12,15],[28,11,12,8],[29,11,12,15],[29,11,12,8],[14,11,12,8],[90,0,0,0],[29,11,12,15],[29,11,12,8],[14,11,12,8],[90,0,0,0],[29,11,12,15],[14,11,12,8],[90,0,0,0],[29,11,12,15],[29,11,12,8],[29,11,12,15],[30,11,12,15],[30,11,12,8]],null,null,null,null,null,[[33,11,12,15],[33,11,12,8],[18,11,12,8],[90,0,0,0],[33,11,12,15],[33,11,12,8],[18,11,12,8],[90,0,0,0],[33,11,12,15],[18,11,12,8],[90,0,0,0],[33,11,12,15],[33,11,12,8],[33,11,12,15],[34,11,12,15],[34,11,12,8],[31,11,12,15],[31,11,12,8],[16,11,12,8],[90,0,0,0],[31,11,12,15],[31,11,12,8],[16,11,12,8],[90,0,0,0],[31,11,12,15],[16,11,12,8],[90,0,0,0],[31,11,12,15],[31,11,12,8],[31,11,12,15],[32,11,12,15],[32,11,12,8],[29,11,12,15],[29,11,12,8],[14,11,12,8],[90,0,0,0],[29,11,12,15],[29,11,12,8],[14,11,12,8],[90,0,0,0],[29,11,12,15],[14,11,12,8],[90,0,0,0],[29,11,12,15],[29,11,12,8],[29,11,12,15],[28,11,12,15],[28,11,12,8],[29,11,12,15],[29,11,12,8],[14,11,12,8],[90,0,0,0],[29,11,12,15],[29,11,12,8],[14,11,12,8],[90,0,0,0],[29,11,12,15],[14,11,12,8],[90,0,0,0],[29,11,12,15],[29,11,12,8],[29,11,12,15],[30,11,12,15],[30,11,12,8]],null,null,[[43,11,12,15],[43,11,12,8],[28,11,12,8],[90,0,0,0],[43,11,12,15],[43,11,12,8],[28,11,12,8],[90,0,0,0],[43,11,12,15],[28,11,12,8],[90,0,0,0],[43,11,12,15],[43,11,12,8],[43,11,12,15],[44,11,12,15],[44,11,12,8],[43,11,12,15],[43,11,12,8],[28,11,12,8],[90,0,0,0],[43,11,12,15],[43,11,12,8],[28,11,12,8],[90,0,0,0],[43,11,12,15],[28,11,12,8],[90,0,0,0],[43,11,12,15],[43,11,12,8],[43,11,12,15],[44,11,12,15],[44,11,12,8],[41,11,12,15],[41,11,12,8],[26,11,12,8],[90,0,0,0],[41,11,12,15],[41,11,12,8],[26,11,12,8],[90,0,0,0],[41,11,12,15],[26,11,12,8],[90,0,0,0],[41,11,12,15],[41,11,12,8],[41,11,12,15],[40,11,12,15],[40,11,12,8],[41,11,12,15],[41,11,12,8],[26,11,12,8],[90,0,0,0],[41,11,12,15],[41,11,12,8],[26,11,12,8],[90,0,0,0],[41,11,12,15],[26,11,12,8],[90,0,0,0],[41,11,12,15],[41,11,12,8],[41,11,12,15],[42,11,12,15],[42,11,12,8]],[[43,11,12,15],[43,11,12,8],[28,11,12,8],[90,0,0,0],[43,11,12,15],[43,11,12,8],[28,11,12,8],[90,0,0,0],[43,11,12,15],[28,11,12,8],[90,0,0,0],[43,11,12,15],[43,11,12,8],[43,11,12,15],[44,11,12,15],[44,11,12,8],[43,11,12,15],[43,11,12,8],[28,11,12,8],[90,0,0,0],[43,11,12,15],[43,11,12,8],[28,11,12,8],[90,0,0,0],[43,11,12,15],[28,11,12,8],[90,0,0,0],[43,11,12,15],[43,11,12,8],[43,11,12,15],[44,11,12,15],[44,11,12,8],[41,11,12,15],[41,11,12,8],[26,11,12,8],[90,0,0,0],[41,11,12,15],[41,11,12,8],[26,11,12,8],[90,0,0,0],[41,11,12,15],[26,11,12,8],[90,0,0,0],[41,11,12,15],[41,11,12,8],[41,11,12,15],[40,11,12,15],[40,11,12,8],[41,11,12,15],[41,11,12,8],[26,11,12,8],[90,0,0,0],[41,11,12,15],[41,11,12,8],[26,11,12,8],[90,0,0,0],[41,11,12,15],[26,11,12,8],[90,0,0,0],[41,11,12,15],[41,11,12,8],[41,11,12,15],[42,11,14,0],[90,0,0,0]],null,null,[[33,11,12,15],[33,11,12,8],[18,11,12,8],[90,0,0,0],[33,11,12,15],[33,11,12,8],[18,11,12,8],[90,0,0,0],[33,11,12,15],[18,11,12,8],[90,0,0,0],[33,11,12,15],[33,11,12,8],[33,11,12,15],[34,11,12,15],[34,11,12,8],[31,11,12,15],[31,11,12,8],[16,11,12,8],[90,0,0,0],[31,11,12,15],[31,11,12,8],[16,11,12,8],[90,0,0,0],[31,11,12,15],[16,11,12,8],[90,0,0,0],[31,11,12,15],[31,11,12,8],[31,11,12,15],[32,11,12,15],[32,11,12,8],[33,11,12,15],[33,11,12,8],[18,11,12,8],[90,0,0,0],[33,11,12,15],[33,11,12,8],[18,11,12,8],[90,0,0,0],[33,11,12,15],[18,11,12,8],[90,0,0,0],[33,11,12,15],[33,11,12,8],[33,11,12,15],[32,11,12,15],[32,11,12,8],[33,11,12,15],[33,11,12,8],[18,11,12,8],[90,0,0,0],[33,11,12,15],[33,11,12,8],[18,11,12,8],[90,0,0,0],[33,11,12,15],[18,11,12,8],[90,0,0,0],[33,11,12,15],[33,11,12,8],[33,11,12,15],[34,11,12,15],[34,11,12,8]],null,null,null,null,null,[[29,11,12,15],[29,11,12,8],[14,11,12,8],[90,0,0,0],[29,11,12,15],[29,11,12,8],[14,11,12,8],[90,0,0,0],[29,11,12,15],[14,11,12,8],[90,0,0,0],[29,11,12,15],[29,11,12,8],[29,11,12,15],[31,11,12,15],[31,11,12,8],[29,11,12,15],[29,11,12,8],[14,11,12,8],[90,0,0,0],[29,11,12,15],[29,11,12,8],[14,11,12,8],[90,0,0,0],[29,11,12,15],[14,11,12,8],[90,0,0,0],[29,11,12,15],[29,11,12,8],[29,11,12,15],[31,11,12,15],[31,11,12,8],[27,11,12,15],[27,11,12,8],[12,11,12,8],[90,0,0,0],[27,11,12,15],[27,11,12,8],[12,11,12,8],[90,0,0,0],[27,11,12,15],[12,11,12,8],[90,0,0,0],[27,11,12,15],[27,11,12,8],[27,11,12,15],[29,11,12,15],[29,11,12,8],[27,11,12,15],[27,11,12,8],[12,11,12,8],[90,0,0,0],[27,11,12,15],[27,11,12,8],[12,11,12,8],[90,0,0,0],[27,11,12,15],[12,11,12,8],[90,0,0,0],[27,11,12,15],[27,11,12,8],[27,11,12,15],[29,11,12,15],[29,11,12,8]],null,null,null,null,null,null,null,null,null,null,null,null,null,null,null,null,null,null,null,null,null,null,null,null,null,null,null,null,null,null,null,null,null,null,null,null,null,null,null,null,null,null,null,null,null,null,null,null,null,null,null,null,null,null,null,null,null,null,null,null,null,null,null,null,null,null,null,null,null,null,null,null,null,null,null,null,null,null,null,null,null,null,null,null,null,null,null,null,null,null,null,null,null,null,null,null,null,null,null,null,null,null],[null,null,null,[[90,0,15,8],[90,0,0,0],[90,0,0,0],[90,0,0,0],[90,0,0,0],[90,0,0,0],[90,0,0,0],[90,0,0,0],[90,0,0,0],[90,0,0,0],[90,0,0,0],[90,0,0,0],[90,0,0,0],[90,0,0,0],[90,0,0,0],[90,0,0,0],[90,0,0,0],[90,0,0,0],[90,0,0,0],[90,0,0,0],[90,0,0,0],[90,0,0,0],[90,0,0,0],[90,0,0,0],[90,0,0,0],[90,0,0,0],[90,0,0,0],[90,0,0,0],[90,0,0,0],[90,0,0,0],[90,0,0,0],[90,0,0,0],[90,0,0,0],[90,0,0,0],[90,0,0,0],[90,0,0,0],[90,0,0,0],[90,0,0,0],[90,0,0,0],[90,0,0,0],[90,0,0,0],[90,0,0,0],[90,0,0,0],[90,0,0,0],[90,0,0,0],[90,0,0,0],[90,0,0,0],[90,0,0,0],[90,0,0,0],[90,0,0,0],[90,0,0,0],[90,0,0,0],[90,0,0,0],[90,0,0,0],[90,0,0,0],[90,0,0,0],[90,0,0,0],[90,0,0,0],[90,0,0,0],[90,0,0,0],[90,0,0,0],[90,0,0,0],[90,0,0,0],[90,0,0,0]],null,null,null,[[32,1,14,2],[90,0,0,0],[90,0,0,0],[90,0,0,0],[90,1,14,2],[90,0,0,0],[90,0,0,0],[90,0,0,0],[32,1,14,2],[90,0,0,0],[90,0,0,0],[32,1,14,2],[90,1,14,2],[90,0,0,0],[90,1,14,2],[90,0,0,0],[32,1,14,2],[90,0,0,0],[90,0,0,0],[90,0,0,0],[90,1,14,2],[90,0,0,0],[90,0,0,0],[90,0,0,0],[32,1,14,2],[90,0,0,0],[90,0,0,0],[32,1,14,2],[90,1,14,2],[90,0,0,0],[90,1,14,2],[90,0,0,0],[32,1,14,2],[90,0,0,0],[90,0,0,0],[90,0,0,0],[90,1,14,2],[90,0,0,0],[90,0,0,0],[90,0,0,0],[32,1,14,2],[90,0,0,0],[90,0,0,0],[32,1,14,2],[90,1,14,2],[90,0,0,0],[90,1,14,2],[90,0,0,0],[32,1,14,2],[90,0,0,0],[90,0,0,0],[90,0,0,0],[90,1,14,2],[90,0,0,0],[90,0,0,0],[90,0,0,0],[32,1,14,2],[90,0,0,0],[90,0,0,0],[32,1,14,2],[90,1,14,2],[90,0,0,0],[90,1,14,2],[90,0,0,0]],null,[[32,1,14,2],[90,0,0,0],[32,1,14,2],[90,0,0,0],[90,1,14,2],[90,0,0,0],[32,1,14,2],[90,0,0,0],[32,1,14,2],[90,0,0,0],[90,1,14,2],[90,0,0,0],[90,1,14,2],[90,0,0,0],[90,1,14,2],[90,0,0,0],[32,1,14,2],[90,0,0,0],[32,1,14,2],[90,0,0,0],[90,1,14,2],[90,0,0,0],[32,1,14,2],[37,1,14,2],[90,0,0,0],[32,1,14,2],[37,1,14,2],[90,0,0,0],[90,1,14,2],[90,0,0,0],[90,1,14,2],[90,0,0,0],[32,1,14,2],[90,0,0,0],[32,1,14,2],[90,0,0,0],[90,1,14,2],[90,0,0,0],[32,1,14,2],[90,0,0,0],[32,1,14,2],[90,0,0,0],[90,1,14,2],[90,0,0,0],[90,1,14,2],[90,0,0,0],[90,1,14,2],[90,0,0,0],[32,1,14,2],[90,0,0,0],[32,1,14,2],[90,0,0,0],[90,1,14,2],[90,0,0,0],[32,1,14,2],[37,1,14,2],[90,0,0,0],[32,1,14,2],[37,1,14,2],[90,0,0,0],[90,1,14,2],[90,0,0,0],[90,1,14,2],[90,0,0,0]],null,null,null,[[32,1,14,2],[90,0,0,0],[90,0,0,0],[90,0,0,0],[90,1,14,2],[90,0,0,0],[90,0,0,0],[90,0,0,0],[32,1,14,2],[90,0,0,0],[90,0,0,0],[90,0,0,0],[90,1,14,2],[90,0,0,0],[90,1,14,2],[90,0,0,0],[32,1,14,2],[90,0,0,0],[90,0,0,0],[90,0,0,0],[90,1,14,2],[90,0,0,0],[90,0,0,0],[90,0,0,0],[32,1,14,2],[90,0,0,0],[90,0,0,0],[90,0,0,0],[90,1,14,2],[90,0,0,0],[90,1,14,2],[90,0,0,0],[32,1,14,2],[90,0,0,0],[90,0,0,0],[90,0,0,0],[90,1,14,2],[90,0,0,0],[90,0,0,0],[90,0,0,0],[32,1,14,2],[90,0,0,0],[90,0,0,0],[90,0,0,0],[90,1,14,2],[90,0,0,0],[90,1,14,2],[90,0,0,0],[32,1,14,2],[90,0,0,0],[90,0,0,0],[90,0,0,0],[90,1,14,2],[90,0,0,0],[90,0,0,0],[90,0,0,0],[32,1,14,2],[90,0,0,0],[90,0,0,0],[32,1,14,2],[90,1,14,2],[90,0,0,0],[90,1,14,2],[90,0,0,0]],null,null,null,null,null,null,[[32,1,14,2],[90,0,0,0],[32,1,14,2],[90,0,0,0],[90,1,14,2],[90,0,0,0],[32,1,14,2],[90,0,0,0],[32,1,14,2],[90,0,0,0],[90,1,14,2],[90,0,0,0],[90,1,14,2],[90,0,0,0],[90,1,14,2],[90,0,0,0],[32,1,14,2],[90,0,0,0],[32,1,14,2],[90,0,0,0],[90,1,14,2],[90,0,0,0],[90,0,0,0],[90,0,0,0],[32,1,14,2],[90,0,0,0],[90,1,14,2],[90,0,0,0],[90,1,14,2],[90,0,0,0],[90,0,0,0],[90,0,0,0],[32,1,14,2],[90,0,0,0],[32,1,14,2],[90,0,0,0],[90,1,14,2],[90,0,0,0],[32,1,14,2],[90,0,0,0],[32,1,14,2],[90,0,0,0],[90,1,14,2],[90,0,0,0],[90,1,14,2],[90,0,0,0],[90,1,14,2],[90,0,0,0],[32,1,14,2],[90,0,0,0],[32,1,14,2],[90,0,0,0],[90,1,14,2],[90,0,0,0],[90,0,0,0],[90,0,0,0],[32,1,14,2],[90,0,0,0],[90,1,14,2],[90,0,0,0],[90,1,14,2],[90,0,0,0],[90,0,0,0],[90,0,0,0]],null,[[32,1,14,2],[90,0,0,0],[32,1,14,2],[90,0,0,0],[90,1,14,2],[90,0,0,0],[32,1,14,2],[90,0,0,0],[32,1,14,2],[90,0,0,0],[90,1,14,2],[90,0,0,0],[90,1,14,2],[90,0,0,0],[90,1,14,2],[90,0,0,0],[32,1,14,2],[90,0,0,0],[32,1,14,2],[90,0,0,0],[90,1,14,2],[90,0,0,0],[32,1,14,2],[90,0,0,0],[90,0,0,0],[90,0,0,0],[90,0,0,0],[32,1,14,2],[90,1,14,2],[90,0,0,0],[90,1,14,2],[90,0,0,0],[32,1,14,2],[90,0,0,0],[32,1,14,2],[90,0,0,0],[90,1,14,2],[90,0,0,0],[32,1,14,2],[90,0,0,0],[32,1,14,2],[90,0,0,0],[90,1,14,2],[90,0,0,0],[90,1,14,2],[90,0,0,0],[90,1,14,2],[90,0,0,0],[32,1,14,2],[90,0,0,0],[32,1,14,2],[90,0,0,0],[90,1,14,2],[90,0,0,0],[32,1,14,2],[90,0,0,0],[90,0,0,0],[90,0,0,0],[90,0,0,0],[32,1,14,2],[90,1,14,2],[90,0,0,0],[90,1,14,2],[90,0,0,0]],null,null,null,null,[[32,1,14,2],[90,0,0,0],[90,0,0,0],[90,0,0,0],[90,1,14,2],[90,0,0,0],[90,0,0,0],[90,0,0,0],[32,1,14,2],[90,0,0,0],[90,0,0,0],[32,1,14,2],[90,1,14,2],[90,0,0,0],[90,1,14,2],[90,0,0,0],[32,1,14,2],[90,0,0,0],[90,0,0,0],[90,0,0,0],[90,1,14,2],[90,0,0,0],[90,0,0,0],[90,0,0,0],[32,1,14,2],[90,0,0,0],[90,0,0,0],[32,1,14,2],[90,1,14,2],[90,0,0,0],[90,1,14,2],[90,0,0,0],[32,1,14,2],[90,0,0,0],[90,0,0,0],[90,0,0,0],[90,1,14,2],[90,0,0,0],[90,0,0,0],[90,0,0,0],[32,1,14,2],[90,0,0,0],[90,0,0,0],[32,1,14,2],[90,1,14,2],[90,0,0,0],[90,1,14,2],[90,0,0,0],[32,1,14,2],[90,0,0,0],[90,0,0,0],[90,0,0,0],[90,1,14,2],[90,0,0,0],[90,0,0,0],[90,0,0,0],[32,1,14,2],[90,0,0,0],[90,0,0,0],[32,1,14,2],[90,1,14,2],[90,0,0,0],[90,1,14,2],[90,0,11,3]],null,null,null,null,null,null,null,null,null,null,null,null,null,null,null,null,null,null,null,null,null,null,null,null,null,null,null,null,null,null,null,null,null,null,null,null,null,null,null,null,null,null,null,null,null,null,null,null,null,null,null,null,null,null,null,null,null,null,null,null,null,null,null,null,null,null,null,null,null,null,null,null,null,null,null,null,null,null,null,null,null,null,null,null,null,null,null,null,null,null,null,null,null,null,null,null,null,null,null,null]],"channels":[[0,4,4,4,10,17,4,4,23,23],[1,5,8,21,11,18,14,8,24,26],[2,6,6,6,12,19,15,16,25,25],[3,7,9,22,13,20,7,9,7,27]]}}