{"song":{"name":"Claimed","artist":"TipTopTomCat","comment":"https://tiptoptomcat.itch.io/","duty_instruments":[{"name":"Duty1","length":null,"initial_volume":15,"volume_sweep_change":0,"frequency_sweep_time":0,"frequency_sweep_shift":0,"duty_cycle":1},{"name":"Duty2","length":null,"initial_volume":15,"volume_sweep_change":0,"frequency_sweep_time":0,"frequency_sweep_shift":0,"duty_cycle":2},{"name":"Duty3","length":null,"initial_volume":15,"volume_sweep_change":0,"frequency_sweep_time":0,"frequency_sweep_shift":0,"duty_cycle":3},{"name":"Duty4","length":null,"initial_volume":15,"volume_sweep_change":0,"frequency_sweep_time":0,"frequency_sweep_shift":0,"duty_cycle":0},{"name":"Duty5","length":null,"initial_volume":15,"volume_sweep_change":0,"frequency_sweep_time":0,"frequency_sweep_shift":0,"duty_cycle":2},{"name":"Duty6","length":null,"initial_volume":15,"volume_sweep_change":0,"frequency_sweep_time":0,"frequency_sweep_shift":0,"duty_cycle":2},{"name":"Duty7","length":null,"initial_volume":15,"volume_sweep_change":0,"frequency_sweep_time":0,"frequency_sweep_shift":0,"duty_cycle":2},{"name":"Duty8","length":null,"initial_volume":15,"volume_sweep_change":0,"frequency_sweep_time":0,"frequency_sweep_shift":0,"duty_cycle":2},{"name":"Duty9","length":null,"initial_volume":15,"volume_sweep_change":0,"frequency_sweep_time":0,"frequency_sweep_shift":0,"duty_cycle":2},{"name":"Duty10","length":null,"initial_volume":15,"volume_sweep_change":0,"frequency_sweep_time":0,"frequency_sweep_shift":0,"duty_cycle":2},{"name":"Duty11","length":null,"initial_volume":15,"volume_sweep_change":0,"frequency_sweep_time":0,"frequency_sweep_shift":0,"duty_cycle":2},{"name":"Duty12","length":null,"initial_volume":15,"volume_sweep_change":0,"frequency_sweep_time":0,"frequency_sweep_shift":0,"duty_cycle":2},{"name":"Duty13","length":null,"initial_volume":15,"volume_sweep_change":0,"frequency_sweep_time":0,"frequency_sweep_shift":0,"duty_cycle":2},{"name":"Duty14","length":null,"initial_volume":15,"volume_sweep_change":0,"frequency_sweep_time":0,"frequency_sweep_shift":0,"duty_cycle":2},{"name":"Duty15","length":null,"initial_volume":15,"volume_sweep_change":0,"frequency_sweep_time":0,"frequency_sweep_shift":0,"duty_cycle":2}],"wave_instruments":[{"name":"Wave1","length":null,"volume":1,"wave_index":0},{"name":"Wave2","length":null,"volume":1,"wave_index":1},{"name":"Wave3","length":null,"volume":1,"wave_index":2},{"name":"Wave4","length":null,"volume":1,"wave_index":3},{"name":"Wave5","length":null,"volume":1,"wave_index":4},{"name":"Wave6","length":null,"volume":1,"wave_index":5},{"name":"Wave7","length":null,"volume":1,"wave_index":6},{"name":"Wave8","length":null,"volume":1,"wave_index":0},{"name":"Wave9","length":null,"volume":1,"wave_index":1},{"name":"Wave10","length":null,"volume":1,"wave_index":2},{"name":"Wave11","length":null,"volume":1,"wave_index":3},{"name":"Wave12","length":null,"volume":1,"wave_index":4},{"name":"Wave13","length":null,"volume":1,"wave_index":5},{"name":"Wave14","length":null,"volume":1,"wave_index":6},{"name":"Wave15","length":null,"volume":1,"wave_index":7}],"noise_instruments":[{"name":"Noise1","length":null,"initial_volume":15,"volume_sweep_change":0,"shift_clock_mask":0,"dividing_ratio":0,"bit_count":1,"noise_macro":[0,0,0,0,0,0,0,0,0,0,0,0,0,0,0]},{"name":"Noise2","length":null,"initial_volume":15,"volume_sweep_change":0,"shift_clock_mask":0,"dividing_ratio":0,"bit_count":1,"noise_macro":[0,0,0,0,0,0,0,0,0,0,0,0,0,0,0]},{"name":"Noise3","length":null,"initial_volume":15,"volume_sweep_change":0,"shift_clock_mask":0,"dividing_ratio":0,"bit_count":1,"noise_macro":[0,0,0,0,0,0,0,0,0,0,0,0,0,0,0]},{"name":"Noise4","length":null,"initial_volume":15,"volume_sweep_change":0,"shift_clock_mask":0,"dividing_ratio":0,"bit_count":1,"noise_macro":[0,0,0,0,0,0,0,0,0,0,0,0,0,0,0]},{"name":"Noise5","length":null,"initial_volume":15,"volume_sweep_change":0,"shift_clock_mask":0,"dividing_ratio":0,"bit_count":1,"noise_macro":[0,0,0,0,0,0,0,0,0,0,0,0,0,0,0]},{"name":"Noise6","length":null,"initial_volume":15,"volume_sweep_change":0,"shift_clock_mask":0,"dividing_ratio":0,"bit_count":1,"noise_macro":[0,0,0,0,0,0,0,0,0,0,0,0,0,0,0]},{"name":"Noise7","length":null,"initial_volume":15,"volume_sweep_change":0,"shift_clock_mask":0,"dividing_ratio":0,"bit_count":1,"noise_macro":[0,0,0,0,0,0,0,0,0,0,0,0,0,0,0]},{"name":"Noise8","length":null,"initial_volume":15,"volume_sweep_change":0,"shift_clock_mask":0,"dividing_ratio":0,"bit_count":1,"noise_macro":[0,0,0,0,0,0,0,0,0,0,0,0,0,0,0]},{"name":"Noise9","length":null,"initial_volume":15,"volume_sweep_change":0,"shift_clock_mask":0,"dividing_ratio":0,"bit_count":1,"noise_macro":[0,0,0,0,0,0,0,0,0,0,0,0,0,0,0]},{"name":"Noise10","length":null,"initial_volume":15,"volume_sweep_change":0,"shift_clock_mask":0,"dividing_ratio":0,"bit_count":1,"noise_macro":[0,0,0,0,0,0,0,0,0,0,0,0,0,0,0]},{"name":"Noise11","length":null,"initial_volume":15,"volume_sweep_change":0,"shift_clock_mask":0,"dividing_ratio":0,"bit_count":1,"noise_macro":[0,0,0,0,0,0,0,0,0,0,0,0,0,0,0]},{"name":"Noise12","length":null,"initial_volume":15,"volume_sweep_change":0,"shift_clock_mask":0,"dividing_ratio":0,"bit_count":1,"noise_macro":[0,0,0,0,0,0,0,0,0,0,0,0,0,0,0]},{"name":"Noise13","length":null,"initial_volume":15,"volume_sweep_change":0,"shift_clock_mask":0,"dividing_ratio":0,"bit_count":1,"noise_macro":[0,0,0,0,0,0,0,0,0,0,0,0,0,0,0]},{"name":"Noise14","length":null,"initial_volume":15,"volume_sweep_change":0,"shift_clock_mask":0,"dividing_ratio":0,"bit_count":1,"noise_macro":[0,0,0,0,0,0,0,0,0,0,0,0,0,0,0]},{"name":"Noise15","length":null,"initial_volume":15,"volume_sweep_change":0,"shift_clock_mask":0,"dividing_ratio":0,"bit_count":1,"noise_macro":[0,0,0,0,0,0,0,0,0,0,0,0,0,0,0]}],"waves":[[10,5,13,7,12,9,14,1,11,12,9,10,7,6,3,1,0,12,11,10,13,14,6,0,1,11,12,10,0,3,9,3],[15,0,14,1,13,2,12,3,11,4,10,5,9,6,8,7,7,8,6,9,5,10,4,11,3,12,2,13,1,14,0,15],[15,13,14,12,13,11,12,10,11,9,10,8,9,7,8,6,7,9,6,8,5,7,4,6,3,5,2,4,1,3,0,2],[13,14,15,14,13,12,11,10,9,10,10,9,8,7,7,7,8,8,8,7,6,5,5,6,5,4,3,2,1,0,1,2],[10,11,12,13,14,15,14,13,12,11,10,0,1,2,3,14,13,12,11,10,11,12,13,14,15,14,13,12,3,2,1,0],[15,15,14,14,13,13,12,12,11,11,10,10,9,9,8,8,7,7,6,6,5,5,4,4,3,3,2,2,1,1,0,0],[15,15,15,15,15,15,15,15,15,15,15,15,15,15,15,15,0,0,0,0,0,0,0,0,0,0,0,0,0,0,0,0],[7,9,11,12,13,14,14,15,15,15,14,14,13,12,11,9,7,5,4,3,2,1,1,0,0,0,1,1,2,3,4,5],[3,4,2,2,0,0,6,6,1,9,5,5,13,2,9,3,3,3,4,7,0,3,1,5,2,2,10,11,10,6,0,13],[3,11,14,13,13,7,14,7,10,12,10,14,9,4,0,0,3,7,6,10,7,5,10,0,3,9,14,12,13,0,6,13],[3,0,7,13,6,3,3,10,14,13,0,6,2,9,7,10,9,13,0,13,13,13,11,3,14,13,5,6,3,1,3,4],[12,5,9,5,5,10,11,6,12,5,6,10,1,11,7,10,13,8,1,13,6,5,5,2,4,1,5,8,9,5,14,4],[6,10,4,0,1,3,1,10,0,2,12,9,11,8,13,14,13,12,6,5,3,7,4,14,0,14,4,13,7,10,4,4],[9,1,0,13,11,4,7,2,5,6,4,2,7,12,7,14,0,2,1,13,1,5,14,13,6,5,10,10,8,11,11,8],[9,2,0,1,0,7,0,2,8,10,5,8,2,9,10,13,10,6,12,14,13,0,0,7,4,7,11,6,1,10,0,13],[14,8,2,12,8,13,0,3,3,9,8,11,0,4,14,8,14,14,4,5,1,13,11,6,12,14,11,1,9,2,11,4]],"ticks_per_row":7,"orders":[[[[39,1,12,11],[37,0,0,0],[32,0,0,0],[32,1,12,1],[32,1,12,11],[32,1,12,8],[32,1,12,1],[32,1,12,5],[32,1,12,11],[32,1,12,5],[32,1,12,11],[32,1,12,8],[32,1,12,5],[32,1,12,3],[32,1,12,2],[32,1,12,1],[32,1,12,11],[90,0,0,0],[30,0,0,0],[30,1,12,1],[30,1,12,11],[30,1,12,8],[30,1,12,1],[30,1,12,5],[30,1,12,11],[30,1,12,5],[30,1,12,11],[30,1,12,8],[30,1,12,5],[30,1,12,3],[30,1,12,2],[30,1,12,1],[27,1,12,11],[25,0,0,0],[29,0,0,0],[29,1,12,1],[29,1,12,11],[29,1,12,8],[29,1,12,1],[29,1,12,5],[29,1,12,11],[29,1,12,5],[29,1,12,11],[29,1,12,8],[29,1,12,5],[29,1,12,3],[29,1,12,2],[29,1,12,1],[37,1,12,11],[90,0,0,0],[30,0,0,0],[30,1,12,1],[30,1,12,11],[30,1,12,8],[30,1,12,1],[30,1,12,5],[30,1,12,11],[30,1,12,5],[30,1,12,11],[30,1,12,8],[30,1,12,5],[30,1,12,3],[30,1,12,2],[30,1,12,1]],null,null,null,[[34,4,12,11],[34,4,12,8],[34,4,12,11],[34,4,12,8],[27,4,12,11],[27,4,12,8],[27,4,12,11],[27,4,12,8],[32,4,12,11],[32,4,12,8],[32,4,12,11],[32,4,12,8],[35,4,12,11],[35,4,12,8],[35,4,12,11],[35,4,12,8],[34,4,12,11],[34,4,12,8],[34,4,12,11],[34,4,12,8],[30,4,12,11],[30,4,12,8],[30,4,12,11],[30,4,12,8],[25,4,12,11],[25,4,12,8],[25,4,12,11],[25,4,12,8],[35,4,12,11],[35,4,12,8],[35,4,12,11],[35,4,12,8],[34,4,12,11],[34,4,12,8],[34,4,12,11],[34,4,12,8],[30,4,12,11],[30,4,12,8],[30,4,12,11],[30,4,12,8],[32,4,12,11],[32,4,12,8],[32,4,12,11],[32,4,12,8],[25,4,12,11],[25,4,12,8],[25,4,12,11],[25,4,12,8],[27,4,12,11],[27,4,12,8],[27,4,12,11],[27,4,12,8],[30,4,12,11],[30,4,12,8],[30,4,12,11],[30,4,12,8],[22,4,12,11],[22,4,12,8],[22,4,12,5],[22,4,12,1],[22,4,12,5],[22,4,12,8],[22,4,12,8],[22,4,12,2]],null,null,null,[[25,4,12,11],[32,4,12,11],[34,4,12,11],[34,4,12,8],[34,4,12,2],[34,4,12,1],[34,4,12,8],[34,4,12,1],[32,4,12,11],[33,4,12,11],[34,4,12,11],[34,4,12,5],[34,4,12,1],[34,4,12,5],[34,4,12,8],[34,4,12,1],[25,4,12,11],[32,4,12,11],[39,4,12,11],[39,4,12,8],[39,4,12,2],[39,4,12,1],[39,4,12,8],[39,4,12,1],[25,4,12,11],[33,4,12,11],[34,4,12,11],[34,4,12,5],[33,4,12,11],[33,4,12,5],[32,4,12,11],[26,4,12,11],[25,4,12,11],[32,4,12,11],[34,4,12,11],[34,4,12,8],[34,4,12,2],[34,4,12,1],[34,4,12,8],[25,4,12,11],[32,4,12,11],[35,4,12,11],[34,4,12,11],[34,4,12,5],[34,4,12,1],[34,4,12,5],[34,4,12,8],[34,4,12,1],[34,4,12,11],[33,4,12,11],[27,4,12,11],[27,4,12,8],[27,4,12,2],[27,4,12,1],[27,4,12,8],[27,4,12,1],[25,4,12,11],[26,4,12,11],[27,4,12,11],[27,4,12,5],[27,4,12,1],[27,4,12,5],[27,4,12,8],[27,4,12,2]],null,null,null,null,null,null,null,null,null,null,null,null,null,null,null,null,null,null,null,null,null,null,null,null,null,null,null,null,null,null,null,null,null,null,null,null,null,null,null,null,null,null,null,null,null,null,null,null,null,null,null,null,null,null,null,null,null,null,null,null,null,null,null,null,null,null,null,null,null,null,null,null,null,null,null,null,null,null,null,null,null,null,null,null,null,null,null,null,null,null,null,null,null,null,null,null,null,null,null,null,null,null,null,null,null,null,null,null,null,null,null,null,null,null,null,null,null,null,null],[null,[[34,4,12,11],[90,0,0,0],[90,0,0,0],[34,4,12,1],[34,4,12,11],[34,4,12,8],[34,4,12,1],[34,4,12,5],[34,4,12,11],[34,4,12,5],[34,4,12,11],[34,4,12,8],[34,4,12,5],[34,4,12,3],[34,4,12,2],[34,4,12,1],[33,4,12,11],[32,0,0,0],[27,0,0,0],[27,4,12,1],[27,4,12,11],[27,4,12,8],[27,4,12,1],[27,4,12,5],[27,4,12,11],[27,4,12,5],[27,4,12,11],[27,4,12,8],[27,4,12,5],[27,4,12,3],[27,4,12,2],[27,4,12,1],[20,4,12,11],[90,0,0,0],[22,0,0,0],[22,4,12,1],[22,4,12,11],[22,4,12,8],[22,4,12,1],[22,4,12,5],[22,4,12,11],[22,4,12,5],[22,4,12,11],[22,4,12,8],[22,4,12,5],[22,4,12,3],[22,4,12,2],[22,4,12,1],[23,4,12,11],[22,0,0,0],[27,0,0,0],[27,4,12,1],[27,4,12,11],[27,4,12,8],[27,4,12,1],[27,4,12,5],[27,4,12,11],[27,4,12,5],[27,4,12,11],[27,4,12,8],[27,4,12,5],[27,4,12,3],[27,4,12,2],[27,4,12,1]],null,null,null,[[90,0,14,0],[90,0,0,0],[90,0,0,0],[90,0,0,0],[32,1,12,8],[32,1,12,11],[32,1,12,8],[32,1,12,1],[30,1,12,8],[30,1,12,11],[30,1,12,8],[30,1,12,1],[32,1,12,8],[32,1,12,11],[32,1,12,8],[32,1,12,1],[37,1,12,8],[37,1,12,11],[37,1,12,8],[37,1,12,1],[44,1,12,8],[44,1,12,11],[44,1,12,8],[44,1,12,1],[46,1,12,8],[46,1,12,11],[46,1,12,8],[46,1,12,1],[42,1,12,8],[42,1,12,11],[42,1,12,4],[42,1,12,1],[42,1,12,8],[42,1,12,11],[42,1,12,8],[42,1,12,1],[42,1,12,8],[42,1,12,11],[42,1,12,8],[42,1,12,1],[41,1,12,8],[41,1,12,11],[41,1,12,4],[41,1,12,1],[41,1,12,8],[41,1,12,11],[41,1,12,8],[41,1,12,1],[32,1,12,8],[32,1,12,11],[37,1,12,8],[37,1,12,1],[32,1,12,8],[32,1,12,11],[33,1,12,8],[33,1,12,1],[34,1,12,8],[34,1,12,11],[34,1,12,8],[34,1,12,1],[30,1,12,8],[30,1,12,11],[30,1,12,8],[30,1,12,1]],null,null,null,[[22,1,12,11],[22,1,12,8],[22,1,12,1],[22,1,12,4],[22,1,12,8],[22,1,12,4],[25,1,12,8],[20,0,0,0],[21,0,0,0],[22,0,0,0],[18,1,12,8],[18,1,12,5],[18,1,12,1],[18,1,12,5],[18,1,12,8],[18,1,12,5],[22,1,12,11],[22,1,12,8],[22,1,12,1],[22,1,12,4],[22,1,12,8],[22,1,12,4],[25,1,12,8],[20,0,0,0],[21,0,0,0],[22,0,0,0],[15,1,12,8],[15,1,12,5],[15,1,12,1],[15,1,12,5],[15,1,12,8],[15,1,12,5],[22,1,12,11],[22,1,12,8],[22,1,12,1],[22,1,12,4],[22,1,12,8],[22,1,12,4],[25,1,12,8],[20,0,0,0],[21,0,0,0],[22,0,0,0],[15,1,12,8],[15,1,12,5],[13,1,12,1],[13,1,12,5],[15,1,12,8],[15,1,12,5],[22,1,12,11],[22,1,12,8],[22,1,12,1],[22,1,12,4],[22,1,12,8],[22,1,12,4],[25,1,12,8],[20,0,0,0],[21,0,0,0],[22,0,0,0],[18,1,12,8],[18,1,12,5],[18,1,12,1],[18,1,12,5],[18,1,12,8],[18,1,12,5]],null,null,null,null,null,null,null,null,null,null,null,null,null,null,null,null,null,null,null,null,null,null,null,null,null,null,null,null,null,null,null,null,null,null,null,null,null,null,null,null,null,null,null,null,null,null,null,null,null,null,null,null,null,null,null,null,null,null,null,null,null,null,null,null,null,null,null,null,null,null,null,null,null,null,null,null,null,null,null,null,null,null,null,null,null,null,null,null,null,null,null,null,null,null,null,null,null,null,null,null,null,null,null,null,null,null,null,null,null,null,null,null,null,null,null,null,null,null],[null,null,[[23,12,12,8],[90,0,14,0],[27,12,12,8],[90,0,14,0],[27,12,12,8],[90,0,14,0],[27,12,12,8],[90,0,14,0],[27,12,12,8],[90,0,14,0],[27,12,12,8],[90,0,14,0],[27,12,12,8],[90,0,14,0],[27,12,12,8],[27,12,12,4],[15,12,12,8],[90,0,14,0],[15,12,12,8],[90,0,14,0],[15,12,12,8],[90,0,14,0],[15,12,12,8],[90,0,14,0],[15,12,12,8],[90,0,14,0],[15,12,12,8],[90,0,14,0],[15,12,12,8],[90,0,14,0],[15,12,12,8],[15,12,12,4],[17,12,12,8],[90,0,14,0],[17,12,12,8],[90,0,14,0],[17,12,12,8],[90,0,14,0],[17,12,12,8],[90,0,14,0],[17,12,12,8],[90,0,14,0],[17,12,12,8],[90,0,14,0],[17,12,12,8],[90,0,14,0],[17,12,12,8],[17,12,12,4],[15,12,12,8],[90,0,14,0],[15,12,12,8],[90,0,14,0],[15,12,12,8],[90,0,14,0],[15,12,12,8],[90,0,14,0],[15,12,12,8],[90,0,14,0],[15,12,12,8],[90,0,14,0],[15,12,12,8],[90,0,14,0],[15,12,12,8],[15,12,12,4]],null,null,null,[[23,12,12,8],[23,12,12,8],[15,12,12,8],[90,0,14,0],[15,12,12,8],[90,0,14,0],[15,12,12,8],[90,0,14,0],[15,12,12,8],[90,0,14,0],[15,12,12,8],[90,0,14,0],[15,12,12,8],[90,0,14,0],[15,12,12,8],[90,0,14,0],[18,12,12,8],[90,0,14,0],[18,12,12,8],[90,0,14,0],[18,12,12,8],[90,0,14,0],[18,12,12,8],[90,0,14,0],[18,12,12,8],[90,0,14,0],[18,12,12,8],[90,0,14,0],[20,12,12,8],[90,0,14,0],[20,12,12,8],[90,0,14,0],[20,12,12,8],[90,0,14,0],[20,12,12,8],[90,0,14,0],[20,12,12,8],[90,0,14,0],[20,12,12,8],[90,0,14,0],[22,12,12,8],[90,0,14,0],[22,12,12,8],[90,0,14,0],[22,12,12,8],[90,0,14,0],[22,12,12,8],[90,0,14,0],[27,12,12,8],[90,0,14,0],[27,12,12,8],[90,0,14,0],[27,12,12,8],[90,0,14,0],[27,12,12,8],[90,0,14,0],[15,12,12,8],[90,0,14,0],[15,12,12,8],[90,0,14,0],[15,12,12,8],[90,0,14,0],[15,12,12,8],[15,12,12,4]],null,null,null,[[23,12,12,8],[90,0,14,0],[27,12,12,8],[90,0,14,0],[27,12,12,8],[90,0,14,0],[27,12,12,8],[90,0,14,0],[27,12,12,8],[90,0,14,0],[15,12,12,8],[90,0,14,0],[15,12,12,8],[90,0,14,0],[15,12,12,8],[15,12,12,4],[15,12,12,8],[90,0,14,0],[25,12,12,8],[90,0,14,0],[25,12,12,8],[90,0,14,0],[25,12,12,8],[90,0,14,0],[23,12,12,8],[90,0,14,0],[15,12,12,8],[90,0,14,0],[27,12,12,8],[90,0,14,0],[14,12,12,8],[14,12,12,4],[27,12,12,8],[90,0,14,0],[13,12,12,8],[90,0,14,0],[13,12,12,8],[90,0,14,0],[13,12,12,8],[90,0,14,0],[13,12,12,8],[90,0,14,0],[15,12,12,8],[90,0,14,0],[13,12,12,8],[90,0,14,0],[15,12,12,8],[15,12,12,4],[13,12,12,8],[90,0,14,0],[20,12,12,11],[90,0,14,0],[20,12,12,8],[90,0,14,0],[20,12,12,8],[90,0,14,0],[20,12,12,8],[90,0,14,0],[15,12,12,8],[90,0,14,0],[15,12,12,8],[90,0,14,0],[15,12,12,8],[15,12,12,4]],null,null,null,null,null,null,null,null,null,null,null,null,null,null,null,null,null,null,null,null,null,null,null,null,null,null,null,null,null,null,null,null,null,null,null,null,null,null,null,null,null,null,null,null,null,null,null,null,null,null,null,null,null,null,null,null,null,null,null,null,null,null,null,null,null,null,null,null,null,null,null,null,null,null,null,null,null,null,null,null,null,null,null,null,null,null,null,null,null,null,null,null,null,null,null,null,null,null,null,null,null,null,null,null,null,null,null,null,null,null,null,null,null,null,null,null,null],[null,null,null,[[90,0,15,8],[90,0,0,0],[35,1,14,1],[90,0,0,0],[35,1,14,1],[90,0,0,0],[59,1,14,2],[90,0,0,0],[51,1,14,2],[43,1,14,2],[35,1,14,1],[90,0,0,0],[35,1,14,1],[90,0,0,0],[59,1,14,2],[90,0,0,0],[51,1,14,2],[43,1,14,2],[35,1,14,1],[90,0,0,0],[35,1,14,1],[90,0,0,0],[59,1,14,2],[90,0,0,0],[51,1,14,2],[43,1,14,2],[35,1,14,1],[90,0,0,0],[35,1,14,1],[90,0,0,0],[59,1,14,2],[90,0,0,0],[51,1,14,2],[43,1,14,2],[35,1,14,1],[90,0,0,0],[35,1,14,1],[90,0,0,0],[59,1,14,2],[90,0,0,0],[51,1,14,2],[43,1,14,2],[35,1,14,1],[90,0,0,0],[35,1,14,1],[90,0,0,0],[59,1,14,2],[90,0,0,0],[51,1,14,2],[43,1,14,2],[35,1,14,1],[90,0,0,0],[35,1,14,1],[90,0,0,0],[59,1,14,2],[90,0,0,0],[51,1,14,2],[43,1,14,2],[35,1,14,1],[90,0,0,0],[35,1,14,1],[90,0,0,0],[59,1,14,2],[90,0,0,0]],null,null,null,[[90,0,0,0],[90,0,0,0],[35,1,14,1],[90,0,0,0],[59,1,14,2],[90,0,0,0],[51,1,14,2],[43,1,14,2],[35,1,14,1],[90,0,0,0],[35,1,14,1],[90,0,0,0],[59,1,14,2],[90,0,0,0],[51,1,14,2],[43,1,14,2],[35,1,14,1],[90,0,0,0],[35,1,14,1],[90,0,0,0],[59,1,14,2],[90,0,0,0],[51,1,14,2],[43,1,14,2],[35,1,14,1],[90,0,0,0],[35,1,14,1],[90,0,0,0],[59,1,14,2],[90,0,0,0],[51,1,14,2],[43,1,14,2],[35,1,14,1],[90,0,0,0],[35,1,14,1],[90,0,0,0],[59,1,14,2],[90,0,0,0],[51,1,14,2],[43,1,14,2],[35,1,14,1],[90,0,0,0],[35,1,14,1],[90,0,0,0],[59,1,14,2],[90,0,0,0],[51,1,14,2],[43,1,14,2],[35,1,14,1],[90,0,0,0],[35,1,14,1],[90,0,0,0],[59,1,14,2],[90,0,0,0],[51,1,14,2],[43,1,14,2],[35,1,14,1],[90,0,0,0],[35,1,14,1],[90,0,0,0],[59,1,14,2],[90,0,0,0],[90,0,0,0],[90,0,0,0]],null,null,null,[[90,0,0,0],[90,0,0,0],[35,1,14,1],[90,0,0,0],[90,0,0,0],[90,0,0,0],[59,1,14,2],[90,0,0,0],[51,1,14,2],[43,1,14,2],[35,1,14,1],[90,0,0,0],[90,0,0,0],[90,0,0,0],[59,1,14,2],[90,0,0,0],[90,0,0,0],[90,0,0,0],[35,1,14,1],[90,0,0,0],[90,0,0,0],[90,0,0,0],[59,1,14,2],[90,0,0,0],[51,1,14,2],[43,1,14,2],[35,1,14,1],[90,0,0,0],[90,0,0,0],[90,0,0,0],[59,1,14,2],[90,0,0,0],[90,0,0,0],[90,0,0,0],[35,1,14,1],[90,0,0,0],[90,0,0,0],[90,0,0,0],[59,1,14,2],[90,0,0,0],[51,1,14,2],[43,1,14,2],[35,1,14,1],[90,0,0,0],[90,0,0,0],[90,0,0,0],[59,1,14,2],[90,0,0,0],[90,0,0,0],[90,0,0,0],[35,1,14,1],[90,0,0,0],[90,0,0,0],[90,0,0,0],[59,1,14,2],[90,0,0,0],[51,1,14,2],[43,1,14,2],[35,1,14,1],[90,0,0,0],[90,0,0,0],[90,0,0,0],[59,1,14,2],[90,0,0,0]],null,null,null,null,null,null,null,null,null,null,null,null,null,null,null,null,null,null,null,null,null,null,null,null,null,null,null,null,null,null,null,null,null,null,null,null,null,null,null,null,null,null,null,null,null,null,null,null,null,null,null,null,null,null,null,null,null,null,null,null,null,null,null,null,null,null,null,null,null,null,null,null,null,null,null,null,null,null,null,null,null,null,null,null,null,null,null,null,null,null,null,null,null,null,null,null,null,null,null,null,null,null,null,null,null,null,null,null,null,null,null,null,null,null,null,null]],"channels":[[0,0,8,8,0,4,8,8,4],[1,1,9,9,1,5,9,9,5],[2,2,10,10,2,6,10,10,6],[3,3,11,11,3,7,11,11,7]]}}