{"song":{"name":"Curiosity","artist":"TipTopTomCat","comment":"https://tiptoptomcat.itch.io/","duty_instruments":[{"name":"Duty1","length":null,"initial_volume":15,"volume_sweep_change":0,"frequency_sweep_time":0,"frequency_sweep_shift":0,"duty_cycle":1},{"name":"Duty2","length":null,"initial_volume":15,"volume_sweep_change":0,"frequency_sweep_time":0,"frequency_sweep_shift":0,"duty_cycle":2},{"name":"Duty3","length":null,"initial_volume":15,"volume_sweep_change":0,"frequency_sweep_time":0,"frequency_sweep_shift":0,"duty_cycle":3},{"name":"Duty4","length":null,"initial_volume":15,"volume_sweep_change":0,"frequency_sweep_time":0,"frequency_sweep_shift":0,"duty_cycle":0},{"name":"Duty5","length":null,"initial_volume":15,"volume_sweep_change":0,"frequency_sweep_time":0,"frequency_sweep_shift":0,"duty_cycle":2},{"name":"Duty6","length":null,"initial_volume":15,"volume_sweep_change":0,"frequency_sweep_time":0,"frequency_sweep_shift":0,"duty_cycle":2},{"name":"Duty7","length":null,"initial_volume":15,"volume_sweep_change":0,"frequency_sweep_time":0,"frequency_sweep_shift":0,"duty_cycle":2},{"name":"Duty8","length":null,"initial_volume":15,"volume_sweep_change":0,"frequency_sweep_time":0,"frequency_sweep_shift":0,"duty_cycle":2},{"name":"Duty9","length":null,"initial_volume":15,"volume_sweep_change":0,"frequency_sweep_time":0,"frequency_sweep_shift":0,"duty_cycle":2},{"name":"Duty10","length":null,"initial_volume":15,"volume_sweep_change":0,"frequency_sweep_time":0,"frequency_sweep_shift":0,"duty_cycle":2},{"name":"Duty11","length":null,"initial_volume":15,"volume_sweep_change":0,"frequency_sweep_time":0,"frequency_sweep_shift":0,"duty_cycle":2},{"name":"Duty12","length":null,"initial_volume":15,"volume_sweep_change":0,"frequency_sweep_time":0,"frequency_sweep_shift":0,"duty_cycle":2},{"name":"Duty13","length":null,"initial_volume":15,"volume_sweep_change":0,"frequency_sweep_time":0,"frequency_sweep_shift":0,"duty_cycle":2},{"name":"Duty14","length":null,"initial_volume":15,"volume_sweep_change":0,"frequency_sweep_time":0,"frequency_sweep_shift":0,"duty_cycle":2},{"name":"Duty15","length":null,"initial_volume":15,"volume_sweep_change":0,"frequency_sweep_time":0,"frequency_sweep_shift":0,"duty_cycle":2}],"wave_instruments":[{"name":"Wave1","length":null,"volume":1,"wave_index":0},{"name":"Wave2","length":null,"volume":1,"wave_index":1},{"name":"Wave3","length":null,"volume":1,"wave_index":2},{"name":"Wave4","length":null,"volume":1,"wave_index":3},{"name":"Wave5","length":null,"volume":1,"wave_index":4},{"name":"Wave6","length":null,"volume":1,"wave_index":5},{"name":"Wave7","length":null,"volume":1,"wave_index":6},{"name":"Wave8","length":null,"volume":1,"wave_index":0},{"name":"Wave9","length":null,"volume":1,"wave_index":1},{"name":"Wave10","length":null,"volume":1,"wave_index":2},{"name":"Wave11","length":null,"volume":1,"wave_index":3},{"name":"Wave12","length":null,"volume":1,"wave_index":4},{"name":"Wave13","length":null,"volume":1,"wave_index":5},{"name":"Wave14","length":null,"volume":1,"wave_index":6},{"name":"Wave15","length":null,"volume":1,"wave_index":7}],"noise_instruments":[{"name":"Noise1","length":null,"initial_volume":15,"volume_sweep_change":0,"shift_clock_mask":0,"dividing_ratio":0,"bit_count":1,"noise_macro":[0,0,0,0,0,0,0,0,0,0,0,0,0,0,0]},{"name":"Noise2","length":null,"initial_volume":15,"volume_sweep_change":0,"shift_clock_mask":0,"dividing_ratio":0,"bit_count":1,"noise_macro":[0,0,0,0,0,0,0,0,0,0,0,0,0,0,0]},{"name":"Noise3","length":null,"initial_volume":15,"volume_sweep_change":0,"shift_clock_mask":0,"dividing_ratio":0,"bit_count":1,"noise_macro":[0,0,0,0,0,0,0,0,0,0,0,0,0,0,0]},{"name":"Noise4","length":null,"initial_volume":15,"volume_sweep_change":0,"shift_clock_mask":0,"dividing_ratio":0,"bit_count":1,"noise_macro":[0,0,0,0,0,0,0,0,0,0,0,0,0,0,0]},{"name":"Noise5","length":null,"initial_volume":15,"volume_sweep_change":0,"shift_clock_mask":0,"dividing_ratio":0,"bit_count":1,"noise_macro":[0,0,0,0,0,0,0,0,0,0,0,0,0,0,0]},{"name":"Noise6","length":null,"initial_volume":15,"volume_sweep_change":0,"shift_clock_mask":0,"dividing_ratio":0,"bit_count":1,"noise_macro":[0,0,0,0,0,0,0,0,0,0,0,0,0,0,0]},{"name":"Noise7","length":null,"initial_volume":15,"volume_sweep_change":0,"shift_clock_mask":0,"dividing_ratio":0,"bit_count":1,"noise_macro":[0,0,0,0,0,0,0,0,0,0,0,0,0,0,0]},{"name":"Noise8","length":null,"initial_volume":15,"volume_sweep_change":0,"shift_clock_mask":0,"dividing_ratio":0,"bit_count":1,"noise_macro":[0,0,0,0,0,0,0,0,0,0,0,0,0,0,0]},{"name":"Noise9","length":null,"initial_volume":15,"volume_sweep_change":0,"shift_clock_mask":0,"dividing_ratio":0,"bit_count":1,"noise_macro":[0,0,0,0,0,0,0,0,0,0,0,0,0,0,0]},{"name":"Noise10","length":null,"initial_volume":15,"volume_sweep_change":0,"shift_clock_mask":0,"dividing_ratio":0,"bit_count":1,"noise_macro":[0,0,0,0,0,0,0,0,0,0,0,0,0,0,0]},{"name":"Noise11","length":null,"initial_volume":15,"volume_sweep_change":0,"shift_clock_mask":0,"dividing_ratio":0,"bit_count":1,"noise_macro":[0,0,0,0,0,0,0,0,0,0,0,0,0,0,0]},{"name":"Noise12","length":null,"initial_volume":15,"volume_sweep_change":0,"shift_clock_mask":0,"dividing_ratio":0,"bit_count":1,"noise_macro":[0,0,0,0,0,0,0,0,0,0,0,0,0,0,0]},{"name":"Noise13","length":null,"initial_volume":15,"volume_sweep_change":0,"shift_clock_mask":0,"dividing_ratio":0,"bit_count":1,"noise_macro":[0,0,0,0,0,0,0,0,0,0,0,0,0,0,0]},{"name":"Noise14","length":null,"initial_volume":15,"volume_sweep_change":0,"shift_clock_mask":0,"dividing_ratio":0,"bit_count":1,"noise_macro":[0,0,0,0,0,0,0,0,0,0,0,0,0,0,0]},{"name":"Noise15","length":null,"initial_volume":15,"volume_sweep_change":0,"shift_clock_mask":0,"dividing_ratio":0,"bit_count":1,"noise_macro":[0,0,0,0,0,0,0,0,0,0,0,0,0,0,0]}],"waves":[[10,5,13,7,12,9,14,1,11,12,9,10,7,6,3,1,0,12,11,10,13,14,6,0,1,11,12,10,0,3,9,3],[15,0,14,1,13,2,12,3,11,4,10,5,9,6,8,7,7,8,6,9,5,10,4,11,3,12,2,13,1,14,0,15],[15,13,14,12,13,11,12,10,11,9,10,8,9,7,8,6,7,9,6,8,5,7,4,6,3,5,2,4,1,3,0,2],[13,14,15,14,13,12,11,10,9,10,10,9,8,7,7,7,8,8,8,7,6,5,5,6,5,4,3,2,1,0,1,2],[10,11,12,13,14,15,14,13,12,11,10,0,1,2,3,14,13,12,11,10,11,12,13,14,15,14,13,12,3,2,1,0],[15,15,14,14,13,13,12,12,11,11,10,10,9,9,8,8,7,7,6,6,5,5,4,4,3,3,2,2,1,1,0,0],[15,15,15,15,15,15,15,15,15,15,15,15,15,15,15,15,0,0,0,0,0,0,0,0,0,0,0,0,0,0,0,0],[7,9,11,12,13,14,14,15,15,15,14,14,13,12,11,9,7,5,4,3,2,1,1,0,0,0,1,1,2,3,4,5],[13,12,1,4,8,6,5,3,11,9,12,4,6,4,12,9,14,8,4,6,3,4,9,7,13,8,12,14,11,7,9,13],[1,5,9,9,5,9,4,0,5,7,8,1,3,7,9,7,6,8,8,11,13,11,1,5,4,12,6,9,11,13,0,0],[8,2,7,7,4,14,0,4,5,6,0,0,0,3,11,1,10,12,10,1,2,5,11,12,14,14,8,12,3,4,12,13],[10,10,12,4,11,8,9,2,8,10,7,0,7,13,3,5,11,6,4,9,4,0,11,3,3,9,13,4,2,11,5,2],[10,10,0,3,8,1,4,12,8,0,6,3,0,11,14,2,10,1,1,11,10,0,1,14,12,4,5,0,4,12,6,12],[13,3,3,5,4,8,5,11,12,14,4,5,7,5,13,4,13,7,10,9,5,6,1,12,14,14,10,14,7,11,6,11],[1,8,3,13,14,12,14,13,7,1,2,6,9,3,4,2,11,5,11,11,12,1,8,14,8,4,10,12,7,7,1,0],[3,7,3,2,2,4,9,12,8,3,13,0,0,10,12,12,9,14,5,4,4,9,8,4,13,10,12,12,2,1,1,7]],"ticks_per_row":7,"orders":[[[[21,1,12,10],[21,1,12,7],[21,1,12,6],[21,1,12,5],[21,1,12,4],[21,1,12,3],[21,1,12,10],[21,1,12,7],[21,1,12,6],[90,0,0,0],[21,1,12,5],[90,0,0,0],[21,1,12,4],[90,0,0,0],[21,1,12,3],[90,0,0,0],[90,0,0,0],[90,0,0,0],[21,1,12,2],[90,0,0,0],[90,0,0,0],[90,0,0,0],[90,0,0,0],[90,0,0,0],[90,0,0,0],[90,0,0,0],[90,0,0,0],[90,0,0,0],[90,0,0,0],[90,0,0,0],[18,1,12,10],[18,1,12,7],[18,1,12,6],[90,0,0,0],[18,1,12,5],[90,0,0,0],[18,1,12,4],[90,0,0,0],[18,1,12,3],[90,0,0,0],[90,0,0,0],[90,0,0,0],[18,1,12,2],[90,0,0,0],[90,0,0,0],[90,0,0,0],[90,0,0,0],[90,0,0,0],[90,0,0,0],[90,0,0,0],[90,0,0,0],[90,0,0,0],[90,0,0,0],[21,3,12,7],[90,0,14,0],[90,0,0,0],[21,3,12,7],[21,3,12,6],[21,3,12,5],[21,3,12,4],[21,3,12,2],[21,3,12,4],[21,3,12,5],[21,3,12,6]],null,null,null,[[21,1,12,7],[90,0,14,0],[90,0,0,0],[21,1,12,7],[90,0,14,0],[90,0,0,0],[21,3,12,10],[21,3,12,7],[21,3,12,6],[90,0,0,0],[21,3,12,5],[90,0,0,0],[21,3,12,4],[90,0,0,0],[21,3,12,3],[90,0,0,0],[90,0,0,0],[90,0,0,0],[21,3,12,2],[90,0,0,0],[90,0,0,0],[90,0,0,0],[90,0,0,0],[90,0,0,0],[90,0,0,0],[90,0,0,0],[90,0,0,0],[90,0,0,0],[90,0,0,0],[90,0,0,0],[18,3,12,10],[18,3,12,7],[18,3,12,6],[90,0,0,0],[18,3,12,5],[90,0,0,0],[18,3,12,4],[90,0,0,0],[18,3,12,3],[90,0,0,0],[90,0,0,0],[90,0,0,0],[18,3,12,2],[90,0,0,0],[90,0,0,0],[90,0,0,0],[90,0,0,0],[90,0,0,0],[90,0,0,0],[90,0,0,0],[90,0,0,0],[90,0,0,0],[90,0,0,0],[28,1,12,7],[90,0,14,0],[90,0,0,0],[28,1,12,7],[90,0,14,0],[90,0,0,0],[28,3,12,7],[28,3,12,7],[28,3,12,6],[28,3,12,8],[28,3,12,11]],null,null,null,[[21,1,12,10],[21,1,12,7],[21,1,12,6],[21,1,12,5],[21,1,12,4],[21,1,12,3],[21,1,12,10],[21,1,12,7],[21,1,12,6],[21,1,12,5],[21,1,12,4],[21,1,12,3],[21,1,12,2],[90,0,0,0],[90,0,0,0],[90,0,0,0],[90,0,0,0],[90,0,0,0],[90,0,0,0],[90,0,0,0],[90,0,0,0],[90,0,0,0],[90,0,0,0],[90,0,0,0],[90,0,0,0],[90,0,0,0],[90,0,0,0],[90,0,0,0],[90,0,0,0],[90,0,0,0],[18,1,12,10],[18,1,12,7],[18,1,12,6],[18,1,12,5],[18,1,12,4],[18,1,12,3],[18,1,12,2],[90,0,0,0],[90,0,0,0],[90,0,0,0],[90,0,0,0],[90,0,0,0],[90,0,0,0],[90,0,0,0],[90,0,0,0],[90,0,0,0],[90,0,0,0],[90,0,0,0],[90,0,0,0],[90,0,0,0],[90,0,0,0],[90,0,0,0],[90,0,0,0],[21,3,12,7],[90,0,14,0],[90,0,0,0],[21,3,12,7],[21,3,12,6],[21,3,12,5],[21,3,12,4],[21,3,12,2],[21,3,12,4],[21,3,12,5],[21,3,12,6]],null,null,null,[[21,1,12,7],[90,0,14,0],[90,0,0,0],[21,1,12,7],[90,0,14,0],[90,0,0,0],[21,3,12,10],[21,3,12,7],[21,3,12,6],[21,3,12,5],[21,3,12,4],[21,3,12,3],[21,3,12,2],[90,0,0,0],[90,0,0,0],[90,0,0,0],[90,0,0,0],[90,0,0,0],[90,0,0,0],[90,0,0,0],[90,0,0,0],[90,0,0,0],[90,0,0,0],[90,0,0,0],[90,0,0,0],[90,0,0,0],[90,0,0,0],[90,0,0,0],[90,0,0,0],[90,0,0,0],[18,3,12,10],[18,3,12,7],[18,3,12,6],[18,3,12,5],[18,3,12,4],[18,3,12,3],[18,3,12,2],[90,0,0,0],[90,0,0,0],[90,0,0,0],[90,0,0,0],[90,0,0,0],[90,0,0,0],[90,0,0,0],[90,0,0,0],[90,0,0,0],[90,0,0,0],[90,0,0,0],[90,0,0,0],[90,0,0,0],[90,0,0,0],[90,0,0,0],[90,0,0,0],[28,1,12,7],[90,0,14,0],[90,0,0,0],[28,1,12,7],[90,0,14,0],[90,0,0,0],[28,1,12,7],[28,3,12,10],[28,3,12,7],[90,0,14,0],[90,0,0,0]],null,null,null,[[33,1,12,10],[33,1,12,7],[33,1,12,6],[33,1,12,5],[33,1,12,4],[33,1,12,3],[27,3,12,10],[27,3,12,7],[27,3,12,6],[27,3,12,5],[27,3,12,4],[27,3,12,3],[27,3,12,2],[90,0,0,0],[90,0,0,0],[27,3,12,1],[90,0,0,0],[90,0,0,0],[90,0,0,0],[90,0,0,0],[90,0,0,0],[90,0,0,0],[90,0,0,0],[90,0,0,0],[90,0,0,0],[90,0,0,0],[90,0,0,0],[90,0,0,0],[90,0,0,0],[90,0,0,0],[26,1,12,10],[26,1,12,7],[26,1,12,6],[26,1,12,5],[26,1,12,4],[26,1,12,3],[26,1,12,2],[90,0,0,0],[90,0,0,0],[90,0,0,0],[90,0,0,0],[90,0,0,0],[90,0,0,0],[90,0,0,0],[90,0,0,0],[90,0,0,0],[90,0,0,0],[90,0,0,0],[90,0,0,0],[90,0,0,0],[90,0,0,0],[90,0,0,0],[90,0,0,0],[33,3,12,7],[90,0,14,0],[90,0,0,0],[21,3,12,7],[21,3,12,6],[21,3,12,5],[21,3,12,4],[21,3,12,2],[90,0,0,0],[90,0,0,0],[90,0,0,0]],null,null,null,[[33,1,12,7],[90,0,14,0],[90,0,0,0],[21,1,12,7],[90,0,14,0],[90,0,0,0],[21,3,12,10],[21,3,12,7],[21,3,12,6],[21,3,12,5],[21,3,12,4],[21,3,12,3],[21,3,12,2],[90,0,0,0],[90,0,0,0],[90,0,0,0],[90,0,0,0],[90,0,0,0],[90,0,0,0],[90,0,0,0],[90,0,0,0],[90,0,0,0],[90,0,0,0],[90,0,0,0],[90,0,0,0],[90,0,0,0],[90,0,0,0],[90,0,0,0],[90,0,0,0],[90,0,0,0],[28,1,12,10],[28,1,12,7],[28,1,12,6],[28,1,12,5],[28,1,12,4],[28,1,12,3],[28,1,12,2],[90,0,0,0],[28,1,12,1],[90,0,0,0],[90,0,0,0],[90,0,0,0],[90,0,0,0],[90,0,0,0],[90,0,0,0],[90,0,0,0],[90,0,0,0],[90,0,0,0],[90,0,0,0],[90,0,0,0],[90,0,0,0],[90,0,0,0],[90,0,0,0],[28,1,12,7],[90,0,14,0],[90,0,0,0],[28,1,12,7],[90,0,14,0],[90,0,0,0],[28,1,12,7],[28,3,12,10],[28,3,12,7],[90,0,14,0],[90,0,0,0]],null,null,null,[[33,1,12,10],[33,1,12,7],[33,1,12,6],[33,1,12,5],[33,1,12,4],[33,1,12,3],[35,1,12,10],[35,1,12,7],[35,1,12,6],[90,0,0,0],[35,1,12,5],[90,0,0,0],[35,1,12,4],[90,0,0,0],[35,1,12,3],[90,0,0,0],[90,0,0,0],[90,0,0,0],[35,1,12,2],[90,0,0,0],[90,0,0,0],[90,0,0,0],[90,0,0,0],[90,0,0,0],[90,0,0,0],[90,0,0,0],[90,0,0,0],[90,0,0,0],[90,0,0,0],[90,0,0,0],[30,1,12,10],[30,1,12,7],[30,1,12,6],[90,0,0,0],[30,1,12,5],[90,0,0,0],[30,1,12,4],[90,0,0,0],[30,1,12,3],[90,0,0,0],[90,0,0,0],[90,0,0,0],[30,1,12,2],[90,0,0,0],[90,0,0,0],[90,0,0,0],[90,0,0,0],[90,0,0,0],[90,0,0,0],[90,0,0,0],[90,0,0,0],[90,0,0,0],[90,0,0,0],[21,3,12,7],[90,0,14,0],[90,0,0,0],[27,3,12,7],[27,3,12,6],[27,3,12,5],[27,3,12,4],[27,3,12,2],[27,3,12,4],[27,3,12,5],[27,3,12,6]],null,null,null,[[33,1,12,7],[90,0,14,0],[90,0,0,0],[37,1,12,7],[90,0,14,0],[90,0,0,0],[35,3,12,10],[35,3,12,7],[35,3,12,6],[90,0,0,0],[35,3,12,5],[90,0,0,0],[35,3,12,4],[90,0,0,0],[35,3,12,3],[90,0,0,0],[90,0,0,0],[90,0,0,0],[35,3,12,10],[35,3,12,7],[35,3,12,6],[90,0,0,0],[35,3,12,5],[90,0,0,0],[35,3,12,4],[90,0,0,0],[35,3,12,3],[90,0,0,0],[90,0,0,0],[90,0,0,0],[35,3,12,10],[35,3,12,7],[35,3,12,6],[90,0,0,0],[35,3,12,5],[90,0,0,0],[35,3,12,4],[90,0,0,0],[35,3,12,3],[90,0,0,0],[90,0,0,0],[90,0,0,0],[27,1,12,10],[27,1,12,7],[27,1,12,6],[27,1,12,5],[90,0,0,0],[27,1,12,4],[28,1,12,10],[28,1,12,7],[28,1,12,6],[28,1,12,5],[90,0,0,0],[90,0,0,0],[30,3,12,7],[30,3,12,6],[30,3,12,5],[27,1,12,7],[27,1,12,6],[27,1,12,5],[27,1,12,4],[27,1,12,4],[27,1,12,5],[27,1,12,6]],null,null,null,null,null,null,null,null,null,null,null,null,null,null,null,null,null,null,null,null,null,null,null,null,null,null,null,null,null,null,null,null,null,null,null,null,null,null,null,null,null,null,null,null,null,null,null,null,null,null,null,null,null,null,null,null,null,null,null,null,null,null,null,null,null,null,null,null,null,null,null,null,null,null,null,null,null,null,null,null,null,null,null,null,null,null,null,null,null,null,null,null,null,null,null,null,null,null,null],[null,[[16,3,12,10],[16,3,12,7],[16,3,12,6],[16,3,12,5],[16,3,12,4],[16,3,12,3],[15,3,12,10],[15,3,12,7],[15,3,12,6],[15,3,12,5],[90,0,0,0],[15,3,12,4],[90,0,0,0],[15,3,12,3],[90,0,0,0],[15,3,12,2],[90,0,0,0],[90,0,0,0],[90,0,0,0],[90,0,0,0],[15,3,12,1],[90,0,0,0],[90,0,0,0],[90,0,0,0],[90,0,0,0],[90,0,0,0],[90,0,0,0],[90,0,0,0],[90,0,0,0],[90,0,0,0],[16,3,12,10],[16,3,12,7],[16,3,12,6],[16,3,12,5],[90,0,0,0],[16,3,12,4],[90,0,0,0],[16,3,12,3],[90,0,0,0],[16,3,12,2],[90,0,0,0],[90,0,0,0],[90,0,0,0],[90,0,0,0],[16,3,12,1],[90,0,0,0],[90,0,0,0],[90,0,0,0],[90,0,0,0],[90,0,0,0],[90,0,0,0],[90,0,0,0],[90,0,0,0],[23,1,12,7],[90,0,14,0],[90,0,0,0],[23,1,12,7],[23,1,12,6],[23,1,12,5],[23,1,12,4],[23,1,12,2],[23,1,12,4],[23,1,12,5],[23,1,12,6]],null,null,null,[[16,3,12,7],[90,0,14,0],[90,0,0,0],[16,3,12,7],[90,0,14,0],[90,0,0,0],[15,1,12,10],[15,1,12,7],[15,1,12,6],[15,1,12,5],[90,0,0,0],[15,1,12,4],[90,0,0,0],[15,1,12,3],[90,0,0,0],[15,1,12,2],[90,0,0,0],[90,0,0,0],[90,0,0,0],[90,0,0,0],[15,1,12,1],[90,0,0,0],[90,0,0,0],[90,0,0,0],[90,0,0,0],[90,0,0,0],[90,0,0,0],[90,0,0,0],[90,0,0,0],[90,0,0,0],[16,1,12,10],[16,1,12,7],[16,1,12,6],[16,1,12,5],[90,0,0,0],[16,1,12,4],[90,0,0,0],[16,1,12,3],[90,0,0,0],[16,1,12,2],[90,0,0,0],[90,0,0,0],[90,0,0,0],[90,0,0,0],[16,1,12,1],[90,0,0,0],[90,0,0,0],[90,0,0,0],[90,0,0,0],[90,0,0,0],[90,0,0,0],[90,0,0,0],[90,0,0,0],[18,3,12,7],[90,0,14,0],[90,0,0,0],[18,3,12,7],[90,0,14,0],[90,0,0,0],[18,1,12,7],[18,1,12,7],[18,1,12,6],[18,1,12,8],[18,1,12,11]],null,null,null,[[16,3,12,10],[16,3,12,7],[16,3,12,6],[16,3,12,5],[16,3,12,4],[16,3,12,3],[15,3,12,10],[15,3,12,7],[15,3,12,6],[15,3,12,5],[15,3,12,4],[15,3,12,3],[15,3,12,2],[90,0,0,0],[90,0,0,0],[15,3,12,1],[90,0,0,0],[90,0,0,0],[90,0,0,0],[90,0,0,0],[90,0,0,0],[90,0,0,0],[90,0,0,0],[90,0,0,0],[90,0,0,0],[90,0,0,0],[90,0,0,0],[90,0,0,0],[90,0,0,0],[90,0,0,0],[16,3,12,10],[16,3,12,7],[16,3,12,6],[16,3,12,5],[16,3,12,4],[16,3,12,3],[16,3,12,2],[90,0,0,0],[16,3,12,1],[90,0,0,0],[90,0,0,0],[90,0,0,0],[90,0,0,0],[90,0,0,0],[90,0,0,0],[90,0,0,0],[90,0,0,0],[90,0,0,0],[90,0,0,0],[90,0,0,0],[90,0,0,0],[90,0,0,0],[90,0,0,0],[23,1,12,7],[90,0,14,0],[90,0,0,0],[23,1,12,7],[23,1,12,6],[23,1,12,5],[23,1,12,4],[23,1,12,2],[23,1,12,4],[23,1,12,5],[23,1,12,6]],null,null,null,[[16,3,12,7],[90,0,14,0],[90,0,0,0],[16,3,12,7],[90,0,14,0],[90,0,0,0],[15,1,12,10],[15,1,12,7],[15,1,12,6],[15,1,12,5],[15,1,12,4],[15,1,12,3],[15,1,12,2],[90,0,0,0],[90,0,0,0],[15,1,12,1],[90,0,0,0],[90,0,0,0],[90,0,0,0],[90,0,0,0],[90,0,0,0],[90,0,0,0],[90,0,0,0],[90,0,0,0],[90,0,0,0],[90,0,0,0],[90,0,0,0],[90,0,0,0],[90,0,0,0],[90,0,0,0],[16,1,12,10],[16,1,12,7],[16,1,12,6],[16,1,12,5],[16,1,12,4],[16,1,12,3],[16,1,12,2],[90,0,0,0],[16,1,12,1],[90,0,0,0],[90,0,0,0],[90,0,0,0],[90,0,0,0],[90,0,0,0],[90,0,0,0],[90,0,0,0],[90,0,0,0],[90,0,0,0],[90,0,0,0],[90,0,0,0],[90,0,0,0],[90,0,0,0],[90,0,0,0],[18,3,12,7],[90,0,14,0],[90,0,0,0],[18,3,12,7],[90,0,14,0],[90,0,0,0],[18,3,12,7],[18,1,12,10],[18,1,12,7],[90,0,14,0],[90,0,0,0]],null,null,null,[[16,3,12,10],[16,3,12,7],[16,3,12,6],[16,3,12,5],[16,3,12,4],[16,3,12,3],[21,1,12,10],[21,1,12,7],[21,1,12,6],[21,1,12,5],[21,1,12,4],[21,1,12,3],[21,1,12,2],[90,0,0,0],[90,0,0,0],[90,0,0,0],[90,0,0,0],[90,0,0,0],[90,0,0,0],[90,0,0,0],[90,0,0,0],[90,0,0,0],[90,0,0,0],[90,0,0,0],[90,0,0,0],[90,0,0,0],[90,0,0,0],[90,0,0,0],[90,0,0,0],[90,0,0,0],[16,3,12,10],[16,3,12,7],[16,3,12,6],[16,3,12,5],[16,3,12,4],[16,3,12,3],[16,3,12,2],[90,0,0,0],[16,3,12,1],[90,0,0,0],[90,0,0,0],[90,0,0,0],[90,0,0,0],[90,0,0,0],[90,0,0,0],[90,0,0,0],[90,0,0,0],[90,0,0,0],[90,0,0,0],[90,0,0,0],[90,0,0,0],[90,0,0,0],[90,0,0,0],[23,1,12,7],[90,0,14,0],[90,0,0,0],[23,1,12,7],[23,1,12,6],[23,1,12,5],[23,1,12,4],[23,1,12,2],[90,0,0,0],[90,0,0,0],[90,0,0,0]],null,null,null,[[28,3,12,7],[90,0,14,0],[90,0,0,0],[16,3,12,7],[90,0,14,0],[90,0,0,0],[15,1,12,10],[15,1,12,7],[15,1,12,6],[15,1,12,5],[15,1,12,4],[15,1,12,3],[15,1,12,2],[90,0,0,0],[90,0,0,0],[15,1,12,1],[90,0,0,0],[90,0,0,0],[90,0,0,0],[90,0,0,0],[90,0,0,0],[90,0,0,0],[90,0,0,0],[90,0,0,0],[90,0,0,0],[90,0,0,0],[90,0,0,0],[90,0,0,0],[90,0,0,0],[90,0,0,0],[18,3,12,10],[18,3,12,7],[18,3,12,6],[18,3,12,5],[18,3,12,4],[18,3,12,3],[18,3,12,2],[90,0,0,0],[90,0,0,0],[90,0,0,0],[90,0,0,0],[90,0,0,0],[90,0,0,0],[90,0,0,0],[90,0,0,0],[90,0,0,0],[90,0,0,0],[90,0,0,0],[90,0,0,0],[90,0,0,0],[90,0,0,0],[90,0,0,0],[90,0,0,0],[18,3,12,7],[90,0,14,0],[90,0,0,0],[18,3,12,7],[90,0,14,0],[90,0,0,0],[18,3,12,7],[18,1,12,10],[18,1,12,7],[90,0,14,0],[90,0,0,0]],null,null,null,[[28,3,12,10],[28,3,12,7],[28,3,12,6],[28,3,12,5],[28,3,12,4],[28,3,12,3],[27,3,12,10],[27,3,12,7],[27,3,12,6],[27,3,12,5],[90,0,0,0],[27,3,12,4],[90,0,0,0],[27,3,12,3],[90,0,0,0],[27,3,12,2],[90,0,0,0],[90,0,0,0],[27,3,12,1],[90,0,0,0],[90,0,0,0],[90,0,0,0],[90,0,0,0],[90,0,0,0],[90,0,0,0],[90,0,0,0],[90,0,0,0],[90,0,0,0],[90,0,0,0],[90,0,0,0],[28,3,12,10],[28,3,12,7],[28,3,12,6],[28,3,12,5],[90,0,0,0],[28,3,12,4],[90,0,0,0],[28,3,12,3],[90,0,0,0],[28,3,12,2],[90,0,0,0],[90,0,0,0],[28,3,12,1],[90,0,0,0],[90,0,0,0],[90,0,0,0],[90,0,0,0],[90,0,0,0],[90,0,0,0],[90,0,0,0],[90,0,0,0],[90,0,0,0],[90,0,0,0],[18,1,12,7],[90,0,14,0],[90,0,0,0],[23,1,12,7],[23,1,12,6],[23,1,12,5],[23,1,12,4],[23,1,12,2],[23,1,12,4],[23,1,12,5],[23,1,12,6]],null,null,null,[[16,3,12,7],[90,0,14,0],[90,0,0,0],[28,3,12,7],[90,0,14,0],[90,0,0,0],[30,1,12,10],[30,1,12,7],[30,1,12,6],[30,1,12,5],[90,0,0,0],[30,1,12,4],[90,0,0,0],[30,1,12,3],[90,0,0,0],[30,1,12,2],[90,0,0,0],[90,0,0,0],[29,1,12,10],[29,1,12,7],[29,1,12,6],[29,1,12,5],[90,0,0,0],[29,1,12,4],[90,0,0,0],[29,1,12,3],[90,0,0,0],[29,1,12,2],[90,0,0,0],[90,0,0,0],[25,1,12,10],[25,1,12,7],[25,1,12,6],[25,1,12,5],[90,0,0,0],[25,1,12,4],[90,0,0,0],[25,1,12,3],[90,0,0,0],[25,1,12,2],[90,0,0,0],[90,0,0,0],[25,3,12,10],[25,3,12,7],[25,3,12,6],[90,0,0,0],[25,3,12,5],[90,0,0,0],[25,3,12,10],[25,3,12,7],[25,3,12,6],[90,0,0,0],[25,3,12,5],[90,0,0,0],[21,1,12,7],[21,1,12,6],[21,1,12,5],[18,3,12,7],[18,3,12,6],[18,3,12,5],[18,3,12,4],[18,3,12,4],[18,3,12,5],[18,3,12,6]],null,null,null,null,null,null,null,null,null,null,null,null,null,null,null,null,null,null,null,null,null,null,null,null,null,null,null,null,null,null,null,null,null,null,null,null,null,null,null,null,null,null,null,null,null,null,null,null,null,null,null,null,null,null,null,null,null,null,null,null,null,null,null,null,null,null,null,null,null,null,null,null,null,null,null,null,null,null,null,null,null,null,null,null,null,null,null,null,null,null,null,null,null,null,null,null,null,null],[null,null,[[18,14,12,15],[18,14,12,8],[18,14,12,8],[18,14,12,8],[18,14,12,4],[18,14,12,4],[23,14,12,15],[23,14,12,8],[23,14,12,8],[23,14,12,8],[23,14,12,4],[23,14,12,4],[90,0,0,0],[90,0,0,0],[90,0,0,0],[90,0,0,0],[90,0,0,0],[90,0,0,0],[90,0,0,0],[90,0,0,0],[90,0,0,0],[90,0,0,0],[90,0,0,0],[90,0,0,0],[90,0,0,0],[90,0,0,0],[90,0,0,0],[90,0,0,0],[90,0,0,0],[90,0,0,0],[33,14,12,15],[33,14,12,8],[33,14,12,8],[33,14,12,8],[33,14,12,4],[33,14,12,4],[33,14,12,4],[90,0,0,0],[90,0,0,0],[90,0,0,0],[90,0,0,0],[90,0,0,0],[90,0,0,0],[90,0,0,0],[90,0,0,0],[90,0,0,0],[90,0,0,0],[90,0,0,0],[90,0,0,0],[90,0,0,0],[90,0,0,0],[90,0,0,0],[90,0,0,0],[28,14,12,15],[28,14,12,8],[28,14,12,8],[28,14,12,8],[28,14,12,4],[28,14,12,4],[28,14,12,4],[28,14,12,4],[90,0,0,0],[90,0,0,0],[18,14,12,4]],null,null,null,[[35,14,12,8],[90,0,14,0],[90,0,0,0],[18,14,12,8],[90,0,14,0],[90,0,0,0],[23,14,12,15],[23,14,12,8],[23,14,12,8],[23,14,12,8],[23,14,12,4],[23,14,12,4],[23,14,12,4],[90,0,0,0],[90,0,0,0],[90,0,0,0],[90,0,0,0],[90,0,0,0],[90,0,0,0],[90,0,0,0],[90,0,0,0],[90,0,0,0],[90,0,0,0],[90,0,0,0],[90,0,0,0],[90,0,0,0],[90,0,0,0],[90,0,0,0],[90,0,0,0],[90,0,0,0],[33,14,12,15],[33,14,12,8],[33,14,12,8],[33,14,12,8],[33,14,12,4],[33,14,12,4],[33,14,12,4],[90,0,0,0],[90,0,0,0],[90,0,0,0],[90,0,0,0],[90,0,0,0],[90,0,0,0],[90,0,0,0],[90,0,0,0],[90,0,0,0],[90,0,0,0],[90,0,0,0],[90,0,0,0],[90,0,0,0],[90,0,0,0],[90,0,0,0],[90,0,0,0],[35,14,12,8],[90,0,14,0],[90,0,0,0],[35,14,12,8],[90,0,14,0],[90,0,0,0],[35,14,12,8],[35,14,12,8],[35,14,12,4],[90,0,0,0],[35,14,12,8]],null,null,null,[[18,14,12,15],[18,14,12,8],[18,14,12,8],[18,14,12,8],[18,14,12,4],[18,14,12,4],[23,14,12,15],[23,14,12,8],[23,14,12,8],[23,14,12,8],[23,14,12,4],[23,14,12,4],[23,14,12,4],[90,0,0,0],[90,0,0,0],[16,14,12,15],[16,14,12,8],[16,14,12,4],[21,14,12,15],[21,14,12,8],[21,14,12,8],[21,14,12,4],[21,14,12,4],[21,14,12,4],[23,14,12,15],[23,14,12,8],[23,14,12,8],[23,14,12,8],[23,14,12,4],[23,14,12,4],[33,14,12,15],[33,14,12,8],[33,14,12,8],[33,14,12,8],[33,14,12,4],[33,14,12,4],[33,14,12,4],[90,0,0,0],[18,14,12,15],[21,14,12,15],[90,0,0,0],[23,14,12,15],[26,14,12,15],[90,0,0,0],[28,14,12,15],[26,14,12,15],[90,0,0,0],[22,14,12,15],[21,14,12,15],[90,0,0,0],[18,14,12,15],[21,14,12,15],[90,0,0,0],[28,14,12,15],[28,14,12,8],[28,14,12,8],[28,14,12,8],[28,14,12,4],[28,14,12,4],[28,14,12,4],[28,14,12,4],[90,0,0,0],[90,0,0,0],[18,14,12,4]],null,null,null,[[35,14,12,15],[90,0,14,0],[90,0,0,0],[18,14,12,15],[90,0,14,0],[90,0,0,0],[23,14,12,15],[23,14,12,8],[23,14,12,8],[23,14,12,8],[23,14,12,4],[23,14,12,4],[23,14,12,4],[90,0,0,0],[90,0,0,0],[16,14,12,15],[16,14,12,8],[16,14,12,15],[21,14,12,15],[21,14,12,8],[21,14,12,15],[21,14,12,8],[21,14,12,4],[21,14,12,15],[23,14,12,15],[23,14,12,8],[23,14,12,8],[23,14,12,4],[23,14,12,4],[23,14,12,4],[33,14,12,15],[33,14,12,8],[33,14,12,8],[33,14,12,8],[33,14,12,4],[33,14,12,4],[33,14,12,4],[90,0,0,0],[28,14,12,15],[33,14,12,15],[90,0,0,0],[35,14,12,15],[30,14,12,15],[90,0,0,0],[28,14,12,15],[26,14,12,15],[90,0,0,0],[22,14,12,15],[21,14,12,15],[90,0,0,0],[18,14,12,15],[21,14,12,15],[90,0,0,0],[35,14,12,8],[90,0,14,0],[90,0,0,0],[35,14,12,8],[90,0,14,0],[90,0,0,0],[35,14,12,8],[35,14,12,8],[35,14,12,4],[90,0,14,0],[90,0,0,0]],null,null,null,[[18,14,12,15],[18,14,12,8],[18,14,12,8],[18,14,12,8],[18,14,12,4],[18,14,12,4],[23,14,12,15],[23,14,12,8],[23,14,12,8],[23,14,12,8],[23,14,12,4],[23,14,12,4],[23,14,12,4],[90,0,0,0],[90,0,0,0],[30,14,12,15],[30,14,12,8],[30,14,12,15],[18,14,12,15],[18,14,12,8],[18,14,12,8],[21,14,12,15],[21,14,12,8],[21,14,12,4],[23,14,12,15],[23,14,12,8],[23,14,12,8],[23,14,12,8],[23,14,12,4],[23,14,12,4],[33,14,12,15],[33,14,12,8],[33,14,12,8],[33,14,12,8],[33,14,12,4],[33,14,12,4],[33,14,12,4],[90,0,0,0],[18,14,12,15],[21,14,12,15],[90,0,0,0],[23,14,12,15],[26,14,12,15],[90,0,0,0],[28,14,12,15],[26,14,12,15],[90,0,0,0],[22,14,12,15],[21,14,12,15],[90,0,0,0],[18,14,12,15],[21,14,12,15],[90,0,0,0],[16,14,12,15],[16,14,12,8],[16,14,12,8],[16,14,12,8],[16,14,12,4],[16,14,12,4],[16,14,12,4],[16,14,12,4],[90,0,0,0],[90,0,0,0],[30,14,12,4]],null,null,null,[[35,14,12,15],[90,0,14,0],[90,0,0,0],[18,14,12,15],[90,0,14,0],[90,0,0,0],[23,14,12,15],[23,14,12,8],[23,14,12,8],[23,14,12,8],[23,14,12,4],[23,14,12,4],[23,14,12,4],[90,0,0,0],[90,0,0,0],[16,14,12,15],[16,14,12,8],[16,14,12,15],[18,14,12,15],[18,14,12,8],[18,14,12,4],[18,14,12,15],[18,14,12,8],[18,14,12,4],[21,14,12,15],[21,14,12,8],[21,14,12,8],[23,14,12,15],[23,14,12,8],[23,14,12,4],[33,14,12,15],[33,14,12,8],[33,14,12,8],[33,14,12,8],[33,14,12,4],[33,14,12,4],[33,14,12,4],[90,0,0,0],[28,14,12,15],[33,14,12,15],[90,0,0,0],[35,14,12,15],[30,14,12,15],[90,0,0,0],[28,14,12,15],[26,14,12,15],[90,0,0,0],[28,14,12,15],[33,14,12,15],[90,0,0,0],[26,14,12,15],[30,14,12,15],[90,0,0,0],[47,14,12,8],[90,0,14,0],[90,0,0,0],[47,14,12,8],[90,0,14,0],[90,0,0,0],[47,14,12,8],[47,14,12,8],[47,14,12,4],[90,0,14,0],[90,0,0,0]],null,null,null,[[18,14,12,15],[18,14,12,8],[18,14,12,8],[18,14,12,8],[18,14,12,4],[18,14,12,4],[23,14,12,15],[23,14,12,8],[23,14,12,8],[23,14,12,8],[23,14,12,4],[23,14,12,4],[23,14,12,4],[90,0,0,0],[25,14,12,15],[28,14,12,15],[90,0,0,0],[35,14,12,15],[30,14,12,15],[90,0,14,0],[90,0,0,0],[30,14,12,15],[90,0,0,0],[28,14,12,15],[33,14,12,15],[90,0,0,0],[29,14,12,15],[30,14,12,15],[90,0,0,0],[90,0,0,0],[33,14,12,15],[33,14,12,8],[33,14,12,8],[33,14,12,8],[33,14,12,4],[33,14,12,4],[33,14,12,4],[90,0,0,0],[26,14,12,15],[27,14,12,15],[90,0,0,0],[23,14,12,15],[23,14,12,8],[23,14,12,4],[90,0,0,0],[30,14,12,15],[90,0,0,0],[30,14,12,15],[24,14,12,15],[90,0,0,0],[35,14,12,15],[30,14,12,15],[90,0,0,0],[35,14,12,15],[35,14,12,8],[35,14,12,8],[30,14,12,8],[30,14,12,4],[30,14,12,4],[30,14,12,4],[30,14,12,4],[90,0,0,0],[90,0,0,0],[18,14,12,4]],null,null,null,[[35,14,12,8],[90,0,14,0],[90,0,0,0],[18,14,12,8],[90,0,14,0],[90,0,0,0],[20,14,12,15],[20,14,12,8],[20,14,12,8],[20,14,12,8],[20,14,12,4],[20,14,12,15],[90,0,14,0],[90,0,0,0],[90,0,0,0],[90,0,0,0],[90,0,0,0],[90,0,0,0],[20,14,12,15],[20,14,12,8],[20,14,12,8],[20,14,12,8],[20,14,12,4],[20,14,12,15],[90,0,14,0],[90,0,0,0],[90,0,0,0],[90,0,0,0],[90,0,0,0],[90,0,0,0],[16,14,12,15],[16,14,12,8],[16,14,12,8],[16,14,12,8],[16,14,12,4],[16,14,12,15],[90,0,14,0],[90,0,0,0],[90,0,0,0],[90,0,0,0],[90,0,0,0],[90,0,0,0],[18,14,12,15],[18,14,12,8],[18,14,12,4],[18,14,12,15],[18,14,12,8],[18,14,12,4],[23,14,12,15],[23,14,12,8],[23,14,12,4],[23,14,12,15],[23,14,12,8],[23,14,12,4],[23,14,12,15],[23,14,12,8],[23,14,12,8],[23,14,12,15],[23,14,12,8],[23,14,12,4],[90,0,0,0],[90,0,0,0],[90,0,0,0],[90,0,0,0]],null,null,null,null,null,null,null,null,null,null,null,null,null,null,null,null,null,null,null,null,null,null,null,null,null,null,null,null,null,null,null,null,null,null,null,null,null,null,null,null,null,null,null,null,null,null,null,null,null,null,null,null,null,null,null,null,null,null,null,null,null,null,null,null,null,null,null,null,null,null,null,null,null,null,null,null,null,null,null,null,null,null,null,null,null,null,null,null,null,null,null,null,null,null,null,null,null],[null,null,null,[[90,0,15,7],[90,0,0,0],[90,0,0,0],[90,0,0,0],[90,0,0,0],[90,0,0,0],[90,0,0,0],[90,0,0,0],[90,0,0,0],[90,0,0,0],[90,0,0,0],[90,0,0,0],[90,0,0,0],[90,0,0,0],[90,0,0,0],[90,0,0,0],[90,0,0,0],[90,0,0,0],[90,0,0,0],[90,0,0,0],[90,0,0,0],[90,0,0,0],[90,0,0,0],[90,0,0,0],[90,0,0,0],[90,0,0,0],[90,0,0,0],[90,0,0,0],[90,0,0,0],[90,0,0,0],[90,0,0,0],[90,0,0,0],[90,0,0,0],[90,0,0,0],[90,0,0,0],[90,0,0,0],[90,0,0,0],[90,0,0,0],[90,0,0,0],[90,0,0,0],[90,0,0,0],[90,0,0,0],[90,0,0,0],[90,0,0,0],[90,0,0,0],[90,0,0,0],[90,0,0,0],[90,0,0,0],[90,0,0,0],[90,0,0,0],[90,0,0,0],[90,0,0,0],[90,0,0,0],[90,0,0,0],[90,0,0,0],[90,0,0,0],[90,0,0,0],[90,0,0,0],[90,0,0,0],[90,0,0,0],[90,0,0,0],[90,0,0,0],[90,0,0,0],[90,0,0,0]],null,null,null,null,null,null,null,[[90,0,14,0],[90,0,0,0],[90,0,0,0],[90,0,0,0],[90,0,0,0],[59,1,12,3],[51,1,14,1],[90,0,0,0],[90,0,0,0],[51,1,14,2],[90,0,0,0],[51,1,14,2],[51,1,14,2],[90,0,0,0],[90,0,0,0],[51,1,14,2],[90,0,0,0],[51,1,14,2],[51,1,14,2],[90,0,0,0],[90,0,0,0],[51,1,14,2],[90,0,0,0],[51,1,14,2],[51,1,14,2],[90,0,0,0],[90,0,0,0],[43,1,14,2],[90,0,0,0],[90,0,0,0],[43,1,14,1],[90,0,0,0],[90,0,0,0],[51,1,14,2],[90,0,0,0],[51,1,14,2],[51,1,14,2],[90,0,0,0],[90,0,0,0],[51,1,14,2],[90,0,0,0],[51,1,14,2],[51,1,14,2],[90,0,0,0],[90,0,0,0],[51,1,14,2],[90,0,0,0],[51,1,14,2],[51,1,14,2],[90,0,0,0],[90,0,0,0],[51,1,14,1],[90,0,0,0],[43,1,12,7],[43,1,12,3],[43,1,12,1],[43,1,12,7],[43,1,12,3],[43,1,12,1],[90,0,14,0],[90,0,0,0],[90,0,0,0],[90,0,0,0],[90,0,0,0]],null,null,null,[[90,0,0,0],[90,0,0,0],[59,1,12,7],[51,1,14,2],[90,0,0,0],[90,0,0,0],[51,1,14,2],[90,0,0,0],[90,0,0,0],[51,1,14,2],[90,0,0,0],[51,1,14,2],[51,1,14,2],[90,0,0,0],[90,0,0,0],[51,1,14,2],[90,0,0,0],[51,1,14,2],[51,1,14,2],[90,0,0,0],[90,0,0,0],[51,1,14,2],[90,0,0,0],[51,1,14,2],[90,0,0,0],[90,0,0,0],[51,1,14,2],[90,0,0,0],[90,0,0,0],[51,1,14,2],[51,1,14,2],[90,0,0,0],[90,0,0,0],[51,1,14,2],[90,0,0,0],[51,1,14,2],[51,1,14,2],[90,0,0,0],[90,0,0,0],[51,1,14,2],[90,0,0,0],[51,1,14,2],[51,1,14,2],[90,0,0,0],[90,0,0,0],[51,1,14,2],[90,0,0,0],[51,1,14,2],[51,1,14,2],[90,0,0,0],[90,0,0,0],[51,1,14,2],[90,0,0,0],[43,1,12,7],[43,1,12,3],[43,1,12,1],[43,1,12,7],[43,1,12,3],[43,1,12,1],[43,1,12,10],[43,1,12,7],[43,1,12,3],[43,1,12,1],[90,0,0,0]],null,null,null,[[43,1,12,10],[43,1,12,3],[43,1,12,2],[43,1,12,1],[90,0,14,0],[59,1,12,7],[51,1,14,2],[90,0,0,0],[90,0,0,0],[51,1,14,2],[90,0,0,0],[51,1,12,7],[51,1,14,2],[90,0,0,0],[90,0,0,0],[51,1,14,2],[90,0,0,0],[51,1,12,7],[51,1,14,2],[90,0,0,0],[90,0,0,0],[51,1,14,2],[90,0,0,0],[51,1,14,2],[51,1,14,2],[90,0,0,0],[90,0,0,0],[51,1,14,2],[90,0,0,0],[90,0,0,0],[51,1,12,7],[51,1,12,1],[59,1,12,7],[51,1,14,2],[90,0,0,0],[51,1,14,2],[51,1,14,2],[90,0,0,0],[90,0,0,0],[51,1,12,7],[90,0,0,0],[51,1,14,2],[51,1,14,2],[90,0,0,0],[90,0,0,0],[51,1,14,2],[90,0,0,0],[51,1,14,2],[51,1,14,2],[90,0,0,0],[90,0,0,0],[90,0,0,0],[90,0,0,0],[43,1,14,2],[90,0,0,0],[90,0,0,0],[43,1,12,7],[43,1,12,3],[43,1,12,2],[43,1,12,1],[90,0,14,0],[90,0,0,0],[90,0,0,0],[90,0,0,0]],null,null,null,[[90,0,0,0],[90,0,0,0],[59,1,12,7],[51,1,14,2],[90,0,0,0],[90,0,0,0],[51,1,14,2],[90,0,0,0],[90,0,0,0],[51,1,14,2],[90,0,0,0],[51,1,14,2],[51,1,14,2],[90,0,0,0],[90,0,0,0],[51,1,14,2],[90,0,0,0],[51,1,14,2],[51,1,14,2],[90,0,0,0],[90,0,0,0],[51,1,14,2],[90,0,0,0],[51,1,14,2],[90,0,0,0],[90,0,0,0],[51,1,14,2],[90,0,0,0],[90,0,0,0],[51,1,14,2],[51,1,14,2],[90,0,0,0],[90,0,0,0],[51,1,14,2],[90,0,0,0],[51,1,14,2],[51,1,14,2],[90,0,0,0],[90,0,0,0],[51,1,14,2],[90,0,0,0],[51,1,14,2],[51,1,14,2],[90,0,0,0],[90,0,0,0],[51,1,14,2],[90,0,0,0],[51,1,14,2],[51,1,14,2],[90,0,0,0],[90,0,0,0],[51,1,14,2],[90,0,0,0],[43,1,12,7],[43,1,12,3],[43,1,12,1],[43,1,12,7],[43,1,12,3],[43,1,12,1],[51,1,12,7],[43,1,12,7],[43,1,12,3],[43,1,12,2],[43,1,12,1]],null,null,null,[[43,1,12,10],[43,1,12,3],[43,1,12,2],[43,1,12,1],[90,0,14,0],[59,1,12,7],[51,1,14,2],[90,0,0,0],[90,0,0,0],[51,1,14,2],[90,0,0,0],[51,1,12,7],[51,1,14,2],[90,0,0,0],[90,0,0,0],[51,1,14,2],[90,0,0,0],[51,1,12,7],[51,1,14,2],[90,0,0,0],[90,0,0,0],[51,1,14,2],[90,0,0,0],[51,1,14,2],[51,1,14,2],[90,0,0,0],[90,0,0,0],[51,1,14,2],[90,0,0,0],[90,0,0,0],[51,1,12,7],[51,1,12,3],[59,1,12,7],[51,1,14,2],[90,0,0,0],[51,1,14,2],[51,1,14,2],[90,0,0,0],[90,0,0,0],[51,1,12,7],[90,0,0,0],[51,1,14,2],[51,1,14,2],[90,0,0,0],[90,0,0,0],[51,1,14,2],[90,0,0,0],[51,1,14,2],[51,1,14,2],[90,0,0,0],[90,0,0,0],[51,1,14,2],[90,0,0,0],[43,1,14,2],[90,0,0,0],[90,0,0,0],[43,1,12,7],[43,1,12,3],[43,1,12,2],[43,1,12,1],[90,0,14,0],[90,0,0,0],[90,0,0,0],[90,0,0,0]],null,null,null,[[90,0,0,0],[90,0,0,0],[90,0,0,0],[90,0,0,0],[90,0,0,0],[51,1,12,7],[51,1,14,2],[90,0,0,0],[90,0,0,0],[51,1,14,2],[90,0,0,0],[51,1,14,2],[51,1,14,2],[90,0,0,0],[90,0,0,0],[51,1,14,2],[90,0,0,0],[51,1,14,2],[51,1,14,2],[90,0,0,0],[90,0,0,0],[51,1,14,2],[90,0,0,0],[51,1,14,2],[90,0,0,0],[90,0,0,0],[51,1,14,2],[90,0,0,0],[90,0,0,0],[51,1,14,2],[51,1,14,2],[90,0,0,0],[90,0,0,0],[51,1,14,2],[90,0,0,0],[51,1,14,2],[51,1,14,2],[90,0,0,0],[90,0,0,0],[51,1,14,2],[90,0,0,0],[51,1,14,2],[51,1,14,2],[90,0,0,0],[90,0,0,0],[51,1,14,2],[90,0,0,0],[51,1,14,2],[51,1,14,2],[90,0,0,0],[90,0,0,0],[43,1,12,7],[43,1,12,3],[43,1,12,2],[43,1,12,7],[43,1,12,3],[43,1,12,7],[43,1,12,3],[43,1,12,1],[90,0,14,0],[90,0,0,0],[90,0,0,0],[90,0,0,0],[90,0,0,0]],[[43,1,12,10],[43,1,12,3],[43,1,12,2],[43,1,12,1],[90,0,14,0],[59,1,12,7],[51,1,14,2],[90,0,0,0],[90,0,0,0],[51,1,14,2],[90,0,0,0],[51,1,12,7],[51,1,14,2],[90,0,0,0],[90,0,0,0],[51,1,14,2],[90,0,0,0],[51,1,12,7],[51,1,14,2],[90,0,0,0],[90,0,0,0],[51,1,14,2],[90,0,0,0],[51,1,14,2],[51,1,14,2],[90,0,0,0],[90,0,0,0],[51,1,14,2],[90,0,0,0],[90,0,0,0],[51,1,12,7],[51,1,12,3],[59,1,12,7],[51,1,14,2],[90,0,0,0],[51,1,14,2],[51,1,14,2],[90,0,0,0],[90,0,0,0],[51,1,12,7],[90,0,0,0],[51,1,14,2],[51,1,14,2],[90,0,0,0],[90,0,0,0],[51,1,14,2],[90,0,0,0],[51,1,14,2],[51,1,14,2],[90,0,0,0],[90,0,0,0],[90,0,0,0],[90,0,0,0],[43,1,14,2],[90,0,0,0],[90,0,0,0],[43,1,12,7],[43,1,12,3],[43,1,12,2],[43,1,12,1],[90,0,14,0],[90,0,0,0],[90,0,0,0],[90,0,11,2]],null,null,null,null,null,null,null,null,null,null,null,null,null,null,null,null,null,null,null,null,null,null,null,null,null,null,null,null,null,null,null,null,null,null,null,null,null,null,null,null,null,null,null,null,null,null,null,null,null,null,null,null,null,null,null,null,null,null,null,null,null,null,null,null,null,null,null,null,null,null,null,null,null,null,null,null,null,null,null,null,null,null,null,null,null,null,null,null,null,null,null,null,null,null,null]],"channels":[[0,4,8,12,16,20,24,28,8,12,16],[1,5,9,13,17,21,25,29,9,13,17],[2,6,10,14,18,22,26,30,10,14,18],[3,7,11,15,19,23,27,31,11,15,32]]}}