{"song":{"name":"Dreamy","artist":"TipTopTomCat","comment":"https://tiptoptomcat.itch.io/","duty_instruments":[{"name":"Duty1","length":null,"initial_volume":15,"volume_sweep_change":0,"frequency_sweep_time":0,"frequency_sweep_shift":0,"duty_cycle":1},{"name":"Duty2","length":null,"initial_volume":15,"volume_sweep_change":0,"frequency_sweep_time":0,"frequency_sweep_shift":0,"duty_cycle":2},{"name":"Duty3","length":null,"initial_volume":15,"volume_sweep_change":0,"frequency_sweep_time":0,"frequency_sweep_shift":0,"duty_cycle":3},{"name":"Duty4","length":null,"initial_volume":15,"volume_sweep_change":0,"frequency_sweep_time":0,"frequency_sweep_shift":0,"duty_cycle":0},{"name":"Duty5","length":null,"initial_volume":15,"volume_sweep_change":0,"frequency_sweep_time":0,"frequency_sweep_shift":0,"duty_cycle":2},{"name":"Duty6","length":null,"initial_volume":15,"volume_sweep_change":0,"frequency_sweep_time":0,"frequency_sweep_shift":0,"duty_cycle":2},{"name":"Duty7","length":null,"initial_volume":15,"volume_sweep_change":0,"frequency_sweep_time":0,"frequency_sweep_shift":0,"duty_cycle":2},{"name":"Duty8","length":null,"initial_volume":15,"volume_sweep_change":0,"frequency_sweep_time":0,"frequency_sweep_shift":0,"duty_cycle":2},{"name":"Duty9","length":null,"initial_volume":15,"volume_sweep_change":0,"frequency_sweep_time":0,"frequency_sweep_shift":0,"duty_cycle":2},{"name":"Duty10","length":null,"initial_volume":15,"volume_sweep_change":0,"frequency_sweep_time":0,"frequency_sweep_shift":0,"duty_cycle":2},{"name":"Duty11","length":null,"initial_volume":15,"volume_sweep_change":0,"frequency_sweep_time":0,"frequency_sweep_shift":0,"duty_cycle":2},{"name":"Duty12","length":null,"initial_volume":15,"volume_sweep_change":0,"frequency_sweep_time":0,"frequency_sweep_shift":0,"duty_cycle":2},{"name":"Duty13","length":null,"initial_volume":15,"volume_sweep_change":0,"frequency_sweep_time":0,"frequency_sweep_shift":0,"duty_cycle":2},{"name":"Duty14","length":null,"initial_volume":15,"volume_sweep_change":0,"frequency_sweep_time":0,"frequency_sweep_shift":0,"duty_cycle":2},{"name":"Duty15","length":null,"initial_volume":15,"volume_sweep_change":0,"frequency_sweep_time":0,"frequency_sweep_shift":0,"duty_cycle":2}],"wave_instruments":[{"name":"Wave1","length":null,"volume":1,"wave_index":0},{"name":"Wave2","length":null,"volume":1,"wave_index":1},{"name":"Wave3","length":null,"volume":1,"wave_index":2},{"name":"Wave4","length":null,"volume":1,"wave_index":3},{"name":"Wave5","length":null,"volume":1,"wave_index":4},{"name":"Wave6","length":null,"volume":1,"wave_index":5},{"name":"Wave7","length":null,"volume":1,"wave_index":6},{"name":"Wave8","length":null,"volume":1,"wave_index":0},{"name":"Wave9","length":null,"volume":1,"wave_index":1},{"name":"Wave10","length":null,"volume":1,"wave_index":2},{"name":"Wave11","length":null,"volume":1,"wave_index":3},{"name":"Wave12","length":null,"volume":1,"wave_index":4},{"name":"Wave13","length":null,"volume":1,"wave_index":5},{"name":"Wave14","length":null,"volume":1,"wave_index":6},{"name":"Wave15","length":null,"volume":1,"wave_index":7}],"noise_instruments":[{"name":"Noise1","length":null,"initial_volume":15,"volume_sweep_change":0,"shift_clock_mask":0,"dividing_ratio":0,"bit_count":1,"noise_macro":[0,0,0,0,0,0,0,0,0,0,0,0,0,0,0]},{"name":"Noise2","length":null,"initial_volume":15,"volume_sweep_change":0,"shift_clock_mask":0,"dividing_ratio":0,"bit_count":1,"noise_macro":[0,0,0,0,0,0,0,0,0,0,0,0,0,0,0]},{"name":"Noise3","length":null,"initial_volume":15,"volume_sweep_change":0,"shift_clock_mask":0,"dividing_ratio":0,"bit_count":1,"noise_macro":[0,0,0,0,0,0,0,0,0,0,0,0,0,0,0]},{"name":"Noise4","length":null,"initial_volume":15,"volume_sweep_change":0,"shift_clock_mask":0,"dividing_ratio":0,"bit_count":1,"noise_macro":[0,0,0,0,0,0,0,0,0,0,0,0,0,0,0]},{"name":"Noise5","length":null,"initial_volume":15,"volume_sweep_change":0,"shift_clock_mask":0,"dividing_ratio":0,"bit_count":1,"noise_macro":[0,0,0,0,0,0,0,0,0,0,0,0,0,0,0]},{"name":"Noise6","length":null,"initial_volume":15,"volume_sweep_change":0,"shift_clock_mask":0,"dividing_ratio":0,"bit_count":1,"noise_macro":[0,0,0,0,0,0,0,0,0,0,0,0,0,0,0]},{"name":"Noise7","length":null,"initial_volume":15,"volume_sweep_change":0,"shift_clock_mask":0,"dividing_ratio":0,"bit_count":1,"noise_macro":[0,0,0,0,0,0,0,0,0,0,0,0,0,0,0]},{"name":"Noise8","length":null,"initial_volume":15,"volume_sweep_change":0,"shift_clock_mask":0,"dividing_ratio":0,"bit_count":1,"noise_macro":[0,0,0,0,0,0,0,0,0,0,0,0,0,0,0]},{"name":"Noise9","length":null,"initial_volume":15,"volume_sweep_change":0,"shift_clock_mask":0,"dividing_ratio":0,"bit_count":1,"noise_macro":[0,0,0,0,0,0,0,0,0,0,0,0,0,0,0]},{"name":"Noise10","length":null,"initial_volume":15,"volume_sweep_change":0,"shift_clock_mask":0,"dividing_ratio":0,"bit_count":1,"noise_macro":[0,0,0,0,0,0,0,0,0,0,0,0,0,0,0]},{"name":"Noise11","length":null,"initial_volume":15,"volume_sweep_change":0,"shift_clock_mask":0,"dividing_ratio":0,"bit_count":1,"noise_macro":[0,0,0,0,0,0,0,0,0,0,0,0,0,0,0]},{"name":"Noise12","length":null,"initial_volume":15,"volume_sweep_change":0,"shift_clock_mask":0,"dividing_ratio":0,"bit_count":1,"noise_macro":[0,0,0,0,0,0,0,0,0,0,0,0,0,0,0]},{"name":"Noise13","length":null,"initial_volume":15,"volume_sweep_change":0,"shift_clock_mask":0,"dividing_ratio":0,"bit_count":1,"noise_macro":[0,0,0,0,0,0,0,0,0,0,0,0,0,0,0]},{"name":"Noise14","length":null,"initial_volume":15,"volume_sweep_change":0,"shift_clock_mask":0,"dividing_ratio":0,"bit_count":1,"noise_macro":[0,0,0,0,0,0,0,0,0,0,0,0,0,0,0]},{"name":"Noise15","length":null,"initial_volume":15,"volume_sweep_change":0,"shift_clock_mask":0,"dividing_ratio":0,"bit_count":1,"noise_macro":[0,0,0,0,0,0,0,0,0,0,0,0,0,0,0]}],"waves":[[10,5,13,7,12,9,14,1,11,12,9,10,7,6,3,1,0,12,11,10,13,14,6,0,1,11,12,10,0,3,9,3],[15,0,14,1,13,2,12,3,11,4,10,5,9,6,8,7,7,8,6,9,5,10,4,11,3,12,2,13,1,14,0,15],[15,13,14,12,13,11,12,10,11,9,10,8,9,7,8,6,7,9,6,8,5,7,4,6,3,5,2,4,1,3,0,2],[13,14,15,14,13,12,11,10,9,10,10,9,8,7,7,7,8,8,8,7,6,5,5,6,5,4,3,2,1,0,1,2],[10,11,12,13,14,15,14,13,12,11,10,0,1,2,3,14,13,12,11,10,11,12,13,14,15,14,13,12,3,2,1,0],[15,15,14,14,13,13,12,12,11,11,10,10,9,9,8,8,7,7,6,6,5,5,4,4,3,3,2,2,1,1,0,0],[15,15,15,15,15,15,15,15,15,15,15,15,15,15,15,15,0,0,0,0,0,0,0,0,0,0,0,0,0,0,0,0],[7,9,11,12,13,14,14,15,15,15,14,14,13,12,11,9,7,5,4,3,2,1,1,0,0,0,1,1,2,3,4,5],[9,2,7,0,4,11,5,10,14,3,0,5,7,8,1,1,6,1,8,6,13,3,5,5,13,4,10,6,9,8,11,1],[6,0,9,9,11,4,8,7,13,6,8,7,2,3,3,6,7,0,1,1,1,5,1,2,6,2,6,13,4,11,2,2],[7,4,5,4,12,0,1,9,3,4,8,4,0,13,10,3,14,2,6,9,7,0,8,9,13,8,7,0,11,11,5,13],[12,5,10,5,11,6,1,3,6,13,6,0,11,13,13,9,12,10,7,1,13,7,4,0,8,1,14,2,1,12,5,12],[0,8,14,12,6,13,5,13,12,9,2,4,3,3,0,12,9,2,13,0,9,8,14,9,4,4,4,12,3,10,2,5],[9,12,10,12,3,7,9,13,3,12,11,8,9,5,1,13,1,12,12,6,11,14,7,10,7,3,5,14,4,0,10,9],[0,6,8,12,5,1,7,9,5,14,11,1,1,9,14,7,8,9,5,11,1,0,3,5,4,13,2,9,3,3,0,11],[12,0,6,9,3,0,9,13,7,9,7,11,14,10,4,7,4,14,6,6,1,1,13,13,8,3,1,7,10,11,5,2]],"ticks_per_row":7,"orders":[[[[90,0,0,0],[39,2,12,1],[39,2,12,2],[39,2,12,3],[39,2,12,4],[39,2,12,5],[39,2,12,6],[39,2,12,7],[39,2,12,8],[39,2,12,8],[39,2,12,9],[39,2,12,10],[39,2,12,11],[90,0,14,0],[90,0,0,0],[90,0,0,0],[90,0,0,0],[90,0,0,0],[90,0,0,0],[90,0,0,0],[90,0,0,0],[90,0,0,0],[90,0,0,0],[90,0,0,0],[90,0,0,0],[90,0,0,0],[90,0,0,0],[90,0,0,0],[90,0,0,0],[90,0,0,0],[90,0,0,0],[90,0,0,0],[90,0,0,0],[90,0,0,0],[90,0,0,0],[90,0,0,0],[90,0,0,0],[90,0,0,0],[90,0,0,0],[90,0,0,0],[90,0,0,0],[90,0,0,0],[90,0,0,0],[90,0,0,0],[90,0,0,0],[90,0,0,0],[90,0,0,0],[90,0,0,0],[90,0,0,0],[90,0,0,0],[90,0,0,0],[90,0,0,0],[90,0,0,0],[90,0,0,0],[90,0,0,0],[90,0,0,0],[90,0,0,0],[90,0,0,0],[90,0,0,0],[90,0,0,0],[90,0,0,0],[90,0,0,0],[90,0,0,0],[90,0,0,0]],null,null,null,[[30,2,12,2],[32,2,12,1],[27,2,12,8],[20,2,12,2],[23,2,12,8],[27,2,12,2],[22,2,12,8],[23,2,12,2],[27,2,12,8],[20,2,12,2],[23,2,12,8],[27,2,12,2],[20,2,12,8],[23,2,12,2],[28,1,12,7],[28,1,12,7],[28,1,12,6],[28,1,12,5],[28,1,12,4],[28,1,12,3],[28,1,12,2],[28,1,12,1],[90,0,0,0],[90,0,0,0],[90,0,0,0],[90,0,0,0],[28,1,12,8],[21,1,12,2],[25,1,12,8],[28,1,12,2],[21,1,12,8],[25,1,12,2],[28,1,12,8],[21,1,12,2],[25,1,12,8],[28,1,12,2],[33,2,12,8],[33,2,12,1],[32,2,12,7],[32,2,12,7],[32,2,12,6],[32,2,12,5],[32,2,12,4],[32,2,12,3],[32,2,12,2],[32,2,12,1],[90,0,0,0],[90,0,14,0],[33,1,12,8],[30,1,12,2],[32,1,12,8],[33,1,12,2],[25,1,12,8],[32,1,12,2],[28,1,12,8],[25,1,12,2],[30,1,12,8],[28,1,12,2],[37,1,12,8],[30,1,12,2],[32,1,12,8],[37,1,12,4],[30,1,12,8],[32,1,12,4]],null,null,[[90,0,14,0],[90,0,14,0],[35,1,12,7],[35,1,12,7],[35,1,12,6],[35,1,12,5],[35,1,12,4],[35,1,12,3],[35,1,12,2],[35,1,12,1],[90,0,0,0],[90,0,0,0],[90,0,0,0],[90,0,0,0],[25,2,12,8],[20,2,12,2],[23,2,12,8],[25,2,12,2],[20,2,12,8],[23,2,12,2],[25,2,12,8],[20,2,12,2],[23,2,12,8],[25,2,12,2],[20,0,0,0],[23,0,0,0],[27,2,12,7],[27,2,12,7],[27,2,12,6],[27,2,12,5],[27,2,12,4],[27,2,12,3],[27,2,12,2],[27,2,12,1],[90,0,0,0],[90,0,0,0],[21,1,12,8],[25,1,12,2],[30,1,12,8],[21,1,12,2],[27,1,12,8],[30,1,12,2],[21,1,12,8],[27,1,12,2],[32,1,12,8],[21,1,12,2],[30,1,12,8],[32,1,12,2],[27,2,12,8],[27,2,12,1],[25,2,12,7],[25,2,12,7],[25,2,12,6],[25,2,12,5],[25,2,12,4],[25,2,12,3],[32,2,12,4],[90,0,0,0],[32,2,12,3],[90,0,0,0],[32,2,12,2],[90,0,0,0],[90,0,14,0],[90,0,0,0]],null,null,null,[[34,1,12,2],[34,1,12,1],[35,1,12,7],[35,1,12,7],[35,1,12,6],[35,1,12,5],[35,1,12,4],[35,1,12,3],[35,1,12,2],[35,1,12,1],[90,0,0,0],[90,0,0,0],[90,0,0,0],[90,0,0,0],[28,1,12,7],[28,1,12,7],[28,1,12,6],[28,1,12,5],[28,1,12,4],[28,1,12,3],[28,1,12,2],[28,1,12,1],[90,0,0,0],[90,0,0,0],[90,0,0,0],[90,0,0,0],[32,2,12,8],[21,2,12,2],[25,2,12,8],[30,2,12,2],[21,2,12,8],[25,2,12,2],[32,2,12,8],[21,2,12,2],[25,2,12,8],[30,2,12,2],[21,2,12,8],[25,2,12,2],[30,2,12,8],[21,2,12,2],[27,2,12,8],[30,2,12,2],[21,2,12,8],[27,2,12,2],[32,2,12,8],[21,2,12,2],[30,2,12,8],[32,2,12,2],[33,2,12,8],[30,2,12,2],[32,2,12,8],[33,2,12,2],[25,2,12,8],[32,2,12,2],[28,2,12,8],[25,2,12,2],[30,2,12,8],[28,2,12,2],[37,2,12,8],[30,2,12,2],[32,2,12,8],[37,2,12,4],[30,2,12,8],[32,2,12,4]],null,null,null,null,null,null,null,null,null,null,null,null,null,null,null,null,null,null,null,null,null,null,null,null,null,null,null,null,null,null,null,null,null,null,null,null,null,null,null,null,null,null,null,null,null,null,null,null,null,null,null,null,null,null,null,null,null,null,null,null,null,null,null,null,null,null,null,null,null,null,null,null,null,null,null,null,null,null,null,null,null,null,null,null,null,null,null,null,null,null,null,null,null,null,null,null,null,null,null,null,null,null,null,null,null,null,null,null,null,null,null,null,null,null,null,null],[null,[[90,0,0,0],[44,1,14,0],[90,0,0,0],[90,0,0,0],[90,0,0,0],[90,0,0,0],[90,0,0,0],[44,1,12,1],[44,1,12,1],[44,1,12,2],[44,1,12,3],[44,1,12,4],[44,1,12,5],[90,0,14,0],[90,0,0,0],[90,0,0,0],[90,0,0,0],[90,0,0,0],[90,0,0,0],[90,0,0,0],[90,0,0,0],[90,0,0,0],[90,0,0,0],[90,0,0,0],[90,0,0,0],[90,0,0,0],[90,0,0,0],[90,0,0,0],[90,0,0,0],[90,0,0,0],[90,0,0,0],[90,0,0,0],[90,0,0,0],[90,0,0,0],[90,0,0,0],[90,0,0,0],[90,0,0,0],[90,0,0,0],[90,0,0,0],[90,0,0,0],[90,0,0,0],[90,0,0,0],[90,0,0,0],[90,0,0,0],[90,0,0,0],[90,0,0,0],[90,0,0,0],[90,0,0,0],[90,0,0,0],[90,0,0,0],[90,0,0,0],[90,0,0,0],[90,0,0,0],[90,0,0,0],[90,0,0,0],[90,0,0,0],[90,0,0,0],[90,0,0,0],[90,0,0,0],[90,0,0,0],[90,0,0,0],[90,0,0,0],[90,0,0,0],[90,0,0,0]],null,null,null,[[90,0,14,0],[90,0,0,0],[35,2,12,7],[35,2,12,7],[35,2,12,6],[35,2,12,5],[35,2,12,4],[35,2,12,3],[35,2,12,2],[35,2,12,1],[90,0,0,0],[90,0,0,0],[90,0,0,0],[90,0,0,0],[25,2,12,8],[20,2,12,2],[23,2,12,8],[25,2,12,2],[20,2,12,8],[23,2,12,2],[25,2,12,8],[20,2,12,2],[23,2,12,8],[25,2,12,2],[20,2,12,2],[23,2,12,2],[33,2,12,7],[33,2,12,7],[33,2,12,6],[33,2,12,5],[33,2,12,4],[33,2,12,3],[33,2,12,2],[33,2,12,1],[90,0,0,0],[90,0,0,0],[21,1,12,8],[25,1,12,2],[30,1,12,8],[21,1,12,2],[27,1,12,8],[30,1,12,2],[21,1,12,8],[27,1,12,2],[32,1,12,8],[21,1,12,2],[30,1,12,8],[32,1,12,2],[27,2,12,8],[27,2,12,1],[27,2,12,7],[27,2,12,7],[27,2,12,6],[27,2,12,5],[27,2,12,4],[27,2,12,3],[25,2,12,4],[90,0,0,0],[25,2,12,3],[90,0,0,0],[25,2,12,2],[90,0,0,0],[25,2,12,1],[90,0,0,0]],null,null,[[30,2,12,2],[32,2,12,1],[27,2,12,8],[20,2,12,2],[23,2,12,8],[27,2,12,2],[22,2,12,8],[23,2,12,2],[27,2,12,8],[20,2,12,2],[23,2,12,8],[27,2,12,2],[20,2,12,8],[23,2,12,2],[28,1,12,7],[28,1,12,7],[28,1,12,6],[28,1,12,5],[28,1,12,4],[28,1,12,3],[28,1,12,2],[28,1,12,1],[90,0,0,0],[90,0,0,0],[90,0,0,0],[90,0,0,0],[32,1,12,8],[21,1,12,2],[25,1,12,8],[30,1,12,2],[21,1,12,8],[25,1,12,2],[32,1,12,8],[21,1,12,2],[25,1,12,8],[30,1,12,2],[33,2,12,8],[33,2,12,1],[37,2,12,7],[37,2,12,7],[37,2,12,6],[37,2,12,5],[37,2,12,4],[37,2,12,3],[37,2,12,2],[37,2,12,1],[90,0,0,0],[90,0,14,0],[33,1,12,8],[30,1,12,2],[32,1,12,8],[33,1,12,2],[25,1,12,8],[32,1,12,2],[28,1,12,8],[25,1,12,2],[30,1,12,8],[28,1,12,2],[37,1,12,8],[30,1,12,2],[32,1,12,8],[37,1,12,4],[90,0,14,0],[90,0,0,0]],null,null,null,[[30,2,12,2],[32,2,12,1],[27,2,12,8],[20,2,12,2],[23,2,12,8],[27,2,12,2],[22,2,12,8],[23,2,12,2],[27,2,12,8],[20,2,12,2],[23,2,12,8],[27,2,12,2],[20,2,12,8],[23,2,12,2],[25,2,12,8],[20,2,12,2],[23,2,12,8],[25,2,12,2],[20,2,12,8],[23,2,12,2],[25,2,12,8],[20,2,12,2],[23,2,12,8],[25,2,12,2],[20,2,12,2],[23,2,12,2],[33,1,12,7],[33,1,12,7],[33,1,12,6],[33,1,12,5],[33,1,12,4],[33,1,12,3],[33,1,12,2],[33,1,12,1],[90,0,0,0],[90,0,0,0],[33,1,12,8],[33,1,12,1],[27,1,12,7],[27,1,12,7],[27,1,12,6],[27,1,12,5],[27,1,12,4],[27,1,12,3],[27,1,12,2],[27,1,12,1],[90,0,0,0],[90,0,14,0],[27,1,12,8],[27,1,12,1],[25,1,12,7],[25,1,12,7],[25,1,12,6],[25,1,12,5],[25,1,12,4],[25,1,12,3],[32,1,12,4],[90,0,0,0],[32,1,12,3],[90,0,0,0],[32,1,12,2],[90,0,0,0],[32,1,12,1],[90,0,0,0]],null,null,null,null,null,null,null,null,null,null,null,null,null,null,null,null,null,null,null,null,null,null,null,null,null,null,null,null,null,null,null,null,null,null,null,null,null,null,null,null,null,null,null,null,null,null,null,null,null,null,null,null,null,null,null,null,null,null,null,null,null,null,null,null,null,null,null,null,null,null,null,null,null,null,null,null,null,null,null,null,null,null,null,null,null,null,null,null,null,null,null,null,null,null,null,null,null,null,null,null,null,null,null,null,null,null,null,null,null,null,null,null,null,null,null],[null,null,[[90,0,15,9],[35,15,12,4],[90,0,0,0],[90,0,0,0],[90,0,0,0],[90,0,0,0],[90,0,0,0],[90,0,0,0],[90,0,0,0],[35,15,12,8],[90,0,0,0],[90,0,0,0],[90,0,11,2],[90,0,14,0],[90,0,0,0],[90,0,0,0],[90,0,0,0],[90,0,0,0],[90,0,0,0],[90,0,0,0],[90,0,0,0],[90,0,0,0],[90,0,0,0],[90,0,0,0],[90,0,0,0],[90,0,0,0],[90,0,0,0],[90,0,0,0],[90,0,0,0],[90,0,0,0],[90,0,0,0],[90,0,0,0],[90,0,0,0],[90,0,0,0],[90,0,0,0],[90,0,0,0],[90,0,0,0],[90,0,0,0],[90,0,0,0],[90,0,0,0],[90,0,0,0],[90,0,0,0],[90,0,0,0],[90,0,0,0],[90,0,0,0],[90,0,0,0],[90,0,0,0],[90,0,0,0],[90,0,0,0],[90,0,0,0],[90,0,0,0],[90,0,0,0],[90,0,0,0],[90,0,0,0],[90,0,0,0],[90,0,0,0],[90,0,0,0],[90,0,0,0],[90,0,0,0],[90,0,0,0],[90,0,0,0],[90,0,0,0],[90,0,0,0],[90,0,0,0]],null,null,null,[[90,0,14,0],[90,0,0,0],[23,15,12,8],[90,0,0,0],[90,0,0,0],[90,0,0,0],[90,0,0,0],[23,15,12,4],[90,0,0,0],[90,0,0,0],[90,0,0,0],[90,0,0,0],[90,0,0,0],[90,0,14,0],[16,15,12,8],[90,0,0,0],[90,0,0,0],[90,0,0,0],[90,0,0,0],[16,15,12,4],[90,0,0,0],[90,0,0,0],[90,0,0,0],[90,0,0,0],[90,0,0,0],[90,0,14,0],[21,15,12,8],[90,0,0,0],[90,0,0,0],[90,0,0,0],[90,0,0,0],[21,15,12,4],[90,0,0,0],[90,0,0,0],[90,0,0,0],[90,0,0,0],[90,0,0,0],[90,0,14,0],[25,15,12,8],[90,0,0,0],[90,0,0,0],[90,0,0,0],[90,0,0,0],[25,15,12,4],[90,0,0,0],[90,0,0,0],[90,0,0,0],[90,0,0,0],[15,15,12,8],[90,0,0,0],[90,0,0,0],[90,0,0,0],[90,0,0,0],[13,15,12,4],[90,0,0,0],[90,0,0,0],[20,15,12,4],[90,0,0,0],[90,0,0,0],[90,0,0,0],[90,0,0,0],[90,0,0,0],[90,0,14,0],[90,0,0,0]],null,null,[[90,0,14,0],[90,0,0,0],[23,15,12,8],[90,0,0,0],[90,0,0,0],[90,0,0,0],[90,0,0,0],[23,15,12,4],[90,0,0,0],[90,0,0,0],[90,0,0,0],[90,0,0,0],[90,0,0,0],[90,0,14,0],[16,15,12,8],[90,0,0,0],[90,0,0,0],[90,0,0,0],[90,0,0,0],[16,15,12,4],[90,0,0,0],[90,0,0,0],[90,0,0,0],[90,0,0,0],[90,0,0,0],[90,0,14,0],[21,15,12,8],[90,0,0,0],[90,0,0,0],[90,0,0,0],[90,0,0,0],[21,15,12,4],[90,0,0,0],[90,0,0,0],[90,0,0,0],[90,0,0,0],[90,0,0,0],[90,0,14,0],[25,15,12,8],[90,0,0,0],[90,0,0,0],[90,0,0,0],[90,0,0,0],[25,15,12,4],[90,0,0,0],[90,0,0,0],[90,0,0,0],[90,0,0,0],[15,15,12,8],[90,0,0,0],[90,0,0,0],[90,0,0,0],[90,0,0,0],[20,15,12,4],[90,0,0,0],[90,0,0,0],[13,15,12,4],[90,0,0,0],[90,0,0,0],[90,0,0,0],[90,0,0,0],[90,0,11,3],[90,0,14,0],[90,0,0,0]],null,null,null,[[90,0,14,0],[90,0,0,0],[47,15,12,8],[47,15,12,4],[90,0,0,0],[90,0,0,0],[90,0,0,0],[90,0,0,0],[90,0,0,0],[90,0,14,0],[90,0,0,0],[90,0,0,0],[90,0,0,0],[90,0,0,0],[44,15,12,8],[44,15,12,4],[90,0,0,0],[90,0,0,0],[90,0,0,0],[90,0,0,0],[90,0,0,0],[90,0,14,0],[90,0,0,0],[90,0,0,0],[90,0,0,0],[90,0,0,0],[42,15,12,8],[42,15,12,4],[90,0,0,0],[90,0,0,0],[90,0,0,0],[90,0,0,0],[90,0,0,0],[90,0,14,0],[90,0,0,0],[90,0,0,0],[90,0,0,0],[90,0,0,0],[27,15,12,4],[90,0,14,0],[90,0,0,0],[90,0,0,0],[90,0,0,0],[90,0,0,0],[33,15,12,4],[90,0,14,0],[90,0,0,0],[90,0,0,0],[90,0,0,0],[90,0,0,0],[40,15,12,8],[40,15,12,4],[90,0,0,0],[90,0,0,0],[90,0,0,0],[90,0,0,0],[90,0,0,0],[90,0,14,0],[90,0,0,0],[90,0,0,0],[90,0,0,0],[90,0,0,0],[90,0,0,0],[90,0,0,0]],null,null,null,null,null,null,null,null,null,null,null,null,null,null,null,null,null,null,null,null,null,null,null,null,null,null,null,null,null,null,null,null,null,null,null,null,null,null,null,null,null,null,null,null,null,null,null,null,null,null,null,null,null,null,null,null,null,null,null,null,null,null,null,null,null,null,null,null,null,null,null,null,null,null,null,null,null,null,null,null,null,null,null,null,null,null,null,null,null,null,null,null,null,null,null,null,null,null,null,null,null,null,null,null,null,null,null,null,null,null,null,null,null,null],[null,null,null,null,null,null,null,null,null,null,[[90,0,0,0],[90,0,0,0],[37,1,14,1],[90,0,0,0],[90,0,0,0],[90,0,0,0],[90,0,0,0],[90,0,0,0],[37,1,14,1],[90,0,0,0],[90,0,0,0],[90,0,0,0],[90,0,0,0],[90,0,0,0],[37,1,14,1],[90,0,0,0],[90,0,0,0],[90,0,0,0],[90,0,0,0],[90,0,0,0],[37,1,14,1],[90,0,0,0],[90,0,0,0],[90,0,0,0],[90,0,0,0],[90,0,0,0],[37,1,14,1],[90,0,0,0],[90,0,0,0],[90,0,0,0],[90,0,0,0],[90,0,0,0],[37,1,14,1],[90,0,0,0],[90,0,0,0],[90,0,0,0],[90,0,0,0],[90,0,0,0],[37,1,14,1],[90,0,0,0],[90,0,0,0],[90,0,0,0],[90,0,0,0],[90,0,0,0],[37,1,14,1],[90,0,0,0],[90,0,0,0],[90,0,0,0],[90,0,0,0],[90,0,0,0],[37,1,14,1],[90,0,0,0],[90,0,0,0],[90,0,0,0],[90,0,0,0],[90,0,0,0],[37,1,14,1],[90,0,0,0],[90,0,0,0],[90,0,0,0],[90,0,0,0],[90,0,0,0],[90,0,0,0],[90,0,0,0]],null,null,null,null,null,null,null,null,null,null,null,null,null,null,null,null,null,null,null,null,null,null,null,null,null,null,null,null,null,null,null,null,null,null,null,null,null,null,null,null,null,null,null,null,null,null,null,null,null,null,null,null,null,null,null,null,null,null,null,null,null,null,null,null,null,null,null,null,null,null,null,null,null,null,null,null,null,null,null,null,null,null,null,null,null,null,null,null,null,null,null,null,null,null,null,null,null,null,null,null,null,null,null,null,null,null,null,null,null,null,null,null,null,null,null,null,null]],"channels":[[0,11,4,7],[1,12,5,8],[2,13,6,9],[3,3,3,10]]}}