{"song":{"name":"Falling to Earth","artist":"TipTopTomCat","comment":"https://tiptoptomcat.itch.io/","duty_instruments":[{"name":"Duty1","length":null,"initial_volume":15,"volume_sweep_change":0,"frequency_sweep_time":0,"frequency_sweep_shift":0,"duty_cycle":1},{"name":"Duty2","length":null,"initial_volume":15,"volume_sweep_change":0,"frequency_sweep_time":0,"frequency_sweep_shift":0,"duty_cycle":2},{"name":"Duty3","length":null,"initial_volume":15,"volume_sweep_change":0,"frequency_sweep_time":0,"frequency_sweep_shift":0,"duty_cycle":3},{"name":"Duty4","length":null,"initial_volume":15,"volume_sweep_change":0,"frequency_sweep_time":0,"frequency_sweep_shift":0,"duty_cycle":0},{"name":"Duty5","length":null,"initial_volume":15,"volume_sweep_change":0,"frequency_sweep_time":0,"frequency_sweep_shift":0,"duty_cycle":2},{"name":"Duty6","length":null,"initial_volume":15,"volume_sweep_change":0,"frequency_sweep_time":0,"frequency_sweep_shift":0,"duty_cycle":2},{"name":"Duty7","length":null,"initial_volume":15,"volume_sweep_change":0,"frequency_sweep_time":0,"frequency_sweep_shift":0,"duty_cycle":2},{"name":"Duty8","length":null,"initial_volume":15,"volume_sweep_change":0,"frequency_sweep_time":0,"frequency_sweep_shift":0,"duty_cycle":2},{"name":"Duty9","length":null,"initial_volume":15,"volume_sweep_change":0,"frequency_sweep_time":0,"frequency_sweep_shift":0,"duty_cycle":2},{"name":"Duty10","length":null,"initial_volume":15,"volume_sweep_change":0,"frequency_sweep_time":0,"frequency_sweep_shift":0,"duty_cycle":2},{"name":"Duty11","length":null,"initial_volume":15,"volume_sweep_change":0,"frequency_sweep_time":0,"frequency_sweep_shift":0,"duty_cycle":2},{"name":"Duty12","length":null,"initial_volume":15,"volume_sweep_change":0,"frequency_sweep_time":0,"frequency_sweep_shift":0,"duty_cycle":2},{"name":"Duty13","length":null,"initial_volume":15,"volume_sweep_change":0,"frequency_sweep_time":0,"frequency_sweep_shift":0,"duty_cycle":2},{"name":"Duty14","length":null,"initial_volume":15,"volume_sweep_change":0,"frequency_sweep_time":0,"frequency_sweep_shift":0,"duty_cycle":2},{"name":"Duty15","length":null,"initial_volume":15,"volume_sweep_change":0,"frequency_sweep_time":0,"frequency_sweep_shift":0,"duty_cycle":2}],"wave_instruments":[{"name":"Wave1","length":null,"volume":1,"wave_index":0},{"name":"Wave2","length":null,"volume":1,"wave_index":1},{"name":"Wave3","length":null,"volume":1,"wave_index":2},{"name":"Wave4","length":null,"volume":1,"wave_index":3},{"name":"Wave5","length":null,"volume":1,"wave_index":4},{"name":"Wave6","length":null,"volume":1,"wave_index":5},{"name":"Wave7","length":null,"volume":1,"wave_index":6},{"name":"Wave8","length":null,"volume":1,"wave_index":0},{"name":"Wave9","length":null,"volume":1,"wave_index":1},{"name":"Wave10","length":null,"volume":1,"wave_index":2},{"name":"Wave11","length":null,"volume":1,"wave_index":3},{"name":"Wave12","length":null,"volume":1,"wave_index":4},{"name":"Wave13","length":null,"volume":1,"wave_index":5},{"name":"Wave14","length":null,"volume":1,"wave_index":6},{"name":"Wave15","length":null,"volume":1,"wave_index":7}],"noise_instruments":[{"name":"Noise1","length":null,"initial_volume":15,"volume_sweep_change":0,"shift_clock_mask":0,"dividing_ratio":0,"bit_count":1,"noise_macro":[0,0,0,0,0,0,0,0,0,0,0,0,0,0,0]},{"name":"Noise2","length":null,"initial_volume":15,"volume_sweep_change":0,"shift_clock_mask":0,"dividing_ratio":0,"bit_count":1,"noise_macro":[0,0,0,0,0,0,0,0,0,0,0,0,0,0,0]},{"name":"Noise3","length":null,"initial_volume":15,"volume_sweep_change":0,"shift_clock_mask":0,"dividing_ratio":0,"bit_count":1,"noise_macro":[0,0,0,0,0,0,0,0,0,0,0,0,0,0,0]},{"name":"Noise4","length":null,"initial_volume":15,"volume_sweep_change":0,"shift_clock_mask":0,"dividing_ratio":0,"bit_count":1,"noise_macro":[0,0,0,0,0,0,0,0,0,0,0,0,0,0,0]},{"name":"Noise5","length":null,"initial_volume":15,"volume_sweep_change":0,"shift_clock_mask":0,"dividing_ratio":0,"bit_count":1,"noise_macro":[0,0,0,0,0,0,0,0,0,0,0,0,0,0,0]},{"name":"Noise6","length":null,"initial_volume":15,"volume_sweep_change":0,"shift_clock_mask":0,"dividing_ratio":0,"bit_count":1,"noise_macro":[0,0,0,0,0,0,0,0,0,0,0,0,0,0,0]},{"name":"Noise7","length":null,"initial_volume":15,"volume_sweep_change":0,"shift_clock_mask":0,"dividing_ratio":0,"bit_count":1,"noise_macro":[0,0,0,0,0,0,0,0,0,0,0,0,0,0,0]},{"name":"Noise8","length":null,"initial_volume":15,"volume_sweep_change":0,"shift_clock_mask":0,"dividing_ratio":0,"bit_count":1,"noise_macro":[0,0,0,0,0,0,0,0,0,0,0,0,0,0,0]},{"name":"Noise9","length":null,"initial_volume":15,"volume_sweep_change":0,"shift_clock_mask":0,"dividing_ratio":0,"bit_count":1,"noise_macro":[0,0,0,0,0,0,0,0,0,0,0,0,0,0,0]},{"name":"Noise10","length":null,"initial_volume":15,"volume_sweep_change":0,"shift_clock_mask":0,"dividing_ratio":0,"bit_count":1,"noise_macro":[0,0,0,0,0,0,0,0,0,0,0,0,0,0,0]},{"name":"Noise11","length":null,"initial_volume":15,"volume_sweep_change":0,"shift_clock_mask":0,"dividing_ratio":0,"bit_count":1,"noise_macro":[0,0,0,0,0,0,0,0,0,0,0,0,0,0,0]},{"name":"Noise12","length":null,"initial_volume":15,"volume_sweep_change":0,"shift_clock_mask":0,"dividing_ratio":0,"bit_count":1,"noise_macro":[0,0,0,0,0,0,0,0,0,0,0,0,0,0,0]},{"name":"Noise13","length":null,"initial_volume":15,"volume_sweep_change":0,"shift_clock_mask":0,"dividing_ratio":0,"bit_count":1,"noise_macro":[0,0,0,0,0,0,0,0,0,0,0,0,0,0,0]},{"name":"Noise14","length":null,"initial_volume":15,"volume_sweep_change":0,"shift_clock_mask":0,"dividing_ratio":0,"bit_count":1,"noise_macro":[0,0,0,0,0,0,0,0,0,0,0,0,0,0,0]},{"name":"Noise15","length":null,"initial_volume":15,"volume_sweep_change":0,"shift_clock_mask":0,"dividing_ratio":0,"bit_count":1,"noise_macro":[0,0,0,0,0,0,0,0,0,0,0,0,0,0,0]}],"waves":[[10,5,13,7,12,9,14,1,11,12,9,10,7,6,3,1,0,12,11,10,13,14,6,0,1,11,12,10,0,3,9,3],[15,0,14,1,13,2,12,3,11,4,10,5,9,6,8,7,7,8,6,9,5,10,4,11,3,12,2,13,1,14,0,15],[15,13,14,12,13,11,12,10,11,9,10,8,9,7,8,6,7,9,6,8,5,7,4,6,3,5,2,4,1,3,0,2],[13,14,15,14,13,12,11,10,9,10,10,9,8,7,7,7,8,8,8,7,6,5,5,6,5,4,3,2,1,0,1,2],[10,11,12,13,14,15,14,13,12,11,10,0,1,2,3,14,13,12,11,10,11,12,13,14,15,14,13,12,3,2,1,0],[15,15,14,14,13,13,12,12,11,11,10,10,9,9,8,8,7,7,6,6,5,5,4,4,3,3,2,2,1,1,0,0],[15,15,15,15,15,15,15,15,15,15,15,15,15,15,15,15,0,0,0,0,0,0,0,0,0,0,0,0,0,0,0,0],[7,9,11,12,13,14,14,15,15,15,14,14,13,12,11,9,7,5,4,3,2,1,1,0,0,0,1,1,2,3,4,5],[0,0,6,8,8,14,0,2,13,11,7,10,8,4,11,11,3,14,14,12,7,11,7,13,13,13,9,1,13,2,3,3],[7,14,1,13,8,11,7,10,13,1,13,13,8,14,7,11,0,5,2,4,2,7,2,13,11,8,13,9,0,6,0,9],[11,11,7,14,8,1,6,10,5,3,10,3,11,10,1,1,9,12,13,7,4,13,5,9,13,14,12,6,1,8,7,6],[4,9,7,11,1,7,7,11,0,9,0,6,6,13,9,13,2,1,11,14,7,11,12,6,7,7,12,0,0,10,12,2],[14,7,8,4,12,11,10,1,13,11,6,1,4,5,12,12,11,9,7,13,14,6,6,11,12,13,1,13,6,7,8,6],[11,4,1,4,10,0,10,13,6,10,3,5,0,1,12,2,10,8,5,14,1,2,7,8,1,3,10,2,9,9,7,4],[8,3,6,5,2,5,1,6,8,7,10,0,13,10,0,13,1,13,13,8,1,0,12,10,0,7,2,10,6,8,1,7],[11,6,5,7,1,1,6,7,9,11,1,3,6,11,10,13,8,0,10,12,3,14,10,4,9,9,7,3,1,12,4,4]],"ticks_per_row":7,"orders":[[[[19,3,12,10],[90,0,2,3],[90,0,2,2],[90,0,2,1],[14,3,12,10],[14,3,12,7],[90,0,14,0],[90,0,0,0],[14,3,12,10],[14,3,12,7],[90,0,14,0],[90,0,0,0],[14,3,12,10],[14,3,12,7],[90,0,14,0],[90,0,0,0],[14,3,12,10],[14,3,12,7],[14,3,12,10],[14,3,12,7],[90,0,14,0],[90,0,0,0],[90,0,0,0],[90,0,0,0],[14,3,12,10],[14,3,12,7],[90,0,14,0],[90,0,0,0],[14,3,12,10],[14,3,12,7],[14,3,12,10],[14,3,12,7],[12,3,12,10],[12,3,12,7],[90,0,14,0],[90,0,0,0],[14,3,12,10],[14,3,12,7],[90,0,1,1],[90,0,1,3],[19,3,12,7],[19,3,12,3],[14,3,12,10],[14,3,12,7],[90,0,14,0],[90,0,0,0],[14,3,12,10],[14,3,12,7],[90,0,14,0],[90,0,0,0],[14,3,12,10],[14,3,12,7],[14,3,12,10],[14,3,12,7],[14,3,12,10],[14,3,12,7],[14,3,12,10],[14,3,12,7],[90,0,14,0],[90,0,0,0],[14,3,12,10],[14,3,12,7],[90,0,14,0],[90,0,0,0]],null,null,null,[[12,3,12,10],[12,3,12,7],[90,0,14,0],[90,0,0,0],[14,3,12,10],[14,3,12,7],[90,0,1,1],[90,0,1,3],[19,3,12,7],[19,3,12,3],[14,3,12,10],[14,3,12,7],[90,0,14,0],[90,0,0,0],[14,3,12,10],[14,3,12,7],[90,0,14,0],[90,0,0,0],[14,3,12,10],[14,3,12,7],[14,3,12,10],[14,3,12,7],[14,3,12,10],[14,3,12,7],[21,3,12,10],[21,3,12,7],[90,0,14,0],[90,0,0,0],[12,3,12,10],[12,3,12,7],[90,0,14,0],[90,0,0,0],[13,3,12,10],[13,3,12,7],[90,0,14,0],[90,0,0,0],[14,3,12,10],[14,3,12,7],[90,0,1,1],[90,0,1,3],[19,3,12,7],[19,3,12,3],[14,3,12,10],[14,3,12,7],[90,0,14,0],[90,0,0,0],[14,3,12,10],[14,3,12,7],[90,0,14,0],[90,0,0,0],[14,3,12,10],[14,3,12,7],[14,3,12,10],[14,3,12,7],[14,3,12,10],[14,3,12,7],[14,3,12,10],[14,3,12,7],[90,0,14,0],[90,0,0,0],[14,3,12,10],[14,3,12,7],[90,0,14,0],[90,0,0,0]],null,null,null,[[12,3,12,10],[12,3,12,7],[90,0,14,0],[90,0,0,0],[14,3,12,10],[14,3,12,7],[90,0,1,1],[90,0,1,3],[19,3,12,7],[19,3,12,3],[14,3,12,10],[14,3,12,7],[90,0,14,0],[90,0,0,0],[14,3,12,10],[14,3,12,7],[90,0,14,0],[90,0,0,0],[14,3,12,10],[14,3,12,7],[14,3,12,10],[14,3,12,7],[14,3,12,10],[14,3,12,7],[21,3,12,10],[21,3,12,7],[90,0,14,0],[90,0,0,0],[12,3,12,10],[12,3,12,7],[90,0,14,0],[90,0,0,0],[13,3,12,10],[13,3,12,7],[90,0,14,0],[90,0,0,0],[14,3,12,10],[14,3,12,7],[90,0,1,1],[90,0,1,3],[19,3,12,7],[19,3,12,3],[14,3,12,10],[14,3,12,7],[90,0,14,0],[90,0,0,0],[14,3,12,10],[14,3,12,7],[90,0,14,0],[90,0,0,0],[14,3,12,10],[14,3,12,7],[14,3,12,10],[14,3,12,7],[14,3,12,10],[14,3,12,7],[14,3,12,10],[14,3,12,7],[90,0,14,0],[90,0,0,0],[38,1,12,10],[38,1,12,7],[90,0,14,0],[90,0,0,0]],null,null,null,[[33,4,12,10],[33,4,12,7],[33,4,12,3],[90,0,2,6],[90,0,2,6],[90,0,2,6],[90,0,2,6],[90,0,2,6],[31,4,12,10],[31,4,12,7],[90,0,1,1],[90,0,1,3],[41,4,12,7],[41,4,12,3],[90,0,0,0],[90,0,0,0],[90,0,0,0],[90,0,0,0],[90,0,0,0],[90,0,0,0],[90,0,0,0],[90,0,0,0],[90,0,0,0],[90,0,0,0],[90,0,0,0],[90,0,0,0],[90,0,0,0],[90,0,0,0],[90,0,0,0],[90,0,0,0],[90,0,0,0],[90,0,0,0],[90,0,0,0],[90,0,0,0],[90,0,0,0],[90,0,0,0],[24,3,12,10],[24,3,12,7],[25,3,12,10],[25,3,12,7],[26,3,12,10],[26,3,12,7],[90,0,1,1],[90,0,1,3],[31,3,12,7],[31,3,12,3],[26,3,12,10],[26,3,12,7],[90,0,14,0],[90,0,0,0],[26,3,12,10],[26,3,12,7],[90,0,14,0],[90,0,0,0],[26,3,12,10],[26,3,12,7],[26,3,12,10],[26,3,12,7],[26,3,12,10],[26,3,12,7],[26,3,12,10],[26,3,12,7],[90,0,14,0],[90,0,0,0]],null,null,null,[[33,3,12,10],[33,3,12,7],[90,0,14,0],[90,0,0,0],[40,4,12,10],[40,4,12,7],[90,0,2,1],[90,0,2,3],[36,4,12,7],[36,4,12,3],[90,0,0,0],[90,0,0,0],[90,0,0,0],[90,0,0,0],[90,0,0,0],[90,0,0,0],[90,0,0,0],[90,0,0,0],[90,0,0,0],[90,0,0,0],[90,0,0,0],[90,0,0,0],[90,0,0,0],[90,0,0,0],[90,0,0,0],[90,0,0,0],[90,0,0,0],[90,0,0,0],[90,0,0,0],[90,0,0,0],[90,0,0,0],[90,0,0,0],[90,0,0,0],[90,0,0,0],[90,0,0,0],[90,0,0,0],[43,4,12,10],[43,4,12,7],[43,4,12,3],[43,4,12,2],[38,4,12,10],[38,4,12,7],[38,4,12,3],[38,4,12,2],[90,0,0,0],[90,0,0,0],[90,0,0,0],[90,0,0,0],[90,0,0,0],[90,0,0,0],[90,0,0,0],[90,0,0,0],[90,0,0,0],[90,0,0,0],[90,0,0,0],[90,0,0,0],[90,0,0,0],[90,0,0,0],[90,0,0,0],[90,0,0,0],[90,0,0,0],[90,0,0,0],[90,0,0,0],[90,0,0,0]],null,null,null,[[38,4,12,1],[90,0,0,0],[90,0,0,0],[90,0,0,0],[90,0,0,0],[90,0,0,0],[90,0,0,0],[90,0,0,0],[36,4,12,7],[36,4,12,3],[36,4,12,2],[90,0,0,0],[90,0,0,0],[90,0,0,0],[90,0,0,0],[90,0,0,0],[90,0,0,0],[90,0,0,0],[90,0,0,0],[90,0,0,0],[90,0,0,0],[90,0,0,0],[90,0,0,0],[90,0,0,0],[90,0,0,0],[90,0,0,0],[90,0,0,0],[90,0,0,0],[90,0,0,0],[90,0,0,0],[90,0,0,0],[90,0,0,0],[90,0,0,0],[90,0,0,0],[90,0,0,0],[90,0,0,0],[43,4,12,10],[43,4,12,7],[43,4,12,3],[43,4,12,2],[90,0,0,0],[90,0,0,0],[90,0,0,0],[90,0,0,0],[38,4,12,10],[38,4,12,7],[38,4,12,3],[38,4,12,2],[90,0,0,0],[90,0,0,0],[90,0,0,0],[90,0,0,0],[90,0,0,0],[90,0,0,0],[90,0,0,0],[90,0,0,0],[90,0,0,0],[90,0,0,0],[90,0,0,0],[90,0,0,0],[90,0,0,0],[90,0,0,0],[90,0,0,0],[90,0,0,0]],null,null,null,[[38,4,12,2],[90,0,0,0],[38,4,12,1],[90,0,0,0],[90,0,0,0],[90,0,0,0],[90,0,0,0],[90,0,0,0],[90,0,0,0],[90,0,0,0],[90,0,0,0],[90,0,0,0],[90,0,0,0],[90,0,0,0],[90,0,0,0],[90,0,0,0],[90,0,0,0],[90,0,0,0],[33,4,12,10],[33,1,12,7],[33,4,12,3],[33,1,12,2],[33,4,12,1],[90,0,0,0],[33,1,12,1],[90,0,0,0],[33,4,12,1],[90,0,0,0],[90,0,14,0],[90,0,0,0],[90,0,0,0],[90,0,0,0],[90,0,0,0],[90,0,0,0],[29,4,12,10],[29,1,12,7],[29,4,12,3],[29,1,12,2],[17,4,12,1],[90,0,0,0],[26,3,12,10],[26,3,12,7],[26,3,12,3],[90,0,14,0],[26,3,12,10],[26,2,12,7],[26,3,12,3],[26,2,12,2],[26,3,12,1],[90,0,0,0],[26,2,12,1],[90,0,0,0],[90,0,0,0],[90,0,0,0],[90,0,0,0],[90,0,0,0],[90,0,0,0],[90,0,0,0],[90,0,0,0],[90,0,0,0],[90,0,0,0],[90,0,0,0],[90,0,0,0],[90,0,0,0]],null,null,null,[[90,0,14,0],[90,0,0,0],[38,4,12,10],[38,4,12,7],[38,4,12,3],[38,4,12,2],[38,4,12,1],[90,0,0,0],[90,0,0,0],[90,0,0,0],[36,4,12,10],[36,4,12,7],[36,4,12,3],[36,4,12,2],[36,4,12,1],[90,0,0,0],[90,0,0,0],[90,0,0,0],[90,0,0,0],[90,0,0,0],[90,0,0,0],[90,0,0,0],[90,0,0,0],[90,0,0,0],[90,0,0,0],[90,0,0,0],[90,0,0,0],[90,0,0,0],[90,0,0,0],[90,0,0,0],[90,0,0,0],[90,0,0,0],[90,0,0,0],[90,0,0,0],[43,4,12,10],[43,4,12,7],[43,4,12,3],[43,4,12,2],[43,4,12,1],[90,0,0,0],[90,0,0,0],[90,0,0,0],[38,4,12,10],[38,4,12,7],[38,4,12,3],[38,4,12,2],[38,4,12,1],[90,0,0,0],[90,0,0,0],[90,0,0,0],[90,0,0,0],[90,0,0,0],[90,0,0,0],[90,0,0,0],[90,0,0,0],[90,0,0,0],[90,0,0,0],[90,0,0,0],[90,0,0,0],[90,0,0,0],[90,0,0,0],[90,0,0,0],[90,0,0,0],[90,0,0,0]],null,null,null,[[38,4,14,0],[90,0,0,0],[90,0,0,0],[90,0,0,0],[90,0,0,0],[90,0,0,0],[90,0,0,0],[90,0,0,0],[14,4,12,7],[14,4,12,3],[90,0,1,1],[90,0,1,3],[19,4,12,7],[19,4,12,3],[14,4,12,10],[14,4,12,7],[90,0,14,0],[90,0,0,0],[14,4,12,10],[14,4,12,7],[90,0,14,0],[90,0,0,0],[14,4,12,10],[14,4,12,7],[14,4,12,10],[14,4,12,7],[14,4,12,10],[14,4,12,7],[14,4,12,10],[14,4,12,7],[14,4,12,0],[90,0,0,0],[38,1,12,14],[38,1,12,10],[38,1,12,3],[90,0,0,0],[90,0,0,0],[90,0,0,0],[90,0,0,0],[90,0,0,0],[38,1,12,14],[38,1,12,10],[38,1,12,7],[90,0,0,0],[38,1,12,3],[90,0,0,0],[90,0,0,0],[90,0,0,0],[90,0,0,0],[90,0,0,0],[90,0,0,0],[90,0,0,0],[90,0,0,0],[90,0,0,0],[90,0,0,0],[90,0,0,0],[38,1,12,2],[90,0,0,0],[90,0,0,0],[90,0,0,0],[90,0,0,0],[90,0,0,0],[90,0,0,0],[90,0,0,0]],null,null,null,[[36,3,12,10],[36,3,12,7],[90,0,14,0],[90,0,0,0],[38,3,12,10],[38,3,12,7],[90,0,0,0],[90,0,0,0],[43,3,12,7],[43,3,12,3],[26,3,12,10],[26,3,12,7],[90,0,14,0],[90,0,0,0],[26,3,12,10],[26,3,12,7],[90,0,14,0],[90,0,0,0],[38,3,12,10],[38,3,12,7],[38,3,12,10],[38,3,12,7],[38,3,12,10],[38,3,12,7],[33,3,12,10],[33,3,12,7],[90,0,14,0],[90,0,0,0],[36,3,12,10],[36,3,12,7],[90,0,14,0],[90,0,0,0],[41,3,12,10],[41,3,12,7],[90,0,14,0],[90,0,0,0],[38,3,12,10],[38,3,12,7],[90,0,0,0],[90,0,0,0],[31,3,12,7],[31,3,12,3],[26,3,12,10],[26,3,12,7],[90,0,14,0],[90,0,0,0],[38,3,12,10],[38,3,12,7],[90,0,14,0],[90,0,0,0],[26,3,12,10],[26,3,12,7],[26,3,12,10],[26,3,12,7],[26,3,12,10],[26,3,12,7],[26,3,12,10],[26,3,12,7],[90,0,14,0],[90,0,0,0],[26,3,12,10],[26,3,12,7],[90,0,14,0],[90,0,0,0]],null,null,null,[[38,4,12,1],[90,0,0,0],[90,0,0,0],[90,0,0,0],[90,0,0,0],[90,0,0,0],[90,0,0,0],[38,4,12,2],[90,0,0,0],[90,0,0,0],[33,4,12,10],[33,1,12,7],[33,4,12,3],[33,1,12,2],[33,4,12,1],[90,0,0,0],[33,1,12,1],[90,0,0,0],[33,4,12,1],[90,0,0,0],[90,0,14,0],[90,0,0,0],[90,0,0,0],[90,0,0,0],[90,0,0,0],[90,0,0,0],[29,4,12,10],[29,1,12,7],[29,4,12,3],[29,1,12,2],[17,4,12,1],[90,0,0,0],[26,3,12,10],[26,3,12,7],[26,3,12,3],[90,0,14,0],[38,3,12,10],[38,2,12,7],[38,3,12,3],[38,2,12,2],[38,3,12,1],[90,0,0,0],[38,4,12,1],[90,0,0,0],[90,0,0,0],[90,0,0,0],[90,0,0,0],[90,0,0,0],[90,0,0,0],[90,0,0,0],[90,0,0,0],[90,0,0,0],[90,0,0,0],[90,0,0,0],[90,0,0,0],[90,0,0,0],[90,0,0,0],[90,0,0,0],[90,0,0,0],[90,0,0,0],[90,0,0,0],[90,0,0,0],[90,0,0,0],[90,0,0,0]],null,null,null,[[36,3,12,10],[36,3,12,7],[90,0,14,0],[90,0,0,0],[38,3,12,10],[38,3,12,7],[90,0,0,0],[90,0,0,0],[43,3,12,7],[43,3,12,3],[38,3,12,10],[38,3,12,7],[90,0,14,0],[90,0,0,0],[38,3,12,10],[38,3,12,7],[90,0,14,0],[90,0,0,0],[38,3,12,10],[38,3,12,7],[38,3,12,10],[38,3,12,7],[38,3,12,10],[38,3,12,7],[33,3,12,10],[33,3,12,7],[90,0,14,0],[90,0,0,0],[36,3,12,10],[36,3,12,7],[90,0,14,0],[90,0,0,0],[29,3,12,10],[33,3,12,7],[43,3,12,10],[43,3,12,7],[38,3,12,10],[38,3,12,7],[36,3,12,10],[36,3,12,7],[43,3,12,10],[33,3,12,7],[38,3,12,10],[38,3,12,7],[36,3,12,10],[36,3,12,7],[14,3,12,10],[17,3,12,7],[26,3,12,10],[29,3,12,7],[38,3,12,10],[38,3,12,7],[38,3,12,10],[38,3,12,7],[38,3,12,10],[38,3,12,7],[26,3,12,10],[26,3,12,7],[90,0,14,0],[90,0,0,0],[26,3,12,10],[26,3,12,7],[90,0,14,0],[90,0,0,0]],null,null,[[14,3,12,10],[14,3,12,7],[90,0,14,0],[90,0,0,0],[14,3,12,10],[14,3,12,7],[90,0,14,0],[90,0,0,0],[14,3,12,10],[14,3,12,7],[14,3,12,3],[14,3,12,2],[90,0,0,0],[90,0,0,0],[90,0,0,0],[90,0,0,0],[90,0,0,0],[90,0,0,0],[90,0,0,0],[90,0,0,0],[90,0,14,0],[90,0,0,0],[90,0,0,0],[90,0,0,0],[90,0,0,0],[90,0,0,0],[90,0,0,0],[90,0,0,0],[90,0,0,0],[90,0,0,0],[90,0,0,0],[90,0,0,0],[90,0,0,0],[90,0,0,0],[90,0,0,0],[90,0,0,0],[90,0,0,0],[90,0,0,0],[90,0,0,0],[90,0,0,0],[90,0,0,0],[90,0,0,0],[90,0,0,0],[90,0,0,0],[90,0,0,0],[90,0,0,0],[90,0,0,0],[90,0,0,0],[90,0,0,0],[90,0,0,0],[90,0,0,0],[90,0,0,0],[90,0,0,0],[90,0,0,0],[90,0,0,0],[90,0,0,0],[90,0,0,0],[90,0,0,0],[90,0,0,0],[90,0,0,0],[90,0,0,0],[90,0,0,0],[90,0,0,0],[90,0,0,0]],null,null,null,null,null,null,null,null,null,null,null,null,null,null,null,null,null,null,null,null,null,null,null,null,null,null,null,null,null,null,null,null,null,null,null,null,null,null,null,null,null,null,null,null,null,null,null,null,null,null,null,null,null,null,null,null,null,null,null,null,null,null,null,null,null,null,null,null,null,null,null,null,null,null,null,null,null,null,null,null],[null,[[90,0,0,0],[90,0,0,0],[90,0,0,0],[90,0,0,0],[90,0,0,0],[90,0,0,0],[90,0,0,0],[90,0,0,0],[90,0,0,0],[90,0,0,0],[90,0,0,0],[90,0,0,0],[90,0,0,0],[90,0,0,0],[90,0,0,0],[90,0,0,0],[90,0,0,0],[90,0,0,0],[90,0,0,0],[90,0,0,0],[90,0,0,0],[90,0,0,0],[90,0,0,0],[90,0,0,0],[90,0,0,0],[90,0,0,0],[90,0,0,0],[90,0,0,0],[90,0,0,0],[90,0,0,0],[90,0,0,0],[90,0,0,0],[90,0,0,0],[90,0,0,0],[90,0,0,0],[90,0,0,0],[19,4,12,10],[19,4,12,7],[90,0,1,1],[90,0,1,3],[29,4,12,7],[29,4,12,3],[90,0,0,0],[90,0,0,0],[90,0,0,0],[90,0,0,0],[90,0,0,0],[90,0,0,0],[90,0,0,0],[90,0,0,0],[90,0,0,0],[90,0,0,0],[90,0,0,0],[90,0,0,0],[90,0,0,0],[90,0,0,0],[90,0,0,0],[90,0,0,0],[90,0,0,0],[90,0,0,0],[90,0,0,0],[90,0,0,0],[90,0,0,0],[90,0,0,0]],null,null,null,[[29,4,12,3],[90,0,0,0],[90,0,2,3],[90,0,2,3],[28,4,12,10],[28,4,12,7],[28,4,12,3],[90,0,0,0],[90,0,0,0],[90,0,0,0],[90,0,0,0],[90,0,0,0],[90,0,0,0],[90,0,0,0],[90,0,0,0],[90,0,0,0],[90,0,0,0],[90,0,0,0],[90,0,0,0],[90,0,0,0],[90,0,0,0],[90,0,0,0],[90,0,0,0],[90,0,0,0],[90,0,0,0],[90,0,0,0],[90,0,0,0],[90,0,0,0],[90,0,0,0],[90,0,0,0],[90,0,0,0],[90,0,0,0],[28,4,12,10],[28,4,12,7],[90,0,2,1],[90,0,2,3],[24,4,12,7],[24,4,12,3],[90,0,0,0],[90,0,0,0],[90,0,0,0],[90,0,0,0],[90,0,0,0],[90,0,0,0],[90,0,0,0],[90,0,0,0],[90,0,0,0],[90,0,0,0],[90,0,0,0],[90,0,0,0],[90,0,0,0],[90,0,0,0],[90,0,0,0],[90,0,0,0],[90,0,0,0],[90,0,0,0],[90,0,0,0],[90,0,0,0],[90,0,0,0],[90,0,0,0],[90,0,0,0],[90,0,0,0],[90,0,0,0],[90,0,0,0]],null,null,null,[[19,4,12,10],[19,4,12,7],[90,0,1,1],[90,0,1,3],[21,4,12,7],[21,4,12,3],[90,0,0,0],[90,0,0,0],[90,0,0,0],[90,0,0,0],[90,0,0,0],[90,0,0,0],[90,0,0,0],[90,0,0,0],[90,0,0,0],[90,0,0,0],[90,0,0,0],[90,0,0,0],[90,0,0,0],[90,0,0,0],[21,4,12,2],[90,0,0,0],[90,0,0,0],[90,0,0,0],[21,4,12,1],[90,0,0,0],[90,0,0,0],[90,0,0,0],[26,2,12,10],[26,2,12,7],[31,2,12,10],[31,2,12,7],[29,2,12,10],[29,2,12,3],[29,2,12,7],[29,2,12,3],[26,2,12,10],[90,0,14,0],[26,2,12,7],[90,0,14,0],[26,2,12,3],[26,2,12,1],[26,2,12,2],[90,0,0,0],[90,0,0,0],[90,0,0,0],[90,0,0,0],[90,0,0,0],[90,0,0,0],[90,0,0,0],[90,0,0,0],[90,0,0,0],[90,0,0,0],[90,0,0,0],[90,0,0,0],[90,0,0,0],[90,0,0,0],[90,0,0,0],[90,0,0,0],[90,0,0,0],[33,4,12,10],[33,4,12,7],[33,4,12,3],[90,0,0,0]],null,null,null,[[38,1,12,10],[38,1,12,7],[38,1,12,3],[90,0,2,6],[90,0,2,6],[90,0,2,6],[90,0,2,6],[90,0,2,6],[26,3,12,10],[26,3,12,7],[90,0,1,1],[90,0,1,3],[31,3,12,7],[31,3,12,3],[26,3,12,10],[26,3,12,7],[90,0,14,0],[90,0,0,0],[26,3,12,10],[26,3,12,7],[90,0,14,0],[90,0,0,0],[26,3,12,10],[26,3,12,7],[26,3,12,10],[26,3,12,7],[26,3,12,10],[26,3,12,7],[26,3,12,10],[26,3,12,7],[90,0,14,0],[90,0,0,0],[26,3,12,10],[26,3,12,7],[33,3,12,10],[33,3,12,7],[41,4,12,3],[90,0,0,0],[90,0,2,3],[90,0,2,3],[40,4,12,10],[40,4,12,7],[40,4,12,3],[90,0,0,0],[90,0,0,0],[90,0,0,0],[90,0,0,0],[90,0,0,0],[90,0,0,0],[90,0,0,0],[90,0,0,0],[90,0,0,0],[90,0,0,0],[90,0,0,0],[90,0,0,0],[90,0,0,0],[90,0,0,0],[90,0,0,0],[90,0,0,0],[90,0,0,0],[90,0,0,0],[90,0,0,0],[90,0,0,0],[90,0,0,0]],null,null,null,[[40,4,12,3],[90,0,0,0],[90,0,0,0],[90,0,0,0],[31,3,12,10],[31,3,12,7],[90,0,14,0],[90,0,0,0],[28,3,12,14],[28,3,12,10],[28,3,12,7],[28,3,12,3],[28,3,12,2],[90,0,0,0],[90,0,0,0],[90,0,0,0],[90,0,0,0],[90,0,0,0],[90,0,0,0],[90,0,0,0],[90,0,0,0],[90,0,0,0],[90,0,0,0],[90,0,0,0],[90,0,0,0],[90,0,0,0],[90,0,0,0],[90,0,0,0],[90,0,0,0],[90,0,0,0],[90,0,0,0],[90,0,0,0],[90,0,0,0],[90,0,0,0],[90,0,0,0],[90,0,0,0],[26,3,12,10],[26,3,12,7],[26,3,12,3],[26,3,12,2],[33,3,12,10],[33,3,12,7],[33,3,12,3],[33,3,12,2],[90,0,0,0],[90,0,0,0],[90,0,0,0],[90,0,0,0],[90,0,0,0],[90,0,0,0],[90,0,0,0],[90,0,0,0],[90,0,0,0],[90,0,0,0],[90,0,0,0],[90,0,0,0],[90,0,0,0],[90,0,0,0],[90,0,0,0],[90,0,0,0],[90,0,0,0],[90,0,0,0],[90,0,0,0],[90,0,0,0]],null,null,null,[[33,3,12,1],[90,0,0,0],[90,0,0,0],[90,0,0,0],[90,0,0,0],[90,0,0,0],[90,0,0,0],[90,0,0,0],[28,3,12,14],[28,3,12,10],[28,3,12,7],[28,3,12,3],[28,3,12,2],[90,0,0,0],[90,0,0,0],[90,0,0,0],[90,0,0,0],[90,0,0,0],[90,0,0,0],[90,0,0,0],[90,0,0,0],[90,0,0,0],[90,0,0,0],[90,0,0,0],[90,0,0,0],[90,0,0,0],[90,0,0,0],[90,0,0,0],[90,0,0,0],[90,0,0,0],[90,0,0,0],[90,0,0,0],[90,0,0,0],[90,0,0,0],[90,0,0,0],[90,0,0,0],[26,3,12,10],[26,3,12,7],[26,3,12,3],[26,3,12,2],[90,0,0,0],[90,0,0,0],[90,0,0,0],[90,0,0,0],[33,3,12,10],[33,3,12,7],[33,3,12,3],[33,3,12,2],[90,0,0,0],[90,0,0,0],[90,0,0,0],[90,0,0,0],[90,0,0,0],[90,0,0,0],[90,0,0,0],[90,0,0,0],[90,0,0,0],[90,0,0,0],[90,0,0,0],[90,0,0,0],[90,0,0,0],[90,0,0,0],[90,0,0,0],[90,0,0,0]],null,null,null,[[33,1,12,2],[90,0,0,0],[33,1,12,1],[90,0,0,0],[90,0,0,0],[90,0,0,0],[90,0,0,0],[90,0,0,0],[90,0,0,0],[90,0,0,0],[90,0,14,0],[90,0,0,0],[90,0,0,0],[90,0,0,0],[90,0,0,0],[90,0,0,0],[90,0,0,0],[90,0,0,0],[90,0,0,0],[90,0,0,0],[90,0,0,0],[90,0,0,0],[90,0,0,0],[90,0,0,0],[90,0,0,0],[90,0,0,0],[31,4,12,10],[31,1,12,7],[31,4,12,3],[31,1,12,2],[31,4,12,1],[90,0,0,0],[31,1,12,1],[90,0,0,0],[31,4,12,1],[90,0,0,0],[90,0,0,0],[90,0,0,0],[19,3,12,10],[19,3,12,7],[31,4,12,10],[31,4,12,7],[31,4,12,3],[90,0,14,0],[31,4,12,10],[31,1,12,7],[31,4,12,3],[31,1,12,2],[31,4,12,1],[90,0,0,0],[31,1,12,1],[90,0,0,0],[90,0,0,0],[90,0,0,0],[90,0,0,0],[90,0,0,0],[90,0,0,0],[90,0,0,0],[90,0,0,0],[90,0,0,0],[90,0,0,0],[90,0,0,0],[90,0,0,0],[90,0,0,0]],null,null,null,[[90,0,14,0],[90,0,0,0],[33,3,12,10],[33,3,12,7],[33,3,12,3],[33,3,12,2],[33,3,12,1],[90,0,0,0],[90,0,0,0],[90,0,0,0],[29,3,12,10],[29,3,12,7],[29,3,12,3],[29,3,12,2],[29,3,12,1],[90,0,0,0],[90,0,0,0],[90,0,0,0],[90,0,0,0],[90,0,0,0],[90,0,0,0],[90,0,0,0],[90,0,0,0],[90,0,0,0],[90,0,0,0],[90,0,0,0],[90,0,0,0],[90,0,0,0],[90,0,0,0],[90,0,0,0],[90,0,0,0],[90,0,0,0],[90,0,0,0],[90,0,0,0],[26,3,12,10],[26,3,12,7],[26,3,12,3],[26,3,12,2],[26,3,12,1],[90,0,0,0],[90,0,0,0],[90,0,0,0],[33,3,12,10],[33,3,12,7],[33,3,12,3],[33,3,12,2],[33,3,12,1],[90,0,0,0],[90,0,0,0],[90,0,0,0],[90,0,0,0],[90,0,0,0],[90,0,0,0],[90,0,0,0],[90,0,0,0],[90,0,0,0],[90,0,0,0],[90,0,0,0],[90,0,0,0],[90,0,0,0],[90,0,0,0],[90,0,0,0],[90,0,0,0],[90,0,0,0]],null,null,null,[[26,3,12,10],[26,3,12,7],[31,3,12,10],[31,3,12,7],[29,3,12,10],[29,3,12,3],[29,3,12,7],[29,3,12,3],[26,3,12,10],[90,0,14,0],[26,3,12,7],[90,0,14,0],[26,3,12,3],[26,3,12,1],[26,3,12,2],[90,0,0,0],[90,0,0,0],[90,0,0,0],[90,0,0,0],[90,0,0,0],[90,0,0,0],[90,0,0,0],[90,0,0,0],[90,0,0,0],[33,3,12,10],[33,3,12,7],[33,3,12,3],[90,0,0,0],[90,0,0,0],[90,0,0,0],[90,0,0,0],[90,0,0,0],[33,4,12,14],[33,4,12,10],[33,4,12,3],[90,0,0,0],[90,0,0,0],[90,0,0,0],[90,0,0,0],[90,0,0,0],[45,4,12,14],[45,4,12,10],[45,4,12,7],[90,0,0,0],[45,4,12,3],[90,0,0,0],[90,0,0,0],[90,0,0,0],[90,0,0,0],[90,0,0,0],[90,0,0,0],[90,0,0,0],[90,0,0,0],[90,0,0,0],[90,0,0,0],[90,0,0,0],[45,4,12,2],[90,0,0,0],[90,0,0,0],[90,0,0,0],[90,0,0,0],[90,0,0,0],[90,0,0,0],[90,0,0,0]],null,null,null,[[24,4,12,10],[24,4,12,7],[90,0,14,0],[90,0,0,0],[33,4,12,10],[33,4,12,7],[90,0,0,0],[90,0,0,0],[24,4,12,7],[24,4,12,3],[26,4,12,10],[26,4,12,7],[90,0,14,0],[90,0,0,0],[26,4,12,10],[26,4,12,7],[90,0,14,0],[90,0,0,0],[26,4,12,10],[26,4,12,7],[24,4,12,10],[24,4,12,7],[26,4,12,10],[26,4,12,7],[45,4,12,10],[45,4,12,7],[90,0,14,0],[90,0,0,0],[24,4,12,10],[24,4,12,7],[90,0,14,0],[90,0,0,0],[31,4,12,10],[31,4,12,7],[90,0,14,0],[90,0,0,0],[29,4,12,10],[29,4,12,7],[90,0,0,0],[90,0,0,0],[21,4,12,7],[21,4,12,3],[23,4,12,10],[23,4,12,7],[90,0,14,0],[90,0,0,0],[29,4,12,10],[29,4,12,7],[90,0,14,0],[90,0,0,0],[40,4,12,10],[40,4,12,7],[90,0,14,0],[90,0,0,0],[40,4,12,10],[40,4,12,7],[90,0,14,0],[90,0,0,0],[26,4,12,10],[26,4,12,7],[26,4,12,10],[26,4,12,7],[26,4,12,10],[26,4,12,7]],null,null,null,[[33,3,12,1],[90,0,0,0],[90,0,0,0],[90,0,0,0],[90,0,0,0],[90,0,0,0],[90,0,0,0],[33,3,12,2],[90,0,0,0],[90,0,0,0],[90,0,0,0],[90,0,0,0],[90,0,0,0],[90,0,0,0],[90,0,0,0],[90,0,0,0],[90,0,0,0],[90,0,0,0],[31,4,12,10],[31,1,12,7],[31,4,12,3],[31,1,12,2],[31,4,12,1],[90,0,0,0],[31,1,12,1],[90,0,0,0],[31,4,12,1],[90,0,0,0],[90,0,0,0],[90,0,0,0],[19,3,12,10],[19,3,12,7],[33,4,12,10],[33,4,12,7],[33,4,12,3],[90,0,14,0],[33,4,12,10],[33,1,12,7],[33,4,12,3],[33,1,12,2],[33,4,12,1],[90,0,0,0],[33,3,12,1],[90,0,0,0],[90,0,0,0],[90,0,0,0],[90,0,0,0],[90,0,0,0],[90,0,0,0],[90,0,0,0],[90,0,0,0],[90,0,0,0],[90,0,0,0],[90,0,0,0],[90,0,0,0],[90,0,0,0],[90,0,0,0],[90,0,0,0],[90,0,0,0],[90,0,0,0],[90,0,0,0],[90,0,0,0],[90,0,0,0],[90,0,0,0]],null,null,null,[[24,4,12,10],[24,4,12,7],[90,0,14,0],[90,0,0,0],[33,4,12,10],[33,4,12,7],[90,0,0,0],[90,0,0,0],[24,4,12,7],[24,4,12,3],[26,4,12,10],[26,4,12,7],[90,0,14,0],[90,0,0,0],[26,4,12,10],[26,4,12,7],[90,0,14,0],[90,0,0,0],[26,4,12,10],[26,4,12,7],[26,4,12,10],[26,4,12,7],[26,4,12,10],[26,4,12,7],[45,4,12,10],[45,4,12,7],[90,0,14,0],[90,0,0,0],[24,4,12,10],[24,4,12,7],[90,0,14,0],[90,0,0,0],[29,4,12,10],[29,4,12,7],[90,0,14,0],[90,0,0,0],[26,4,12,10],[26,4,12,7],[90,0,0,0],[90,0,0,0],[31,4,12,7],[31,4,12,3],[26,4,12,10],[26,4,12,7],[90,0,14,0],[90,0,0,0],[26,4,12,10],[26,4,12,7],[90,0,14,0],[90,0,0,0],[26,4,12,10],[26,4,12,7],[26,4,12,10],[26,4,12,7],[26,4,12,10],[26,4,12,7],[26,4,12,10],[26,4,12,7],[90,0,14,0],[90,0,0,0],[26,4,12,10],[26,4,12,7],[90,0,14,0],[90,0,0,0]],null,null,[[14,4,12,10],[14,4,12,7],[90,0,14,0],[90,0,0,0],[21,4,12,10],[21,4,12,7],[90,0,14,0],[90,0,0,0],[12,4,12,10],[12,4,12,7],[12,4,12,3],[12,4,12,2],[90,0,0,0],[90,0,0,0],[90,0,0,0],[90,0,0,0],[90,0,0,0],[90,0,0,0],[90,0,0,0],[90,0,0,0],[90,0,0,0],[90,0,0,0],[90,0,14,0],[90,0,0,0],[90,0,0,0],[90,0,0,0],[90,0,0,0],[90,0,0,0],[90,0,0,0],[90,0,0,0],[90,0,0,0],[90,0,0,0],[90,0,0,0],[90,0,0,0],[90,0,0,0],[90,0,0,0],[90,0,0,0],[90,0,0,0],[90,0,0,0],[90,0,0,0],[90,0,0,0],[90,0,0,0],[90,0,0,0],[90,0,0,0],[90,0,0,0],[90,0,0,0],[90,0,0,0],[90,0,0,0],[90,0,0,0],[90,0,0,0],[90,0,0,0],[90,0,0,0],[90,0,0,0],[90,0,0,0],[90,0,0,0],[90,0,0,0],[90,0,0,0],[90,0,0,0],[90,0,0,0],[90,0,0,0],[90,0,0,0],[90,0,0,0],[90,0,0,0],[90,0,0,0]],null,null,null,null,null,null,null,null,null,null,null,null,null,null,null,null,null,null,null,null,null,null,null,null,null,null,null,null,null,null,null,null,null,null,null,null,null,null,null,null,null,null,null,null,null,null,null,null,null,null,null,null,null,null,null,null,null,null,null,null,null,null,null,null,null,null,null,null,null,null,null,null,null,null,null,null,null,null,null],[null,null,[[90,0,0,0],[90,0,0,0],[90,0,0,0],[90,0,0,0],[14,11,12,15],[14,11,12,8],[14,11,12,4],[90,0,0,0],[90,0,0,0],[90,0,0,0],[90,0,0,0],[90,0,0,0],[90,0,0,0],[90,0,0,0],[90,0,0,0],[90,0,0,0],[14,11,12,15],[14,11,12,8],[14,11,12,4],[90,0,0,0],[90,0,0,0],[90,0,0,0],[90,0,0,0],[90,0,0,0],[90,0,0,0],[90,0,0,0],[90,0,0,0],[90,0,0,0],[14,11,12,15],[14,11,12,8],[14,11,12,4],[90,0,0,0],[90,0,0,0],[90,0,0,0],[90,0,0,0],[90,0,0,0],[90,0,0,0],[90,0,0,0],[90,0,0,0],[90,0,0,0],[14,11,12,15],[14,11,12,8],[14,11,12,4],[90,0,0,0],[90,0,0,0],[90,0,0,0],[90,0,0,0],[90,0,0,0],[90,0,0,0],[90,0,0,0],[90,0,0,0],[90,0,0,0],[14,11,12,15],[14,11,12,8],[14,11,12,4],[90,0,0,0],[14,11,12,15],[14,11,12,8],[14,11,12,4],[90,0,0,0],[14,11,12,15],[14,11,12,8],[14,11,12,4],[90,0,0,0]],null,null,null,[[14,11,12,15],[14,11,12,8],[14,11,12,4],[90,0,0,0],[14,11,12,15],[14,11,12,8],[14,11,12,4],[90,0,0,0],[14,11,12,15],[14,11,12,8],[14,11,12,4],[90,0,0,0],[14,11,12,15],[14,11,12,8],[14,11,12,4],[90,0,0,0],[90,0,0,0],[90,0,0,0],[90,0,0,0],[90,0,0,0],[14,11,12,15],[14,11,12,8],[14,11,12,4],[90,0,0,0],[12,11,12,15],[12,11,12,8],[12,11,12,4],[90,0,0,0],[14,11,12,15],[14,11,12,8],[14,11,12,4],[90,0,0,0],[13,11,12,15],[13,11,12,8],[13,11,12,4],[90,0,0,0],[14,11,12,15],[14,11,12,8],[14,11,12,4],[90,0,0,0],[14,11,12,15],[14,11,12,8],[14,11,12,4],[90,0,0,0],[14,11,12,15],[14,11,12,8],[14,11,12,4],[90,0,0,0],[14,11,12,15],[14,11,12,8],[14,11,12,4],[90,0,0,0],[90,0,0,0],[90,0,0,0],[90,0,0,0],[90,0,0,0],[21,11,12,15],[21,11,12,8],[21,11,12,4],[90,0,0,0],[14,11,12,15],[14,11,12,8],[14,11,12,4],[90,0,0,0]],null,null,null,[[14,11,12,15],[14,11,12,8],[14,11,12,4],[90,0,0,0],[14,11,12,15],[14,11,12,8],[14,11,12,4],[90,0,0,0],[14,11,12,15],[14,11,12,8],[14,11,12,4],[90,0,0,0],[14,11,12,15],[14,11,12,8],[14,11,12,4],[90,0,0,0],[14,11,12,15],[14,11,12,8],[14,11,12,4],[90,0,0,0],[90,0,0,0],[90,0,0,0],[90,0,0,0],[90,0,0,0],[12,11,12,15],[12,11,12,8],[12,11,12,4],[90,0,0,0],[14,11,12,15],[14,11,12,8],[14,11,12,4],[90,0,0,0],[13,11,12,15],[13,11,12,8],[13,11,12,4],[90,0,0,0],[14,11,12,15],[14,11,12,8],[14,11,12,4],[90,0,0,0],[14,11,12,15],[14,11,12,8],[14,11,12,4],[90,0,0,0],[14,11,12,15],[14,11,12,8],[14,11,12,4],[90,0,0,0],[14,11,12,15],[14,11,12,8],[14,11,12,4],[90,0,0,0],[90,0,0,0],[90,0,0,0],[90,0,0,0],[90,0,0,0],[21,11,12,15],[21,11,12,8],[21,11,12,4],[90,0,0,0],[14,10,12,15],[14,10,12,8],[14,10,12,4],[90,0,0,0]],null,null,null,[[14,10,12,15],[14,10,12,8],[14,10,12,4],[90,0,2,6],[90,0,2,6],[90,0,2,6],[90,0,2,6],[90,0,2,6],[12,11,12,8],[12,11,12,4],[12,14,12,8],[12,14,12,4],[12,11,12,8],[12,11,12,4],[12,14,12,8],[12,14,12,4],[12,11,12,8],[12,11,12,4],[12,14,12,8],[12,14,12,4],[12,11,12,8],[12,11,12,4],[12,14,12,8],[12,14,12,4],[12,11,12,8],[12,11,12,4],[12,14,12,8],[12,14,12,4],[12,11,12,8],[12,11,12,4],[12,14,12,8],[12,14,12,4],[12,11,12,8],[12,11,12,4],[12,14,12,8],[12,14,12,4],[12,11,12,8],[12,11,12,4],[13,14,12,8],[13,14,12,4],[14,11,12,8],[14,11,12,4],[14,14,12,8],[14,14,12,4],[14,11,12,8],[14,11,12,4],[14,14,12,8],[14,14,12,4],[14,11,12,8],[14,11,12,4],[14,14,12,8],[14,14,12,4],[14,11,12,8],[14,11,12,4],[14,14,12,8],[14,14,12,4],[14,11,12,8],[14,11,12,4],[14,14,12,8],[14,14,12,4],[14,11,12,8],[14,11,12,4],[14,14,12,8],[14,14,12,4]],null,null,null,[[14,11,12,8],[14,11,12,4],[14,14,12,8],[14,14,12,4],[14,11,12,8],[14,11,12,4],[14,14,12,8],[14,14,12,4],[12,11,12,8],[12,11,12,4],[12,14,12,8],[12,14,12,4],[12,11,12,8],[12,11,12,4],[12,14,12,8],[12,14,12,4],[12,11,12,8],[12,11,12,4],[12,14,12,8],[12,14,12,4],[12,11,12,8],[12,11,12,4],[12,14,12,8],[12,14,12,4],[12,11,12,8],[12,11,12,4],[12,14,12,8],[12,14,12,4],[12,11,12,8],[12,11,12,4],[12,14,12,8],[12,14,12,4],[12,11,12,8],[12,11,12,4],[12,14,12,8],[12,14,12,4],[12,11,12,8],[12,11,12,4],[12,14,12,8],[12,14,12,4],[14,11,12,8],[14,11,12,4],[14,14,12,8],[14,14,12,4],[14,11,12,8],[14,11,12,4],[14,14,12,8],[14,14,12,4],[14,11,12,8],[14,11,12,4],[14,14,12,8],[14,14,12,4],[14,11,12,8],[14,11,12,4],[14,14,12,8],[14,14,12,4],[14,11,12,8],[14,11,12,4],[14,14,12,8],[14,14,12,4],[14,11,12,8],[14,11,12,4],[14,14,12,8],[14,14,12,4]],null,null,null,[[14,11,12,8],[14,11,12,4],[14,14,12,8],[14,14,12,4],[26,11,12,8],[26,11,12,4],[26,14,12,8],[26,14,12,4],[12,11,12,8],[12,11,12,4],[12,14,12,8],[12,14,12,4],[12,11,12,8],[12,11,12,4],[12,14,12,8],[12,14,12,4],[12,11,12,8],[12,11,12,4],[12,14,12,8],[12,14,12,4],[12,11,12,8],[12,11,12,4],[12,14,12,8],[12,14,12,4],[12,11,12,8],[12,11,12,4],[12,14,12,8],[12,14,12,4],[12,11,12,8],[12,11,12,4],[12,14,12,8],[12,14,12,4],[12,11,12,8],[12,11,12,4],[12,14,12,8],[12,14,12,4],[12,11,12,8],[12,11,12,4],[12,14,12,8],[12,14,12,4],[14,11,12,8],[14,11,12,4],[14,14,12,8],[14,14,12,4],[14,11,12,8],[14,11,12,4],[14,14,12,8],[14,14,12,4],[14,11,12,8],[14,11,12,4],[14,14,12,8],[14,14,12,4],[14,11,12,8],[14,11,12,4],[14,14,12,8],[14,14,12,4],[14,11,12,8],[14,11,12,4],[14,14,12,8],[14,14,12,4],[14,11,12,8],[14,11,12,4],[14,14,12,8],[14,14,12,4]],null,null,null,[[14,11,12,8],[14,11,12,4],[14,14,12,8],[14,14,12,4],[14,11,12,8],[14,11,12,4],[14,14,12,8],[14,14,12,4],[90,0,0,0],[90,0,0,0],[14,14,12,8],[14,14,12,4],[14,11,12,8],[14,11,12,4],[14,14,12,8],[14,14,12,4],[90,0,0,0],[90,0,0,0],[14,14,12,8],[14,14,12,4],[26,11,12,8],[26,11,12,4],[14,14,12,8],[14,14,12,4],[90,0,0,0],[90,0,0,0],[14,14,12,8],[14,14,12,4],[14,11,12,8],[14,11,12,4],[14,14,12,8],[14,14,12,4],[90,0,0,0],[90,0,0,0],[14,14,12,8],[14,14,12,4],[26,11,12,8],[26,11,12,4],[24,14,12,8],[24,14,12,4],[14,11,12,8],[14,11,12,4],[14,14,12,8],[14,14,12,4],[26,11,12,8],[26,11,12,4],[12,14,12,8],[12,14,12,4],[90,0,0,0],[90,0,0,0],[12,14,12,8],[12,14,12,4],[12,11,12,8],[12,11,12,4],[12,14,12,8],[12,14,12,4],[90,0,0,0],[90,0,0,0],[12,14,12,8],[12,14,12,4],[12,11,12,8],[12,11,12,4],[12,14,12,8],[12,14,12,4]],null,null,null,[[90,0,0,0],[90,0,0,0],[12,14,12,8],[12,14,12,4],[12,11,12,8],[12,11,12,4],[12,14,12,8],[12,14,12,4],[90,0,0,0],[90,0,0,0],[17,14,12,8],[17,14,12,4],[17,11,12,8],[17,11,12,4],[17,14,12,8],[17,14,12,4],[90,0,0,0],[90,0,0,0],[17,14,12,8],[17,14,12,4],[17,11,12,8],[17,11,12,4],[17,14,12,8],[17,14,12,4],[90,0,0,0],[90,0,0,0],[17,14,12,8],[17,14,12,4],[17,11,12,8],[17,11,12,4],[17,14,12,8],[17,14,12,4],[90,0,0,0],[90,0,0,0],[14,14,12,8],[14,14,12,4],[14,11,12,8],[14,11,12,4],[14,14,12,8],[14,14,12,4],[90,0,0,0],[90,0,0,0],[14,14,12,8],[14,14,12,4],[14,11,12,8],[14,11,12,4],[14,14,12,8],[14,14,12,4],[90,0,0,0],[90,0,0,0],[14,14,12,8],[14,14,12,4],[26,11,12,8],[26,11,12,4],[14,14,12,8],[14,14,12,4],[90,0,0,0],[90,0,0,0],[14,14,12,8],[14,14,12,4],[14,11,12,8],[14,11,12,4],[14,14,12,8],[14,14,12,4]],null,null,null,[[14,11,12,8],[14,11,12,4],[14,14,12,8],[14,14,12,4],[14,11,12,8],[14,13,12,8],[14,14,12,8],[14,13,12,8],[14,11,12,8],[14,11,12,4],[14,14,12,8],[14,14,12,4],[14,11,12,8],[14,11,12,4],[14,14,12,8],[14,14,12,4],[14,11,12,8],[14,13,12,8],[14,14,12,8],[14,13,12,8],[14,11,12,8],[14,11,12,4],[14,14,12,8],[14,14,12,4],[14,11,12,8],[14,11,12,4],[14,14,12,8],[14,14,12,4],[14,11,12,8],[14,11,12,4],[14,14,12,8],[14,14,12,4],[14,11,12,8],[14,13,12,8],[14,14,12,8],[14,13,12,8],[14,11,12,8],[14,11,12,4],[14,14,12,8],[14,14,12,4],[14,11,12,8],[14,13,12,8],[14,14,12,8],[14,14,12,4],[26,11,12,8],[26,13,12,8],[26,14,12,8],[26,14,12,4],[14,11,12,8],[14,13,12,8],[14,14,12,8],[14,14,12,4],[26,11,12,8],[26,13,12,8],[26,14,12,8],[26,14,12,4],[14,11,12,15],[14,13,12,8],[14,14,12,8],[14,14,12,4],[26,11,12,15],[26,13,12,8],[26,14,12,8],[26,14,12,4]],null,null,null,[[14,11,12,15],[19,13,12,8],[24,14,12,8],[26,14,12,4],[24,11,12,15],[26,13,12,8],[31,14,12,8],[26,14,12,4],[14,11,12,15],[19,13,12,8],[24,14,12,8],[26,14,12,4],[24,11,12,15],[26,13,12,8],[31,14,12,8],[26,14,12,4],[14,11,12,15],[19,13,12,8],[24,14,12,8],[26,14,12,4],[24,11,12,15],[26,13,12,8],[31,14,12,8],[26,14,12,4],[14,11,12,15],[19,13,12,8],[24,14,12,8],[26,14,12,4],[24,11,12,15],[26,13,12,8],[31,14,12,8],[26,14,12,4],[14,11,12,15],[19,13,12,8],[24,14,12,8],[26,14,12,4],[24,11,12,15],[26,13,12,8],[31,14,12,8],[26,14,12,4],[14,11,12,15],[19,13,12,8],[24,14,12,8],[26,14,12,4],[24,11,12,15],[26,13,12,8],[31,14,12,8],[26,14,12,4],[14,11,12,15],[19,13,12,8],[24,14,12,8],[26,14,12,4],[24,11,12,15],[26,13,12,8],[31,14,12,8],[26,14,12,4],[14,11,12,15],[19,13,12,8],[24,14,12,8],[26,14,12,4],[24,11,12,15],[26,13,12,8],[31,14,12,8],[26,14,12,4]],null,null,null,[[90,0,0,0],[90,0,0,0],[14,14,12,8],[14,14,12,4],[19,11,12,8],[19,11,12,4],[21,14,12,8],[21,14,12,4],[26,14,12,8],[26,14,12,4],[14,14,12,8],[14,14,12,4],[26,11,12,8],[26,11,12,4],[24,14,12,8],[24,14,12,4],[14,11,12,8],[14,11,12,4],[14,14,12,8],[14,14,12,4],[19,11,12,8],[19,11,12,4],[21,14,12,8],[21,14,12,4],[26,14,12,8],[26,14,12,4],[14,14,12,8],[14,14,12,4],[26,11,12,8],[26,11,12,4],[24,14,12,8],[24,14,12,4],[14,11,12,8],[14,11,12,4],[14,14,12,8],[14,14,12,4],[19,11,12,8],[19,11,12,4],[21,14,12,8],[21,14,12,4],[26,14,12,8],[26,14,12,4],[14,14,12,8],[14,14,12,4],[26,11,12,8],[26,11,12,4],[24,14,12,8],[24,14,12,4],[14,11,12,8],[14,11,12,4],[14,14,12,8],[14,14,12,4],[14,11,12,8],[14,11,12,4],[14,14,12,8],[14,14,12,4],[14,11,12,8],[14,11,12,4],[14,14,12,8],[14,14,12,4],[26,11,12,8],[26,11,12,4],[26,14,12,8],[26,14,12,4]],null,null,null,null,null,null,[[14,11,12,15],[14,13,12,8],[14,14,12,8],[14,14,12,4],[14,11,12,15],[14,13,12,8],[14,14,12,8],[14,14,12,4],[14,11,12,15],[14,13,12,8],[14,14,12,8],[14,14,12,4],[90,0,0,0],[90,0,0,0],[90,0,0,0],[90,0,0,0],[90,0,0,0],[90,0,0,0],[90,0,0,0],[90,0,0,0],[90,0,0,0],[90,0,14,0],[90,0,0,0],[90,0,0,0],[90,0,0,0],[90,0,0,0],[90,0,0,0],[90,0,0,0],[90,0,0,0],[90,0,0,0],[90,0,0,0],[90,0,0,0],[90,0,0,0],[90,0,0,0],[90,0,0,0],[90,0,0,0],[90,0,0,0],[90,0,0,0],[90,0,0,0],[90,0,0,0],[90,0,0,0],[90,0,0,0],[90,0,0,0],[90,0,0,0],[90,0,0,0],[90,0,0,0],[90,0,0,0],[90,0,0,0],[90,0,0,0],[90,0,0,0],[90,0,0,0],[90,0,0,0],[90,0,0,0],[90,0,0,0],[90,0,0,0],[90,0,0,0],[90,0,0,0],[90,0,0,0],[90,0,0,0],[90,0,0,0],[90,0,0,0],[90,0,0,0],[90,0,0,0],[90,0,0,0]],null,null,null,null,null,null,null,null,null,null,null,null,null,null,null,null,null,null,null,null,null,null,null,null,null,null,null,null,null,null,null,null,null,null,null,null,null,null,null,null,null,null,null,null,null,null,null,null,null,null,null,null,null,null,null,null,null,null,null,null,null,null,null,null,null,null,null,null,null,null,null,null,null,null,null,null,null,null],[null,null,null,[[90,0,15,6],[90,0,0,0],[90,0,0,0],[90,0,0,0],[35,1,12,7],[35,1,12,3],[35,1,12,2],[35,1,12,1],[51,1,12,7],[51,1,12,3],[51,1,12,2],[51,1,12,1],[90,0,14,0],[90,0,0,0],[90,0,0,0],[90,0,0,0],[90,0,0,0],[90,0,0,0],[90,0,0,0],[90,0,0,0],[90,0,0,0],[90,0,0,0],[90,0,0,0],[90,0,0,0],[90,0,0,0],[90,0,0,0],[90,0,0,0],[90,0,0,0],[90,0,0,0],[90,0,0,0],[90,0,0,0],[90,0,0,0],[90,0,0,0],[90,0,0,0],[90,0,0,0],[90,0,0,0],[90,0,0,0],[90,0,0,0],[90,0,0,0],[90,0,0,0],[35,1,12,7],[35,1,12,3],[35,1,12,2],[35,1,12,1],[51,1,12,7],[51,1,12,3],[51,1,12,2],[51,1,12,1],[90,0,14,0],[90,0,0,0],[90,0,0,0],[90,0,0,0],[90,0,0,0],[90,0,0,0],[90,0,0,0],[90,0,0,0],[90,0,0,0],[90,0,0,0],[90,0,0,0],[90,0,0,0],[90,0,0,0],[90,0,0,0],[90,0,0,0],[90,0,0,0]],null,null,null,[[35,1,12,7],[35,1,12,3],[35,1,12,2],[35,1,12,1],[51,1,12,7],[51,1,12,3],[51,1,12,2],[51,1,12,1],[90,0,14,0],[90,0,0,0],[90,0,0,0],[90,0,0,0],[90,0,0,0],[90,0,0,0],[90,0,0,0],[90,0,0,0],[90,0,0,0],[90,0,0,0],[90,0,0,0],[90,0,0,0],[90,0,0,0],[90,0,0,0],[90,0,0,0],[90,0,0,0],[90,0,0,0],[90,0,0,0],[90,0,0,0],[90,0,0,0],[35,1,12,7],[35,1,12,3],[35,1,12,2],[35,1,12,1],[51,1,12,7],[51,1,12,3],[51,1,12,2],[51,1,12,1],[51,1,12,7],[51,1,12,3],[51,1,12,2],[51,1,12,1],[90,0,14,0],[90,0,0,0],[90,0,0,0],[90,0,0,0],[90,0,0,0],[90,0,0,0],[90,0,0,0],[90,0,0,0],[90,0,0,0],[90,0,0,0],[90,0,0,0],[90,0,0,0],[90,0,0,0],[90,0,0,0],[90,0,0,0],[90,0,0,0],[90,0,0,0],[90,0,0,0],[90,0,0,0],[90,0,0,0],[35,1,12,7],[35,1,12,3],[35,1,12,2],[35,1,12,1]],null,null,null,[[51,1,12,7],[51,1,12,3],[51,1,12,2],[51,1,12,1],[51,1,12,7],[51,1,12,3],[51,1,12,2],[51,1,12,1],[90,0,14,0],[90,0,0,0],[90,0,0,0],[90,0,0,0],[90,0,0,0],[90,0,0,0],[90,0,0,0],[90,0,0,0],[90,0,0,0],[90,0,0,0],[90,0,0,0],[90,0,0,0],[90,0,0,0],[90,0,0,0],[90,0,0,0],[90,0,0,0],[90,0,0,0],[90,0,0,0],[90,0,0,0],[90,0,0,0],[43,1,12,7],[43,1,12,3],[43,1,12,2],[43,1,12,1],[35,1,12,7],[35,1,12,3],[35,1,12,2],[35,1,12,1],[51,1,12,7],[51,1,12,3],[51,1,12,2],[51,1,12,1],[90,0,14,0],[90,0,0,0],[90,0,0,0],[90,0,0,0],[43,1,12,7],[43,1,12,3],[35,1,12,6],[35,1,12,2],[43,1,12,7],[43,1,12,3],[43,1,12,2],[43,1,12,1],[90,0,14,0],[90,0,0,0],[90,0,0,0],[90,0,0,0],[90,0,0,0],[90,0,0,0],[90,0,0,0],[90,0,0,0],[35,1,12,7],[35,1,12,3],[35,1,12,2],[35,1,12,1]],null,null,null,[[43,1,12,7],[43,1,12,3],[43,1,12,2],[43,1,12,1],[90,0,14,0],[90,0,0,0],[90,0,0,0],[90,0,0,0],[90,0,0,0],[90,0,0,0],[90,0,0,0],[90,0,0,0],[90,0,0,0],[90,0,0,0],[90,0,0,0],[90,0,0,0],[90,0,0,0],[90,0,0,0],[90,0,0,0],[90,0,0,0],[90,0,0,0],[90,0,0,0],[37,1,12,6],[37,1,12,2],[37,1,12,6],[37,1,12,2],[35,1,12,6],[35,1,12,2],[51,1,12,6],[51,1,12,2],[51,1,12,1],[90,0,14,0],[37,1,12,6],[37,1,12,2],[37,1,12,1],[90,0,14,0],[37,1,12,6],[37,1,12,2],[37,1,12,1],[90,0,14,0],[43,1,12,7],[43,1,12,3],[43,1,12,2],[43,1,12,1],[90,0,14,0],[90,0,0,0],[90,0,0,0],[90,0,0,0],[90,0,0,0],[90,0,0,0],[90,0,0,0],[90,0,0,0],[90,0,0,0],[90,0,0,0],[90,0,0,0],[90,0,0,0],[37,1,12,6],[37,1,12,2],[37,1,12,1],[90,0,14,0],[37,1,12,6],[37,1,12,2],[37,1,12,1],[90,0,14,0]],null,null,null,[[51,1,12,6],[51,1,12,2],[51,1,12,1],[90,0,14,0],[37,1,12,6],[37,1,12,2],[37,1,12,1],[90,0,14,0],[43,1,12,7],[43,1,12,3],[43,1,12,2],[43,1,12,1],[90,0,14,0],[90,0,0,0],[90,0,0,0],[90,0,0,0],[43,1,12,6],[43,1,12,2],[43,1,12,1],[90,0,14,0],[90,0,0,0],[90,0,0,0],[90,0,0,0],[90,0,0,0],[43,1,12,4],[43,1,12,1],[90,0,14,0],[90,0,0,0],[90,0,0,0],[90,0,0,0],[90,0,0,0],[90,0,0,0],[43,1,12,2],[43,1,12,1],[90,0,14,0],[90,0,0,0],[51,1,12,6],[51,1,12,2],[51,1,12,1],[90,0,14,0],[43,1,12,7],[43,1,12,3],[43,1,12,2],[43,1,12,1],[90,0,14,0],[90,0,0,0],[90,0,0,0],[90,0,0,0],[43,1,12,6],[43,1,12,2],[43,1,12,1],[90,0,14,0],[90,0,0,0],[90,0,0,0],[90,0,0,0],[90,0,0,0],[43,1,12,4],[43,1,12,1],[90,0,14,0],[90,0,0,0],[90,0,0,0],[90,0,0,0],[90,0,0,0],[90,0,0,0]],null,null,null,[[43,1,12,2],[43,1,12,1],[90,0,14,0],[90,0,0,0],[90,0,0,0],[90,0,0,0],[90,0,0,0],[90,0,0,0],[37,1,12,6],[37,1,12,2],[37,1,12,1],[90,0,14,0],[90,0,0,0],[90,0,0,0],[90,0,0,0],[90,0,0,0],[37,1,12,5],[37,1,12,2],[37,1,12,1],[90,0,14,0],[90,0,0,0],[90,0,0,0],[90,0,0,0],[90,0,0,0],[37,1,12,4],[37,1,12,2],[37,1,12,1],[90,0,14,0],[90,0,0,0],[90,0,0,0],[90,0,0,0],[90,0,0,0],[43,1,12,2],[43,1,12,1],[90,0,14,0],[90,0,0,0],[90,0,0,0],[90,0,0,0],[90,0,0,0],[90,0,0,0],[37,1,12,6],[37,1,12,2],[37,1,12,1],[90,0,14,0],[90,0,0,0],[90,0,0,0],[90,0,0,0],[90,0,0,0],[37,1,12,5],[37,1,12,2],[37,1,12,1],[90,0,14,0],[90,0,0,0],[90,0,0,0],[90,0,0,0],[90,0,0,0],[37,1,12,4],[37,1,12,2],[37,1,12,1],[90,0,14,0],[90,0,0,0],[90,0,0,0],[90,0,0,0],[90,0,0,0]],null,null,null,[[37,1,12,4],[37,1,12,1],[37,1,12,4],[37,1,12,1],[43,1,12,4],[43,1,12,1],[51,1,12,4],[51,1,12,1],[90,0,0,0],[90,0,14,0],[37,1,12,5],[37,1,12,2],[37,1,12,1],[90,0,14,0],[51,1,12,5],[51,1,12,2],[51,1,12,1],[90,0,14,0],[37,1,12,5],[37,1,12,2],[37,1,12,1],[90,0,14,0],[51,1,12,5],[51,1,12,2],[51,1,12,1],[90,0,14,0],[37,1,12,5],[37,1,12,2],[37,1,12,1],[90,0,14,0],[51,1,12,5],[51,1,12,2],[51,1,12,1],[90,0,14,0],[37,1,12,5],[37,1,12,1],[37,1,12,5],[37,1,12,1],[51,1,12,5],[51,1,12,1],[35,1,12,5],[35,1,12,1],[37,1,12,5],[37,1,12,2],[37,1,12,1],[90,0,14,0],[51,1,12,5],[51,1,12,2],[51,1,12,1],[90,0,14,0],[37,1,12,5],[37,1,12,2],[37,1,12,1],[90,0,14,0],[51,1,12,5],[51,1,12,2],[51,1,12,1],[90,0,14,0],[37,1,12,5],[37,1,12,2],[37,1,12,5],[37,1,12,2],[37,1,12,5],[37,1,12,2]],null,null,null,[[51,1,12,5],[51,1,12,1],[35,1,12,5],[35,1,12,1],[37,1,12,5],[37,1,12,1],[37,1,12,5],[37,1,12,1],[51,1,12,5],[51,1,12,1],[35,1,12,5],[35,1,12,1],[37,1,12,5],[37,1,12,1],[37,1,12,5],[37,1,12,1],[51,1,12,5],[51,1,12,1],[35,1,12,5],[35,1,12,1],[37,1,12,5],[37,1,12,1],[37,1,12,5],[37,1,12,1],[51,1,12,5],[51,1,12,1],[35,1,12,5],[35,1,12,1],[37,1,12,5],[37,1,12,1],[37,1,12,5],[37,1,12,1],[51,1,12,5],[51,1,12,1],[35,1,12,5],[35,1,12,1],[37,1,12,5],[37,1,12,1],[37,1,12,5],[37,1,12,1],[51,1,12,5],[51,1,12,1],[35,1,12,5],[35,1,12,1],[37,1,12,5],[37,1,12,1],[37,1,12,5],[37,1,12,1],[51,1,12,5],[51,1,12,1],[35,1,12,5],[35,1,12,1],[37,1,12,5],[37,1,12,1],[37,1,12,5],[37,1,12,1],[51,1,12,5],[51,1,12,1],[35,1,12,5],[35,1,12,1],[37,1,12,5],[37,1,12,1],[37,1,12,5],[37,1,12,1]],null,null,null,[[43,1,12,2],[43,1,12,1],[90,0,14,0],[90,0,0,0],[43,1,12,2],[43,1,12,1],[90,0,14,0],[90,0,0,0],[37,1,12,5],[37,1,12,2],[37,1,12,1],[90,0,14,0],[51,1,12,5],[51,1,12,2],[51,1,12,1],[90,0,14,0],[37,1,12,5],[37,1,12,2],[37,1,12,1],[90,0,14,0],[51,1,12,5],[51,1,12,2],[51,1,12,1],[90,0,14,0],[37,1,12,5],[37,1,12,1],[37,1,12,5],[37,1,12,1],[51,1,12,5],[51,1,12,1],[35,1,12,5],[35,1,12,1],[37,1,12,5],[37,1,12,2],[37,1,12,1],[90,0,14,0],[51,1,12,5],[51,1,12,2],[51,1,12,1],[90,0,14,0],[37,1,12,5],[37,1,12,2],[37,1,12,1],[90,0,14,0],[51,1,12,5],[51,1,12,2],[51,1,12,1],[90,0,14,0],[37,1,12,5],[37,1,12,2],[37,1,12,5],[37,1,12,2],[37,1,12,5],[37,1,12,2],[37,1,12,5],[37,1,12,2],[37,1,12,5],[37,1,12,2],[37,1,12,5],[37,1,12,2],[37,1,12,5],[37,1,12,2],[37,1,12,5],[37,1,12,2]],null,null,null,[[43,1,12,7],[43,1,12,2],[37,1,12,7],[37,1,12,2],[37,1,12,7],[37,1,12,2],[51,1,12,7],[51,1,12,2],[43,1,12,7],[43,1,12,2],[37,1,12,7],[37,1,12,2],[37,1,12,7],[37,1,12,2],[51,1,12,7],[51,1,12,2],[43,1,12,7],[43,1,12,2],[37,1,12,7],[37,1,12,2],[37,1,12,7],[37,1,12,2],[51,1,12,7],[51,1,12,2],[43,1,12,7],[43,1,12,2],[37,1,12,7],[37,1,12,2],[37,1,12,7],[37,1,12,2],[51,1,12,7],[51,1,12,2],[43,1,12,7],[43,1,12,2],[37,1,12,7],[37,1,12,2],[37,1,12,7],[37,1,12,2],[51,1,12,7],[51,1,12,2],[43,1,12,7],[43,1,12,2],[37,1,12,7],[37,1,12,2],[37,1,12,7],[37,1,12,2],[51,1,12,7],[51,1,12,2],[43,1,12,7],[43,1,12,2],[37,1,12,7],[37,1,12,2],[37,1,12,7],[37,1,12,2],[51,1,12,7],[51,1,12,2],[43,1,12,7],[43,1,12,2],[37,1,12,7],[37,1,12,2],[37,1,12,7],[37,1,12,2],[51,1,12,7],[51,1,12,2]],null,null,null,[[43,1,12,2],[43,1,12,1],[90,0,14,0],[90,0,0,0],[90,0,0,0],[90,0,0,0],[90,0,0,0],[90,0,0,0],[90,0,0,0],[90,0,0,0],[37,1,12,5],[37,1,12,2],[37,1,12,1],[90,0,14,0],[51,1,12,5],[51,1,12,2],[51,1,12,1],[90,0,14,0],[37,1,12,5],[37,1,12,2],[37,1,12,1],[90,0,14,0],[51,1,12,5],[51,1,12,2],[51,1,12,1],[90,0,14,0],[37,1,12,5],[37,1,12,1],[37,1,12,5],[37,1,12,1],[51,1,12,5],[51,1,12,1],[35,1,12,5],[35,1,12,1],[37,1,12,5],[37,1,12,2],[37,1,12,1],[90,0,14,0],[51,1,12,5],[51,1,12,2],[51,1,12,1],[90,0,14,0],[37,1,12,5],[37,1,12,2],[37,1,12,1],[90,0,14,0],[51,1,12,5],[51,1,12,2],[51,1,12,1],[90,0,14,0],[37,1,12,5],[37,1,12,2],[37,1,12,5],[37,1,12,2],[37,1,12,5],[37,1,12,2],[37,1,12,4],[37,1,12,2],[37,1,12,1],[90,0,14,0],[51,1,12,5],[51,1,12,2],[51,1,12,1],[90,0,14,0]],null,null,[[43,1,12,7],[43,1,12,2],[37,1,12,7],[37,1,12,2],[51,1,12,7],[51,1,12,2],[51,1,12,1],[90,0,0,0],[43,1,12,7],[43,1,12,2],[37,1,12,7],[37,1,12,2],[51,1,12,7],[51,1,12,2],[51,1,12,1],[90,0,0,0],[43,1,12,7],[43,1,12,2],[37,1,12,7],[37,1,12,2],[51,1,12,7],[51,1,12,2],[51,1,12,1],[90,0,0,0],[43,1,12,7],[43,1,12,2],[37,1,12,7],[37,1,12,2],[51,1,12,7],[51,1,12,2],[51,1,12,7],[51,1,12,2],[43,1,12,7],[43,1,12,2],[37,1,12,7],[37,1,12,2],[51,1,12,7],[51,1,12,2],[51,1,12,1],[90,0,0,0],[43,1,12,7],[43,1,12,2],[37,1,12,7],[37,1,12,2],[51,1,12,7],[51,1,12,2],[51,1,12,1],[90,0,0,0],[43,1,12,7],[43,1,12,2],[37,1,12,7],[37,1,12,2],[51,1,12,7],[51,1,12,2],[51,1,12,1],[90,0,0,0],[43,1,12,7],[43,1,12,2],[37,1,12,7],[37,1,12,2],[51,1,12,7],[51,1,12,2],[51,1,12,7],[51,1,12,2]],null,null,null,[[51,1,12,7],[51,1,12,2],[51,1,12,1],[90,0,0,0],[51,1,12,7],[51,1,12,2],[51,1,12,1],[90,0,0,0],[51,1,12,7],[51,1,12,2],[51,1,12,1],[90,0,11,4],[90,0,0,0],[90,0,0,0],[90,0,0,0],[90,0,0,0],[90,0,0,0],[90,0,0,0],[90,0,14,0],[90,0,0,0],[90,0,0,0],[90,0,0,0],[90,0,0,0],[90,0,0,0],[90,0,0,0],[90,0,0,0],[90,0,0,0],[90,0,0,0],[90,0,0,0],[90,0,0,0],[90,0,0,0],[90,0,0,0],[90,0,0,0],[90,0,0,0],[90,0,0,0],[90,0,0,0],[90,0,0,0],[90,0,0,0],[90,0,0,0],[90,0,0,0],[90,0,0,0],[90,0,0,0],[90,0,0,0],[90,0,0,0],[90,0,0,0],[90,0,0,0],[90,0,0,0],[90,0,0,0],[90,0,0,0],[90,0,0,0],[90,0,0,0],[90,0,0,0],[90,0,0,0],[90,0,0,0],[90,0,0,0],[90,0,0,0],[90,0,0,0],[90,0,0,0],[90,0,0,0],[90,0,0,0],[90,0,0,0],[90,0,0,0],[90,0,0,0],[90,0,0,0]],null,null,null,null,null,null,null,null,null,null,null,null,null,null,null,null,null,null,null,null,null,null,null,null,null,null,null,null,null,null,null,null,null,null,null,null,null,null,null,null,null,null,null,null,null,null,null,null,null,null,null,null,null,null,null,null,null,null,null,null,null,null,null,null,null,null,null,null,null,null,null,null,null,null,null,null,null]],"channels":[[0,4,8,12,16,20,24,28,40,20,32,44,36,47],[1,5,9,13,17,21,25,29,41,21,33,45,37,48],[2,6,10,14,18,22,26,30,42,22,34,38,38,49],[3,7,11,15,19,23,27,31,43,23,35,46,39,50]]}}