{"song":{"name":"Herding Pidgeons","artist":"TipTopTomCat","comment":"https://tiptoptomcat.itch.io/","duty_instruments":[{"name":"Duty1","length":null,"initial_volume":15,"volume_sweep_change":0,"frequency_sweep_time":0,"frequency_sweep_shift":0,"duty_cycle":1},{"name":"Duty2","length":null,"initial_volume":15,"volume_sweep_change":0,"frequency_sweep_time":0,"frequency_sweep_shift":0,"duty_cycle":2},{"name":"Duty3","length":null,"initial_volume":15,"volume_sweep_change":0,"frequency_sweep_time":0,"frequency_sweep_shift":0,"duty_cycle":3},{"name":"Duty4","length":null,"initial_volume":15,"volume_sweep_change":0,"frequency_sweep_time":0,"frequency_sweep_shift":0,"duty_cycle":0},{"name":"Duty5","length":null,"initial_volume":15,"volume_sweep_change":0,"frequency_sweep_time":0,"frequency_sweep_shift":0,"duty_cycle":2},{"name":"Duty6","length":null,"initial_volume":15,"volume_sweep_change":0,"frequency_sweep_time":0,"frequency_sweep_shift":0,"duty_cycle":2},{"name":"Duty7","length":null,"initial_volume":15,"volume_sweep_change":0,"frequency_sweep_time":0,"frequency_sweep_shift":0,"duty_cycle":2},{"name":"Duty8","length":null,"initial_volume":15,"volume_sweep_change":0,"frequency_sweep_time":0,"frequency_sweep_shift":0,"duty_cycle":2},{"name":"Duty9","length":null,"initial_volume":15,"volume_sweep_change":0,"frequency_sweep_time":0,"frequency_sweep_shift":0,"duty_cycle":2},{"name":"Duty10","length":null,"initial_volume":15,"volume_sweep_change":0,"frequency_sweep_time":0,"frequency_sweep_shift":0,"duty_cycle":2},{"name":"Duty11","length":null,"initial_volume":15,"volume_sweep_change":0,"frequency_sweep_time":0,"frequency_sweep_shift":0,"duty_cycle":2},{"name":"Duty12","length":null,"initial_volume":15,"volume_sweep_change":0,"frequency_sweep_time":0,"frequency_sweep_shift":0,"duty_cycle":2},{"name":"Duty13","length":null,"initial_volume":15,"volume_sweep_change":0,"frequency_sweep_time":0,"frequency_sweep_shift":0,"duty_cycle":2},{"name":"Duty14","length":null,"initial_volume":15,"volume_sweep_change":0,"frequency_sweep_time":0,"frequency_sweep_shift":0,"duty_cycle":2},{"name":"Duty15","length":null,"initial_volume":15,"volume_sweep_change":0,"frequency_sweep_time":0,"frequency_sweep_shift":0,"duty_cycle":2}],"wave_instruments":[{"name":"Wave1","length":null,"volume":1,"wave_index":0},{"name":"Wave2","length":null,"volume":1,"wave_index":1},{"name":"Wave3","length":null,"volume":1,"wave_index":2},{"name":"Wave4","length":null,"volume":1,"wave_index":3},{"name":"Wave5","length":null,"volume":1,"wave_index":4},{"name":"Wave6","length":null,"volume":1,"wave_index":5},{"name":"Wave7","length":null,"volume":1,"wave_index":6},{"name":"Wave8","length":null,"volume":1,"wave_index":0},{"name":"Wave9","length":null,"volume":1,"wave_index":1},{"name":"Wave10","length":null,"volume":1,"wave_index":2},{"name":"Wave11","length":null,"volume":1,"wave_index":3},{"name":"Wave12","length":null,"volume":1,"wave_index":4},{"name":"Wave13","length":null,"volume":1,"wave_index":5},{"name":"Wave14","length":null,"volume":1,"wave_index":6},{"name":"Wave15","length":null,"volume":1,"wave_index":7}],"noise_instruments":[{"name":"Noise1","length":null,"initial_volume":15,"volume_sweep_change":0,"shift_clock_mask":0,"dividing_ratio":0,"bit_count":1,"noise_macro":[0,0,0,0,0,0,0,0,0,0,0,0,0,0,0]},{"name":"Noise2","length":null,"initial_volume":15,"volume_sweep_change":0,"shift_clock_mask":0,"dividing_ratio":0,"bit_count":1,"noise_macro":[0,0,0,0,0,0,0,0,0,0,0,0,0,0,0]},{"name":"Noise3","length":null,"initial_volume":15,"volume_sweep_change":0,"shift_clock_mask":0,"dividing_ratio":0,"bit_count":1,"noise_macro":[0,0,0,0,0,0,0,0,0,0,0,0,0,0,0]},{"name":"Noise4","length":null,"initial_volume":15,"volume_sweep_change":0,"shift_clock_mask":0,"dividing_ratio":0,"bit_count":1,"noise_macro":[0,0,0,0,0,0,0,0,0,0,0,0,0,0,0]},{"name":"Noise5","length":null,"initial_volume":15,"volume_sweep_change":0,"shift_clock_mask":0,"dividing_ratio":0,"bit_count":1,"noise_macro":[0,0,0,0,0,0,0,0,0,0,0,0,0,0,0]},{"name":"Noise6","length":null,"initial_volume":15,"volume_sweep_change":0,"shift_clock_mask":0,"dividing_ratio":0,"bit_count":1,"noise_macro":[0,0,0,0,0,0,0,0,0,0,0,0,0,0,0]},{"name":"Noise7","length":null,"initial_volume":15,"volume_sweep_change":0,"shift_clock_mask":0,"dividing_ratio":0,"bit_count":1,"noise_macro":[0,0,0,0,0,0,0,0,0,0,0,0,0,0,0]},{"name":"Noise8","length":null,"initial_volume":15,"volume_sweep_change":0,"shift_clock_mask":0,"dividing_ratio":0,"bit_count":1,"noise_macro":[0,0,0,0,0,0,0,0,0,0,0,0,0,0,0]},{"name":"Noise9","length":null,"initial_volume":15,"volume_sweep_change":0,"shift_clock_mask":0,"dividing_ratio":0,"bit_count":1,"noise_macro":[0,0,0,0,0,0,0,0,0,0,0,0,0,0,0]},{"name":"Noise10","length":null,"initial_volume":15,"volume_sweep_change":0,"shift_clock_mask":0,"dividing_ratio":0,"bit_count":1,"noise_macro":[0,0,0,0,0,0,0,0,0,0,0,0,0,0,0]},{"name":"Noise11","length":null,"initial_volume":15,"volume_sweep_change":0,"shift_clock_mask":0,"dividing_ratio":0,"bit_count":1,"noise_macro":[0,0,0,0,0,0,0,0,0,0,0,0,0,0,0]},{"name":"Noise12","length":null,"initial_volume":15,"volume_sweep_change":0,"shift_clock_mask":0,"dividing_ratio":0,"bit_count":1,"noise_macro":[0,0,0,0,0,0,0,0,0,0,0,0,0,0,0]},{"name":"Noise13","length":null,"initial_volume":15,"volume_sweep_change":0,"shift_clock_mask":0,"dividing_ratio":0,"bit_count":1,"noise_macro":[0,0,0,0,0,0,0,0,0,0,0,0,0,0,0]},{"name":"Noise14","length":null,"initial_volume":15,"volume_sweep_change":0,"shift_clock_mask":0,"dividing_ratio":0,"bit_count":1,"noise_macro":[0,0,0,0,0,0,0,0,0,0,0,0,0,0,0]},{"name":"Noise15","length":null,"initial_volume":15,"volume_sweep_change":0,"shift_clock_mask":0,"dividing_ratio":0,"bit_count":1,"noise_macro":[0,0,0,0,0,0,0,0,0,0,0,0,0,0,0]}],"waves":[[10,5,13,7,12,9,14,1,11,12,9,10,7,6,3,1,0,12,11,10,13,14,6,0,1,11,12,10,0,3,9,3],[15,0,14,1,13,2,12,3,11,4,10,5,9,6,8,7,7,8,6,9,5,10,4,11,3,12,2,13,1,14,0,15],[15,13,14,12,13,11,12,10,11,9,10,8,9,7,8,6,7,9,6,8,5,7,4,6,3,5,2,4,1,3,0,2],[13,14,15,14,13,12,11,10,9,10,10,9,8,7,7,7,8,8,8,7,6,5,5,6,5,4,3,2,1,0,1,2],[10,11,12,13,14,15,14,13,12,11,10,0,1,2,3,14,13,12,11,10,11,12,13,14,15,14,13,12,3,2,1,0],[15,15,14,14,13,13,12,12,11,11,10,10,9,9,8,8,7,7,6,6,5,5,4,4,3,3,2,2,1,1,0,0],[15,15,15,15,15,15,15,15,15,15,15,15,15,15,15,15,0,0,0,0,0,0,0,0,0,0,0,0,0,0,0,0],[7,9,11,12,13,14,14,15,15,15,14,14,13,12,11,9,7,5,4,3,2,1,1,0,0,0,1,1,2,3,4,5],[10,13,8,6,5,12,6,3,1,4,11,1,12,5,9,2,4,7,10,10,0,2,12,2,0,13,14,0,13,5,8,1],[2,5,12,2,0,10,4,0,14,14,9,3,10,0,4,5,5,7,3,3,10,14,6,6,7,5,2,2,10,14,13,12],[0,11,13,3,1,8,2,0,2,8,4,4,0,5,6,1,0,7,9,7,9,4,0,3,2,4,1,8,3,11,2,0],[7,6,12,14,2,9,13,2,8,5,11,2,1,12,2,10,5,11,1,3,12,2,3,5,6,3,6,11,7,6,14,12],[6,2,2,5,0,5,3,11,5,8,6,8,1,11,1,5,13,14,10,6,7,4,10,0,12,13,13,0,7,14,13,3],[9,8,9,14,2,3,10,13,0,7,4,9,10,0,8,0,13,14,12,12,7,9,9,2,14,0,2,3,10,2,14,1],[12,5,7,12,6,14,6,8,8,6,12,6,13,11,4,0,8,13,5,11,14,12,3,7,1,3,0,0,3,9,2,13],[0,0,8,11,9,12,11,6,12,6,6,7,14,10,8,5,2,2,7,9,14,2,3,5,12,9,2,11,12,0,6,8]],"ticks_per_row":7,"orders":[[[[29,3,12,8],[29,3,12,2],[23,4,12,8],[23,4,12,7],[23,4,12,6],[23,4,12,2],[31,4,12,8],[31,4,12,7],[31,4,12,6],[31,4,12,2],[32,4,12,8],[32,4,12,7],[32,4,12,6],[32,4,12,2],[23,4,12,8],[23,4,12,7],[23,4,12,6],[23,4,12,2],[90,0,0,0],[90,0,0,0],[90,0,0,0],[90,0,0,0],[90,0,0,0],[90,0,0,0],[90,0,0,0],[90,0,0,0],[90,0,0,0],[90,0,0,0],[90,0,0,0],[90,0,0,0],[90,0,0,0],[90,0,0,0],[90,0,0,0],[90,0,0,0],[21,4,12,8],[21,4,12,7],[21,4,12,6],[21,4,12,2],[90,0,0,0],[90,0,0,0],[90,0,0,0],[90,0,0,0],[90,0,0,0],[90,0,0,0],[90,0,0,0],[90,0,0,0],[90,0,0,0],[90,0,0,0],[90,0,0,0],[90,0,0,0],[90,0,0,0],[90,0,0,0],[90,0,0,0],[90,0,0,0],[90,0,0,0],[90,0,0,0],[90,0,0,0],[90,0,0,0],[90,0,0,0],[90,0,0,0],[90,0,0,0],[90,0,0,0],[29,3,12,8],[29,3,12,7]],null,null,null,[[29,3,12,6],[29,3,12,2],[31,3,12,8],[31,3,12,7],[31,3,12,6],[31,3,12,2],[32,3,12,8],[32,3,12,7],[32,3,12,6],[32,3,12,2],[23,3,12,8],[23,3,12,7],[23,3,12,6],[23,3,12,2],[90,0,0,0],[90,0,0,0],[90,0,0,0],[90,0,0,0],[90,0,0,0],[90,0,0,0],[90,0,0,0],[90,0,0,0],[90,0,0,0],[90,0,0,0],[90,0,0,0],[90,0,0,0],[90,0,0,0],[90,0,0,0],[90,0,0,0],[90,0,0,0],[26,3,12,8],[26,3,12,7],[26,3,12,6],[26,3,12,2],[20,3,12,8],[20,3,12,7],[20,3,12,6],[20,3,12,2],[90,0,0,0],[90,0,0,0],[90,0,0,0],[90,0,0,0],[90,0,0,0],[90,0,0,0],[90,0,0,0],[90,0,0,0],[90,0,0,0],[90,0,0,0],[90,0,0,0],[90,0,0,0],[90,0,0,0],[90,0,0,0],[90,0,0,0],[90,0,0,0],[90,0,0,0],[90,0,0,0],[90,0,0,0],[90,0,0,0],[90,0,0,0],[90,0,0,0],[90,0,0,0],[90,0,0,0],[29,3,12,8],[29,3,12,7]],null,null,null,null,null,null,null,null,null,null,null,null,null,null,null,null,null,null,null,null,null,null,null,null,null,null,null,null,null,null,null,null,null,null,null,null,null,null,null,null,null,null,null,null,null,null,null,null,null,null,null,null,null,null,null,null,null,null,null,null,null,null,null,null,null,null,null,null,null,null,null,null,null,null,null,null,null,null,null,null,null,null,null,null,null,null,null,null,null,null,null,null,null,null,null,null,null,null,null,null,null,null,null,null,null,null,null,null,null,null,null,null,null,null,null,null,null,null,null,null,null,null,null],[null,[[19,4,12,8],[19,4,12,2],[31,3,12,8],[31,3,12,7],[31,3,12,6],[31,3,12,2],[26,3,12,8],[26,3,12,7],[26,3,12,6],[26,3,12,2],[28,3,12,8],[28,3,12,7],[28,3,12,6],[28,3,12,2],[28,3,12,8],[28,3,12,7],[28,3,12,6],[28,3,12,2],[90,0,0,0],[90,0,0,0],[90,0,0,0],[90,0,0,0],[90,0,0,0],[90,0,0,0],[90,0,0,0],[90,0,0,0],[90,0,0,0],[90,0,0,0],[90,0,0,0],[90,0,0,0],[90,0,0,0],[90,0,0,0],[90,0,0,0],[90,0,0,0],[26,3,12,8],[26,3,12,7],[26,3,12,6],[26,3,12,2],[90,0,0,0],[90,0,0,0],[90,0,0,0],[90,0,0,0],[90,0,0,0],[90,0,0,0],[90,0,0,0],[90,0,0,0],[90,0,0,0],[90,0,0,0],[90,0,0,0],[90,0,0,0],[90,0,0,0],[90,0,0,0],[90,0,0,0],[90,0,0,0],[90,0,0,0],[90,0,0,0],[90,0,0,0],[90,0,0,0],[90,0,0,0],[90,0,0,0],[90,0,0,0],[90,0,0,0],[19,4,12,8],[19,4,12,7]],null,null,null,[[19,4,12,6],[19,4,12,2],[26,4,12,8],[26,4,12,7],[26,4,12,6],[26,4,12,2],[28,4,12,8],[28,4,12,7],[28,4,12,6],[28,4,12,2],[28,4,12,8],[28,4,12,7],[28,4,12,6],[28,4,12,2],[90,0,0,0],[90,0,0,0],[90,0,0,0],[90,0,0,0],[90,0,0,0],[90,0,0,0],[90,0,0,0],[90,0,0,0],[90,0,0,0],[90,0,0,0],[90,0,0,0],[90,0,0,0],[90,0,0,0],[90,0,0,0],[90,0,0,0],[90,0,0,0],[18,4,12,8],[18,4,12,7],[18,4,12,6],[18,4,12,2],[28,4,12,8],[28,4,12,7],[28,4,12,6],[28,4,12,2],[90,0,0,0],[90,0,0,0],[90,0,0,0],[90,0,0,0],[90,0,0,0],[90,0,0,0],[90,0,0,0],[90,0,0,0],[90,0,0,0],[90,0,0,0],[90,0,0,0],[90,0,0,0],[90,0,0,0],[90,0,0,0],[90,0,0,0],[90,0,0,0],[90,0,0,0],[90,0,0,0],[90,0,0,0],[90,0,0,0],[90,0,0,0],[90,0,0,0],[90,0,0,0],[90,0,0,0],[19,4,12,8],[19,4,12,7]],null,null,null,null,null,null,null,null,null,null,null,null,null,null,null,null,null,null,null,null,null,null,null,null,null,null,null,null,null,null,null,null,null,null,null,null,null,null,null,null,null,null,null,null,null,null,null,null,null,null,null,null,null,null,null,null,null,null,null,null,null,null,null,null,null,null,null,null,null,null,null,null,null,null,null,null,null,null,null,null,null,null,null,null,null,null,null,null,null,null,null,null,null,null,null,null,null,null,null,null,null,null,null,null,null,null,null,null,null,null,null,null,null,null,null,null,null,null,null,null,null,null],[null,null,[[14,12,12,8],[14,14,12,8],[16,12,12,8],[16,14,12,8],[90,0,14,0],[90,0,14,128],[28,12,12,8],[28,14,12,8],[90,0,14,0],[90,0,14,143],[16,12,12,8],[16,14,12,8],[90,0,14,0],[90,0,14,128],[28,12,12,8],[28,14,12,8],[90,0,14,0],[90,0,14,143],[16,12,12,8],[16,14,12,8],[90,0,14,0],[90,0,14,128],[28,12,12,8],[28,14,12,8],[90,0,14,0],[90,0,14,143],[16,12,12,8],[16,14,12,8],[90,0,14,0],[90,0,14,128],[28,12,12,8],[28,14,12,8],[90,0,14,0],[90,0,14,143],[14,12,12,8],[14,14,12,8],[90,0,14,0],[90,0,14,128],[26,12,12,8],[26,14,12,8],[90,0,14,0],[90,0,14,143],[14,12,12,8],[14,14,12,8],[90,0,14,0],[90,0,14,128],[26,12,12,8],[26,14,12,8],[90,0,14,0],[90,0,14,143],[14,12,12,8],[14,14,12,8],[90,0,14,0],[90,0,14,128],[26,12,12,8],[26,14,12,8],[90,0,14,0],[90,0,14,143],[14,12,12,8],[14,14,12,8],[90,0,14,0],[90,0,14,128],[16,12,12,8],[16,14,12,8]],null,null,null,[[14,12,12,8],[14,14,12,8],[16,12,12,8],[16,14,12,8],[90,0,14,0],[90,0,14,143],[28,12,12,8],[28,14,12,8],[90,0,14,0],[90,0,14,128],[16,12,12,8],[16,14,12,8],[90,0,14,0],[90,0,14,143],[28,12,12,8],[28,14,12,8],[90,0,14,0],[90,0,14,128],[16,12,12,8],[16,14,12,8],[90,0,14,0],[90,0,14,143],[28,12,12,8],[28,14,12,8],[90,0,14,0],[90,0,14,128],[16,12,12,8],[16,14,12,8],[90,0,14,0],[90,0,14,143],[28,12,12,8],[28,14,12,8],[90,0,14,0],[90,0,14,128],[16,12,12,8],[16,14,12,8],[90,0,14,0],[90,0,14,143],[23,12,12,8],[23,14,12,8],[90,0,14,0],[90,0,14,128],[35,12,12,8],[35,14,12,8],[90,0,14,0],[90,0,14,143],[28,12,12,8],[28,14,12,8],[90,0,14,0],[90,0,14,128],[16,12,12,8],[16,14,12,8],[90,0,14,0],[90,0,14,143],[16,12,12,8],[16,14,12,8],[90,0,14,0],[90,0,14,128],[16,12,12,8],[16,14,12,8],[90,0,14,0],[90,0,14,143],[16,12,12,8],[16,14,12,8]],null,null,null,null,null,null,null,null,null,null,null,null,null,null,null,null,null,null,null,null,null,null,null,null,null,null,null,null,null,null,null,null,null,null,null,null,null,null,null,null,null,null,null,null,null,null,null,null,null,null,null,null,null,null,null,null,null,null,null,null,null,null,null,null,null,null,null,null,null,null,null,null,null,null,null,null,null,null,null,null,null,null,null,null,null,null,null,null,null,null,null,null,null,null,null,null,null,null,null,null,null,null,null,null,null,null,null,null,null,null,null,null,null,null,null,null,null,null,null,null,null],[null,null,null,[[90,0,15,5],[90,0,0,0],[90,0,0,0],[90,0,0,0],[90,0,0,0],[90,0,0,0],[90,0,0,0],[90,0,0,0],[90,0,0,0],[90,0,0,0],[90,0,0,0],[90,0,0,0],[90,0,0,0],[90,0,0,0],[90,0,0,0],[90,0,0,0],[90,0,0,0],[90,0,0,0],[90,0,0,0],[90,0,0,0],[90,0,0,0],[90,0,0,0],[90,0,0,0],[90,0,0,0],[90,0,0,0],[90,0,0,0],[90,0,0,0],[90,0,0,0],[90,0,0,0],[90,0,0,0],[90,0,0,0],[90,0,0,0],[90,0,0,0],[90,0,0,0],[90,0,0,0],[90,0,0,0],[90,0,0,0],[90,0,0,0],[90,0,0,0],[90,0,0,0],[90,0,0,0],[90,0,0,0],[90,0,0,0],[90,0,0,0],[90,0,0,0],[90,0,0,0],[90,0,0,0],[90,0,0,0],[90,0,0,0],[90,0,0,0],[90,0,0,0],[90,0,0,0],[90,0,0,0],[90,0,0,0],[90,0,0,0],[90,0,0,0],[90,0,0,0],[90,0,0,0],[90,0,0,0],[90,0,0,0],[90,0,0,0],[90,0,0,0],[90,0,0,0],[90,0,0,0]],null,null,null,null,null,null,null,null,null,null,null,null,null,null,null,null,null,null,null,null,null,null,null,null,null,null,null,null,null,null,null,null,null,null,null,null,null,null,null,null,null,null,null,null,null,null,null,null,null,null,null,null,null,null,null,null,null,null,null,null,null,null,null,null,null,null,null,null,null,null,null,null,null,null,null,null,null,null,null,null,null,null,null,null,null,null,null,null,null,null,null,null,null,null,null,null,null,null,null,null,null,null,null,null,null,null,null,null,null,null,null,null,null,null,null,null,null,null,null,null,null,null,null,null]],"channels":[[0,4],[1,5],[2,6],[3,7]]}}