{"song":{"name":"Herding Cats","artist":"TipTopTomCat","comment":"https://tiptoptomcat.itch.io/","duty_instruments":[{"name":"Duty1","length":null,"initial_volume":15,"volume_sweep_change":0,"frequency_sweep_time":0,"frequency_sweep_shift":0,"duty_cycle":1},{"name":"Duty2","length":null,"initial_volume":15,"volume_sweep_change":0,"frequency_sweep_time":0,"frequency_sweep_shift":0,"duty_cycle":2},{"name":"Duty3","length":null,"initial_volume":15,"volume_sweep_change":0,"frequency_sweep_time":0,"frequency_sweep_shift":0,"duty_cycle":3},{"name":"Duty4","length":null,"initial_volume":15,"volume_sweep_change":0,"frequency_sweep_time":0,"frequency_sweep_shift":0,"duty_cycle":0},{"name":"Duty5","length":null,"initial_volume":15,"volume_sweep_change":0,"frequency_sweep_time":0,"frequency_sweep_shift":0,"duty_cycle":2},{"name":"Duty6","length":null,"initial_volume":15,"volume_sweep_change":0,"frequency_sweep_time":0,"frequency_sweep_shift":0,"duty_cycle":2},{"name":"Duty7","length":null,"initial_volume":15,"volume_sweep_change":0,"frequency_sweep_time":0,"frequency_sweep_shift":0,"duty_cycle":2},{"name":"Duty8","length":null,"initial_volume":15,"volume_sweep_change":0,"frequency_sweep_time":0,"frequency_sweep_shift":0,"duty_cycle":2},{"name":"Duty9","length":null,"initial_volume":15,"volume_sweep_change":0,"frequency_sweep_time":0,"frequency_sweep_shift":0,"duty_cycle":2},{"name":"Duty10","length":null,"initial_volume":15,"volume_sweep_change":0,"frequency_sweep_time":0,"frequency_sweep_shift":0,"duty_cycle":2},{"name":"Duty11","length":null,"initial_volume":15,"volume_sweep_change":0,"frequency_sweep_time":0,"frequency_sweep_shift":0,"duty_cycle":2},{"name":"Duty12","length":null,"initial_volume":15,"volume_sweep_change":0,"frequency_sweep_time":0,"frequency_sweep_shift":0,"duty_cycle":2},{"name":"Duty13","length":null,"initial_volume":15,"volume_sweep_change":0,"frequency_sweep_time":0,"frequency_sweep_shift":0,"duty_cycle":2},{"name":"Duty14","length":null,"initial_volume":15,"volume_sweep_change":0,"frequency_sweep_time":0,"frequency_sweep_shift":0,"duty_cycle":2},{"name":"Duty15","length":null,"initial_volume":15,"volume_sweep_change":0,"frequency_sweep_time":0,"frequency_sweep_shift":0,"duty_cycle":2}],"wave_instruments":[{"name":"Wave1","length":null,"volume":1,"wave_index":0},{"name":"Wave2","length":null,"volume":1,"wave_index":1},{"name":"Wave3","length":null,"volume":1,"wave_index":2},{"name":"Wave4","length":null,"volume":1,"wave_index":3},{"name":"Wave5","length":null,"volume":1,"wave_index":4},{"name":"Wave6","length":null,"volume":1,"wave_index":5},{"name":"Wave7","length":null,"volume":1,"wave_index":6},{"name":"Wave8","length":null,"volume":1,"wave_index":0},{"name":"Wave9","length":null,"volume":1,"wave_index":1},{"name":"Wave10","length":null,"volume":1,"wave_index":2},{"name":"Wave11","length":null,"volume":1,"wave_index":3},{"name":"Wave12","length":null,"volume":1,"wave_index":4},{"name":"Wave13","length":null,"volume":1,"wave_index":5},{"name":"Wave14","length":null,"volume":1,"wave_index":6},{"name":"Wave15","length":null,"volume":1,"wave_index":7}],"noise_instruments":[{"name":"Noise1","length":null,"initial_volume":15,"volume_sweep_change":0,"shift_clock_mask":0,"dividing_ratio":0,"bit_count":1,"noise_macro":[0,0,0,0,0,0,0,0,0,0,0,0,0,0,0]},{"name":"Noise2","length":null,"initial_volume":15,"volume_sweep_change":0,"shift_clock_mask":0,"dividing_ratio":0,"bit_count":1,"noise_macro":[0,0,0,0,0,0,0,0,0,0,0,0,0,0,0]},{"name":"Noise3","length":null,"initial_volume":15,"volume_sweep_change":0,"shift_clock_mask":0,"dividing_ratio":0,"bit_count":1,"noise_macro":[0,0,0,0,0,0,0,0,0,0,0,0,0,0,0]},{"name":"Noise4","length":null,"initial_volume":15,"volume_sweep_change":0,"shift_clock_mask":0,"dividing_ratio":0,"bit_count":1,"noise_macro":[0,0,0,0,0,0,0,0,0,0,0,0,0,0,0]},{"name":"Noise5","length":null,"initial_volume":15,"volume_sweep_change":0,"shift_clock_mask":0,"dividing_ratio":0,"bit_count":1,"noise_macro":[0,0,0,0,0,0,0,0,0,0,0,0,0,0,0]},{"name":"Noise6","length":null,"initial_volume":15,"volume_sweep_change":0,"shift_clock_mask":0,"dividing_ratio":0,"bit_count":1,"noise_macro":[0,0,0,0,0,0,0,0,0,0,0,0,0,0,0]},{"name":"Noise7","length":null,"initial_volume":15,"volume_sweep_change":0,"shift_clock_mask":0,"dividing_ratio":0,"bit_count":1,"noise_macro":[0,0,0,0,0,0,0,0,0,0,0,0,0,0,0]},{"name":"Noise8","length":null,"initial_volume":15,"volume_sweep_change":0,"shift_clock_mask":0,"dividing_ratio":0,"bit_count":1,"noise_macro":[0,0,0,0,0,0,0,0,0,0,0,0,0,0,0]},{"name":"Noise9","length":null,"initial_volume":15,"volume_sweep_change":0,"shift_clock_mask":0,"dividing_ratio":0,"bit_count":1,"noise_macro":[0,0,0,0,0,0,0,0,0,0,0,0,0,0,0]},{"name":"Noise10","length":null,"initial_volume":15,"volume_sweep_change":0,"shift_clock_mask":0,"dividing_ratio":0,"bit_count":1,"noise_macro":[0,0,0,0,0,0,0,0,0,0,0,0,0,0,0]},{"name":"Noise11","length":null,"initial_volume":15,"volume_sweep_change":0,"shift_clock_mask":0,"dividing_ratio":0,"bit_count":1,"noise_macro":[0,0,0,0,0,0,0,0,0,0,0,0,0,0,0]},{"name":"Noise12","length":null,"initial_volume":15,"volume_sweep_change":0,"shift_clock_mask":0,"dividing_ratio":0,"bit_count":1,"noise_macro":[0,0,0,0,0,0,0,0,0,0,0,0,0,0,0]},{"name":"Noise13","length":null,"initial_volume":15,"volume_sweep_change":0,"shift_clock_mask":0,"dividing_ratio":0,"bit_count":1,"noise_macro":[0,0,0,0,0,0,0,0,0,0,0,0,0,0,0]},{"name":"Noise14","length":null,"initial_volume":15,"volume_sweep_change":0,"shift_clock_mask":0,"dividing_ratio":0,"bit_count":1,"noise_macro":[0,0,0,0,0,0,0,0,0,0,0,0,0,0,0]},{"name":"Noise15","length":null,"initial_volume":15,"volume_sweep_change":0,"shift_clock_mask":0,"dividing_ratio":0,"bit_count":1,"noise_macro":[0,0,0,0,0,0,0,0,0,0,0,0,0,0,0]}],"waves":[[10,5,13,7,12,9,14,1,11,12,9,10,7,6,3,1,0,12,11,10,13,14,6,0,1,11,12,10,0,3,9,3],[15,0,14,1,13,2,12,3,11,4,10,5,9,6,8,7,7,8,6,9,5,10,4,11,3,12,2,13,1,14,0,15],[15,13,14,12,13,11,12,10,11,9,10,8,9,7,8,6,7,9,6,8,5,7,4,6,3,5,2,4,1,3,0,2],[13,14,15,14,13,12,11,10,9,10,10,9,8,7,7,7,8,8,8,7,6,5,5,6,5,4,3,2,1,0,1,2],[10,11,12,13,14,15,14,13,12,11,10,0,1,2,3,14,13,12,11,10,11,12,13,14,15,14,13,12,3,2,1,0],[15,15,14,14,13,13,12,12,11,11,10,10,9,9,8,8,7,7,6,6,5,5,4,4,3,3,2,2,1,1,0,0],[15,15,15,15,15,15,15,15,15,15,15,15,15,15,15,15,0,0,0,0,0,0,0,0,0,0,0,0,0,0,0,0],[7,9,11,12,13,14,14,15,15,15,14,14,13,12,11,9,7,5,4,3,2,1,1,0,0,0,1,1,2,3,4,5],[7,11,12,11,11,8,9,7,4,8,7,9,1,4,13,4,0,5,6,13,5,14,13,9,4,14,4,7,6,8,11,11],[3,12,0,12,4,4,10,10,10,2,9,5,10,1,6,5,9,10,8,0,4,14,0,5,6,7,2,14,9,5,12,3],[14,1,0,13,6,6,8,10,12,8,11,8,1,7,9,11,9,0,7,2,14,12,14,9,1,10,8,8,1,10,10,0],[9,13,0,7,14,1,3,0,7,14,1,14,11,13,9,8,4,5,4,2,12,8,11,12,12,1,12,2,2,2,14,0],[2,12,13,7,2,6,3,10,9,0,7,6,3,14,1,10,0,2,8,4,10,7,3,2,11,11,6,1,9,1,4,14],[10,8,8,6,8,6,10,8,5,13,11,1,0,5,4,8,9,12,0,0,2,9,6,10,8,7,5,1,13,2,3,2],[14,13,9,14,6,6,12,8,12,6,8,4,0,2,9,3,6,11,4,8,13,7,12,2,7,9,11,12,14,2,11,13],[1,7,9,1,6,6,1,8,8,5,10,3,14,2,2,11,5,14,5,0,1,0,3,1,13,13,2,10,12,11,9,5]],"ticks_per_row":7,"orders":[[[[18,2,12,8],[18,2,12,4],[18,2,12,2],[18,2,12,1],[16,2,12,8],[16,2,12,4],[16,2,12,2],[16,2,12,1],[90,0,0,0],[90,0,0,0],[90,0,0,0],[90,0,0,0],[90,0,0,0],[90,0,0,0],[90,0,0,0],[90,0,0,0],[14,2,12,8],[14,2,12,4],[14,2,12,2],[14,2,12,1],[16,2,12,8],[16,2,12,4],[16,2,12,2],[16,2,12,1],[21,2,12,8],[21,2,12,4],[21,2,12,2],[21,2,12,1],[16,2,12,8],[16,2,12,4],[16,2,12,2],[16,2,12,1],[14,2,12,8],[14,2,12,4],[14,2,12,2],[14,2,12,1],[16,2,12,8],[16,2,12,4],[16,2,12,2],[16,2,12,1],[90,0,0,0],[90,0,0,0],[90,0,0,0],[90,0,0,0],[90,0,0,0],[90,0,0,0],[90,0,0,0],[90,0,0,0],[14,2,12,8],[14,2,12,4],[14,2,12,2],[14,2,12,1],[16,2,12,8],[16,2,12,4],[16,2,12,2],[16,2,12,1],[16,2,12,8],[16,2,12,4],[16,2,12,2],[16,2,12,1],[14,2,12,8],[14,2,12,4],[14,2,12,2],[14,2,12,1]],null,null,null,null,null,null,null,null,null,null,null,null,null,null,null,null,null,null,null,null,null,null,null,null,null,null,null,null,null,null,null,null,null,null,null,null,null,null,null,null,null,null,null,null,null,null,null,null,null,null,null,null,null,null,null,null,null,null,null,null,null,null,null,null,null,null,null,null,null,null,null,null,null,null,null,null,null,null,null,null,null,null,null,null,null,null,null,null,null,null,null,null,null,null,null,null,null,null,null,null,null,null,null,null,null,null,null,null,null,null,null,null,null,null,null,null,null,null,null,null,null,null,null,null,null,null,null],[null,[[90,0,0,0],[90,0,0,0],[90,0,0,0],[90,0,0,0],[90,0,14,0],[90,0,0,0],[90,0,0,0],[90,0,0,0],[33,1,12,8],[33,1,12,4],[33,1,12,2],[33,1,12,1],[28,1,12,8],[28,1,12,4],[28,1,12,2],[28,1,12,1],[90,0,0,0],[90,0,0,0],[90,0,0,0],[90,0,0,0],[90,0,0,0],[90,0,0,0],[90,0,0,0],[90,0,0,0],[90,0,0,0],[90,0,0,0],[90,0,0,0],[90,0,0,0],[90,0,0,0],[90,0,0,0],[90,0,0,0],[90,0,0,0],[90,0,0,0],[90,0,0,0],[90,0,0,0],[90,0,0,0],[90,0,14,0],[90,0,0,0],[90,0,0,0],[90,0,0,0],[31,1,12,8],[31,1,12,4],[31,1,12,2],[31,1,12,1],[28,1,12,8],[28,1,12,4],[28,1,12,2],[28,1,12,1],[90,0,0,0],[90,0,0,0],[90,0,0,0],[90,0,0,0],[90,0,0,0],[90,0,0,0],[90,0,0,0],[90,0,0,0],[90,0,0,0],[90,0,0,0],[90,0,0,0],[90,0,0,0],[90,0,0,0],[90,0,0,0],[90,0,0,0],[90,0,0,0]],null,null,[[90,0,0,0],[90,0,0,0],[90,0,0,0],[90,0,0,0],[90,0,14,0],[90,0,0,0],[90,0,0,0],[90,0,0,0],[33,1,12,8],[33,1,12,4],[33,1,12,2],[33,1,12,1],[28,1,12,8],[28,1,12,4],[28,1,12,2],[28,1,12,1],[90,0,0,0],[90,0,0,0],[90,0,0,0],[90,0,0,0],[90,0,0,0],[90,0,0,0],[90,0,0,0],[90,0,0,0],[90,0,0,0],[90,0,0,0],[90,0,0,0],[90,0,0,0],[90,0,0,0],[90,0,0,0],[90,0,0,0],[90,0,0,0],[90,0,0,0],[90,0,0,0],[90,0,0,0],[90,0,0,0],[90,0,14,0],[90,0,0,0],[90,0,0,0],[90,0,0,0],[26,1,12,8],[26,1,12,4],[26,1,12,2],[26,1,12,1],[28,1,12,8],[28,1,12,4],[28,1,12,2],[28,1,12,1],[90,0,0,0],[90,0,0,0],[90,0,0,0],[90,0,0,0],[90,0,0,0],[90,0,0,0],[90,0,0,0],[90,0,0,0],[90,0,0,0],[90,0,0,0],[90,0,0,0],[90,0,0,0],[90,0,0,0],[90,0,0,0],[90,0,0,0],[90,0,0,0]],null,null,null,null,null,null,null,null,null,null,null,null,null,null,null,null,null,null,null,null,null,null,null,null,null,null,null,null,null,null,null,null,null,null,null,null,null,null,null,null,null,null,null,null,null,null,null,null,null,null,null,null,null,null,null,null,null,null,null,null,null,null,null,null,null,null,null,null,null,null,null,null,null,null,null,null,null,null,null,null,null,null,null,null,null,null,null,null,null,null,null,null,null,null,null,null,null,null,null,null,null,null,null,null,null,null,null,null,null,null,null,null,null,null,null,null,null,null,null,null,null,null,null],[null,null,[[90,0,15,5],[90,0,0,0],[90,0,14,0],[90,0,0,0],[16,14,12,8],[16,14,12,4],[90,0,14,0],[90,0,0,0],[16,14,12,15],[16,14,12,8],[90,0,0,0],[90,0,0,0],[28,14,12,15],[28,14,12,8],[90,0,14,0],[90,0,0,0],[21,14,12,15],[21,14,12,8],[90,0,0,0],[90,0,0,0],[26,14,12,15],[26,14,12,8],[26,14,12,15],[26,14,12,8],[16,14,12,15],[16,14,12,8],[90,0,0,0],[90,0,0,0],[23,14,12,15],[23,14,12,8],[90,0,14,0],[90,0,0,0],[16,14,12,15],[16,14,12,8],[16,14,12,4],[90,0,0,0],[90,0,0,0],[90,0,0,0],[90,0,14,0],[90,0,0,0],[16,14,12,15],[16,14,12,8],[90,0,0,0],[90,0,0,0],[28,14,12,15],[28,14,12,8],[90,0,14,0],[90,0,0,0],[21,14,12,15],[21,14,12,8],[90,0,0,0],[90,0,0,0],[26,14,12,15],[26,14,12,8],[26,14,12,15],[26,14,12,8],[16,14,12,15],[16,14,12,8],[90,0,0,0],[90,0,0,0],[23,14,12,15],[23,14,12,8],[23,14,12,4],[90,0,0,0]],null,null,[[90,0,0,0],[90,0,0,0],[90,0,14,0],[90,0,0,0],[16,14,12,8],[16,14,12,4],[90,0,14,0],[90,0,0,0],[16,14,12,15],[16,14,12,8],[90,0,0,0],[90,0,0,0],[28,14,12,15],[28,14,12,8],[90,0,14,0],[90,0,0,0],[21,14,12,15],[21,14,12,8],[90,0,0,0],[90,0,0,0],[26,14,12,15],[26,14,12,8],[26,14,12,15],[26,14,12,8],[16,14,12,15],[16,14,12,8],[90,0,0,0],[90,0,0,0],[23,14,12,15],[23,14,12,8],[90,0,14,0],[90,0,0,0],[16,14,12,15],[16,14,12,8],[16,14,12,4],[90,0,0,0],[90,0,0,0],[90,0,0,0],[90,0,14,0],[90,0,0,0],[16,14,12,15],[16,14,12,8],[90,0,0,0],[90,0,0,0],[28,14,12,15],[28,14,12,8],[90,0,14,0],[90,0,0,0],[21,14,12,15],[21,14,12,8],[90,0,0,0],[90,0,0,0],[26,14,12,15],[26,14,12,8],[26,14,12,15],[26,14,12,8],[16,14,12,15],[16,14,12,8],[90,0,0,0],[90,0,0,0],[23,14,12,15],[23,14,12,8],[23,14,12,4],[90,0,0,0]],null,null,null,null,null,null,null,null,null,null,null,null,null,null,null,null,null,null,null,null,null,null,null,null,null,null,null,null,null,null,null,null,null,null,null,null,null,null,null,null,null,null,null,null,null,null,null,null,null,null,null,null,null,null,null,null,null,null,null,null,null,null,null,null,null,null,null,null,null,null,null,null,null,null,null,null,null,null,null,null,null,null,null,null,null,null,null,null,null,null,null,null,null,null,null,null,null,null,null,null,null,null,null,null,null,null,null,null,null,null,null,null,null,null,null,null,null,null,null,null,null,null],[null,null,null,[[51,1,12,7],[51,1,12,3],[51,1,12,2],[51,1,12,1],[51,1,12,7],[51,1,12,3],[51,1,12,2],[51,1,12,1],[51,1,12,7],[51,1,12,3],[51,1,12,2],[51,1,12,1],[51,1,12,7],[51,1,12,3],[51,1,12,2],[51,1,12,1],[90,0,14,0],[90,0,0,0],[90,0,0,0],[90,0,0,0],[90,0,0,0],[90,0,0,0],[90,0,0,0],[90,0,0,0],[90,0,0,0],[90,0,0,0],[90,0,0,0],[90,0,0,0],[90,0,0,0],[90,0,0,0],[90,0,0,0],[90,0,0,0],[51,1,12,7],[51,1,12,3],[51,1,12,2],[51,1,12,1],[51,1,12,7],[51,1,12,3],[51,1,12,2],[51,1,12,1],[51,1,12,7],[51,1,12,3],[51,1,12,2],[51,1,12,1],[51,1,12,7],[51,1,12,3],[51,1,12,2],[51,1,12,1],[90,0,14,0],[90,0,0,0],[90,0,0,0],[90,0,0,0],[90,0,0,0],[90,0,0,0],[90,0,0,0],[90,0,0,0],[90,0,0,0],[90,0,0,0],[90,0,0,0],[90,0,0,0],[90,0,0,0],[90,0,0,0],[90,0,0,0],[90,0,0,0]],null,null,null,null,null,null,null,null,null,null,null,null,null,null,null,null,null,null,null,null,null,null,null,null,null,null,null,null,null,null,null,null,null,null,null,null,null,null,null,null,null,null,null,null,null,null,null,null,null,null,null,null,null,null,null,null,null,null,null,null,null,null,null,null,null,null,null,null,null,null,null,null,null,null,null,null,null,null,null,null,null,null,null,null,null,null,null,null,null,null,null,null,null,null,null,null,null,null,null,null,null,null,null,null,null,null,null,null,null,null,null,null,null,null,null,null,null,null,null,null,null,null,null,null]],"channels":[[0,0],[1,4],[2,5],[3,3]]}}