{"song":{"name":"Jacks","artist":"TipTopTomCat","comment":"https://tiptoptomcat.itch.io/","duty_instruments":[{"name":"Duty1","length":null,"initial_volume":15,"volume_sweep_change":0,"frequency_sweep_time":0,"frequency_sweep_shift":0,"duty_cycle":1},{"name":"Duty2","length":null,"initial_volume":15,"volume_sweep_change":0,"frequency_sweep_time":0,"frequency_sweep_shift":0,"duty_cycle":2},{"name":"Duty3","length":null,"initial_volume":15,"volume_sweep_change":0,"frequency_sweep_time":0,"frequency_sweep_shift":0,"duty_cycle":3},{"name":"Duty4","length":null,"initial_volume":15,"volume_sweep_change":0,"frequency_sweep_time":0,"frequency_sweep_shift":0,"duty_cycle":0},{"name":"Duty5","length":null,"initial_volume":15,"volume_sweep_change":0,"frequency_sweep_time":0,"frequency_sweep_shift":0,"duty_cycle":2},{"name":"Duty6","length":null,"initial_volume":15,"volume_sweep_change":0,"frequency_sweep_time":0,"frequency_sweep_shift":0,"duty_cycle":2},{"name":"Duty7","length":null,"initial_volume":15,"volume_sweep_change":0,"frequency_sweep_time":0,"frequency_sweep_shift":0,"duty_cycle":2},{"name":"Duty8","length":null,"initial_volume":15,"volume_sweep_change":0,"frequency_sweep_time":0,"frequency_sweep_shift":0,"duty_cycle":2},{"name":"Duty9","length":null,"initial_volume":15,"volume_sweep_change":0,"frequency_sweep_time":0,"frequency_sweep_shift":0,"duty_cycle":2},{"name":"Duty10","length":null,"initial_volume":15,"volume_sweep_change":0,"frequency_sweep_time":0,"frequency_sweep_shift":0,"duty_cycle":2},{"name":"Duty11","length":null,"initial_volume":15,"volume_sweep_change":0,"frequency_sweep_time":0,"frequency_sweep_shift":0,"duty_cycle":2},{"name":"Duty12","length":null,"initial_volume":15,"volume_sweep_change":0,"frequency_sweep_time":0,"frequency_sweep_shift":0,"duty_cycle":2},{"name":"Duty13","length":null,"initial_volume":15,"volume_sweep_change":0,"frequency_sweep_time":0,"frequency_sweep_shift":0,"duty_cycle":2},{"name":"Duty14","length":null,"initial_volume":15,"volume_sweep_change":0,"frequency_sweep_time":0,"frequency_sweep_shift":0,"duty_cycle":2},{"name":"Duty15","length":null,"initial_volume":15,"volume_sweep_change":0,"frequency_sweep_time":0,"frequency_sweep_shift":0,"duty_cycle":2}],"wave_instruments":[{"name":"Wave1","length":null,"volume":1,"wave_index":0},{"name":"Wave2","length":null,"volume":1,"wave_index":1},{"name":"Wave3","length":null,"volume":1,"wave_index":2},{"name":"Wave4","length":null,"volume":1,"wave_index":3},{"name":"Wave5","length":null,"volume":1,"wave_index":4},{"name":"Wave6","length":null,"volume":1,"wave_index":5},{"name":"Wave7","length":null,"volume":1,"wave_index":6},{"name":"Wave8","length":null,"volume":1,"wave_index":0},{"name":"Wave9","length":null,"volume":1,"wave_index":1},{"name":"Wave10","length":null,"volume":1,"wave_index":2},{"name":"Wave11","length":null,"volume":1,"wave_index":3},{"name":"Wave12","length":null,"volume":1,"wave_index":4},{"name":"Wave13","length":null,"volume":1,"wave_index":5},{"name":"Wave14","length":null,"volume":1,"wave_index":6},{"name":"Wave15","length":null,"volume":1,"wave_index":7}],"noise_instruments":[{"name":"Noise1","length":null,"initial_volume":15,"volume_sweep_change":0,"shift_clock_mask":0,"dividing_ratio":0,"bit_count":1,"noise_macro":[0,0,0,0,0,0,0,0,0,0,0,0,0,0,0]},{"name":"Noise2","length":null,"initial_volume":15,"volume_sweep_change":0,"shift_clock_mask":0,"dividing_ratio":0,"bit_count":1,"noise_macro":[0,0,0,0,0,0,0,0,0,0,0,0,0,0,0]},{"name":"Noise3","length":null,"initial_volume":15,"volume_sweep_change":0,"shift_clock_mask":0,"dividing_ratio":0,"bit_count":1,"noise_macro":[0,0,0,0,0,0,0,0,0,0,0,0,0,0,0]},{"name":"Noise4","length":null,"initial_volume":15,"volume_sweep_change":0,"shift_clock_mask":0,"dividing_ratio":0,"bit_count":1,"noise_macro":[0,0,0,0,0,0,0,0,0,0,0,0,0,0,0]},{"name":"Noise5","length":null,"initial_volume":15,"volume_sweep_change":0,"shift_clock_mask":0,"dividing_ratio":0,"bit_count":1,"noise_macro":[0,0,0,0,0,0,0,0,0,0,0,0,0,0,0]},{"name":"Noise6","length":null,"initial_volume":15,"volume_sweep_change":0,"shift_clock_mask":0,"dividing_ratio":0,"bit_count":1,"noise_macro":[0,0,0,0,0,0,0,0,0,0,0,0,0,0,0]},{"name":"Noise7","length":null,"initial_volume":15,"volume_sweep_change":0,"shift_clock_mask":0,"dividing_ratio":0,"bit_count":1,"noise_macro":[0,0,0,0,0,0,0,0,0,0,0,0,0,0,0]},{"name":"Noise8","length":null,"initial_volume":15,"volume_sweep_change":0,"shift_clock_mask":0,"dividing_ratio":0,"bit_count":1,"noise_macro":[0,0,0,0,0,0,0,0,0,0,0,0,0,0,0]},{"name":"Noise9","length":null,"initial_volume":15,"volume_sweep_change":0,"shift_clock_mask":0,"dividing_ratio":0,"bit_count":1,"noise_macro":[0,0,0,0,0,0,0,0,0,0,0,0,0,0,0]},{"name":"Noise10","length":null,"initial_volume":15,"volume_sweep_change":0,"shift_clock_mask":0,"dividing_ratio":0,"bit_count":1,"noise_macro":[0,0,0,0,0,0,0,0,0,0,0,0,0,0,0]},{"name":"Noise11","length":null,"initial_volume":15,"volume_sweep_change":0,"shift_clock_mask":0,"dividing_ratio":0,"bit_count":1,"noise_macro":[0,0,0,0,0,0,0,0,0,0,0,0,0,0,0]},{"name":"Noise12","length":null,"initial_volume":15,"volume_sweep_change":0,"shift_clock_mask":0,"dividing_ratio":0,"bit_count":1,"noise_macro":[0,0,0,0,0,0,0,0,0,0,0,0,0,0,0]},{"name":"Noise13","length":null,"initial_volume":15,"volume_sweep_change":0,"shift_clock_mask":0,"dividing_ratio":0,"bit_count":1,"noise_macro":[0,0,0,0,0,0,0,0,0,0,0,0,0,0,0]},{"name":"Noise14","length":null,"initial_volume":15,"volume_sweep_change":0,"shift_clock_mask":0,"dividing_ratio":0,"bit_count":1,"noise_macro":[0,0,0,0,0,0,0,0,0,0,0,0,0,0,0]},{"name":"Noise15","length":null,"initial_volume":15,"volume_sweep_change":0,"shift_clock_mask":0,"dividing_ratio":0,"bit_count":1,"noise_macro":[0,0,0,0,0,0,0,0,0,0,0,0,0,0,0]}],"waves":[[10,5,13,7,12,9,14,1,11,12,9,10,7,6,3,1,0,12,11,10,13,14,6,0,1,11,12,10,0,3,9,3],[15,0,14,1,13,2,12,3,11,4,10,5,9,6,8,7,7,8,6,9,5,10,4,11,3,12,2,13,1,14,0,15],[15,13,14,12,13,11,12,10,11,9,10,8,9,7,8,6,7,9,6,8,5,7,4,6,3,5,2,4,1,3,0,2],[13,14,15,14,13,12,11,10,9,10,10,9,8,7,7,7,8,8,8,7,6,5,5,6,5,4,3,2,1,0,1,2],[10,11,12,13,14,15,14,13,12,11,10,0,1,2,3,14,13,12,11,10,11,12,13,14,15,14,13,12,3,2,1,0],[15,15,14,14,13,13,12,12,11,11,10,10,9,9,8,8,7,7,6,6,5,5,4,4,3,3,2,2,1,1,0,0],[15,15,15,15,15,15,15,15,15,15,15,15,15,15,15,15,0,0,0,0,0,0,0,0,0,0,0,0,0,0,0,0],[7,9,11,12,13,14,14,15,15,15,14,14,13,12,11,9,7,5,4,3,2,1,1,0,0,0,1,1,2,3,4,5],[7,8,9,8,13,6,0,4,3,8,4,10,5,4,5,2,0,3,3,5,7,12,5,13,11,14,14,5,13,10,6,3],[6,12,2,0,11,10,9,4,7,10,8,12,8,1,3,7,7,14,11,8,12,7,6,4,8,0,5,4,11,6,3,2],[4,3,11,5,7,5,9,10,10,10,11,0,14,6,1,6,9,12,3,3,0,12,9,14,11,3,5,3,11,11,11,12],[12,0,1,4,7,9,5,2,14,12,10,2,2,9,10,4,11,14,10,4,1,13,5,6,0,5,7,11,12,14,1,11],[4,2,11,10,4,9,0,11,9,11,4,9,7,14,12,2,12,5,7,6,3,4,2,4,14,2,7,7,6,14,3,0],[4,5,14,10,4,11,3,3,9,2,4,2,13,6,9,10,9,0,12,10,5,2,4,0,4,12,14,8,12,0,0,11],[10,10,2,12,2,12,3,0,4,2,8,5,9,12,5,9,8,6,14,7,11,10,2,14,6,1,1,12,3,7,11,9],[7,14,14,2,5,11,10,0,5,12,4,6,9,0,9,10,6,1,8,12,13,6,3,9,11,10,13,5,7,10,3,14]],"ticks_per_row":7,"orders":[[[[24,0,12,3],[90,0,14,0],[12,3,12,9],[12,2,12,9],[90,0,0,0],[12,3,12,9],[12,2,12,9],[90,0,0,0],[12,3,12,9],[90,0,14,0],[90,0,14,139],[19,1,12,9],[12,2,12,9],[18,3,12,9],[12,2,12,9],[15,3,12,9],[12,4,12,12],[12,4,12,8],[12,2,12,9],[90,0,0,0],[12,3,12,9],[12,2,12,9],[90,0,0,0],[90,0,14,0],[90,0,0,0],[90,0,14,133],[19,4,12,9],[12,3,12,9],[22,2,12,9],[12,3,12,9],[15,2,12,9],[12,4,12,12],[12,4,12,8],[12,2,12,9],[90,0,0,0],[12,3,12,9],[12,2,12,9],[90,0,0,0],[12,3,12,9],[12,2,12,9],[90,0,0,0],[90,0,14,0],[90,0,14,139],[24,2,12,9],[22,3,12,9],[15,2,12,9],[12,4,12,12],[12,4,12,8],[12,2,12,9],[90,0,0,0],[12,3,12,9],[12,2,12,9],[90,0,0,0],[12,3,12,9],[12,2,12,9],[90,0,0,0],[19,4,12,9],[12,3,12,9],[22,2,12,9],[12,3,12,9],[15,2,12,9],[12,3,12,9],[12,2,12,12],[12,2,12,8]],null,null,null,[[12,1,12,12],[24,4,12,12],[24,4,12,8],[12,1,12,12],[24,4,12,12],[24,4,12,8],[27,4,12,12],[27,4,12,8],[24,4,12,12],[24,4,12,8],[90,0,14,0],[90,0,14,133],[90,0,0,0],[24,4,12,12],[24,4,12,8],[12,1,12,12],[24,4,12,12],[24,4,12,8],[29,4,12,12],[29,4,12,8],[27,4,12,12],[27,4,12,8],[90,0,14,0],[90,0,14,139],[90,0,0,0],[24,4,12,12],[24,4,12,8],[24,1,12,12],[24,4,12,12],[24,4,12,8],[24,4,12,12],[24,4,12,8],[27,1,12,12],[27,1,12,8],[24,4,12,12],[24,4,12,8],[90,0,14,0],[90,0,14,133],[90,0,0,0],[24,4,12,12],[24,4,12,8],[12,1,12,12],[24,4,12,12],[24,4,12,8],[29,4,12,12],[29,4,12,8],[31,4,12,12],[31,4,12,8],[31,4,12,2],[90,0,14,139],[24,4,12,2],[24,4,12,12],[24,4,12,8],[12,1,12,12],[24,4,12,12],[24,4,12,8],[27,4,12,12],[27,4,12,8],[24,4,12,12],[24,4,12,8],[90,0,14,0],[90,0,14,133],[90,0,0,0],[24,4,12,12]],null,null,null,[[12,1,12,12],[24,4,12,12],[24,4,12,8],[12,1,12,12],[24,4,12,12],[24,4,12,8],[30,4,12,12],[30,4,12,8],[29,4,12,12],[29,4,12,8],[90,0,14,0],[90,0,14,139],[90,0,0,0],[24,4,12,12],[24,4,12,8],[12,1,12,12],[24,4,12,12],[24,4,12,8],[27,4,12,12],[27,4,12,8],[24,4,12,12],[24,4,12,8],[90,0,14,0],[90,0,14,133],[90,0,0,0],[24,4,12,12],[24,4,12,8],[24,1,12,12],[24,4,12,12],[24,4,12,8],[24,4,12,12],[24,4,12,8],[31,1,12,12],[31,1,12,8],[24,4,12,12],[24,4,12,8],[90,0,14,0],[90,0,14,139],[90,0,0,0],[24,4,12,12],[24,4,12,8],[12,1,12,12],[24,4,12,12],[24,4,12,8],[27,4,12,12],[27,4,12,8],[24,4,12,12],[24,4,12,8],[24,4,12,2],[90,0,0,0],[90,0,14,133],[24,4,12,12],[24,4,12,8],[12,1,12,12],[24,4,12,12],[24,4,12,8],[29,4,12,12],[29,4,12,8],[31,4,12,12],[31,4,12,8],[31,4,12,5],[17,1,12,8],[12,1,12,12],[24,4,12,12]],null,[[12,1,12,12],[24,4,12,12],[12,1,12,12],[27,4,12,12],[27,4,12,8],[27,4,12,12],[27,4,12,8],[24,4,12,12],[24,4,12,8],[12,4,12,12],[12,4,12,8],[90,0,14,0],[90,0,14,139],[24,4,12,12],[24,1,12,12],[24,4,12,12],[24,4,12,8],[12,1,12,12],[12,1,12,8],[24,4,12,12],[24,4,12,8],[15,4,12,12],[15,4,12,8],[90,0,14,0],[90,0,14,133],[90,0,0,0],[12,4,12,8],[17,1,12,5],[12,1,12,8],[24,4,12,12],[24,4,12,8],[19,4,12,8],[19,4,12,5],[22,4,12,12],[22,4,12,8],[23,4,12,12],[24,4,12,12],[24,4,12,8],[24,4,12,5],[24,4,12,3],[24,4,12,2],[90,0,0,0],[90,0,0,0],[90,0,0,0],[90,0,0,0],[90,0,0,0],[90,0,0,0],[90,0,0,0],[36,1,12,8],[36,1,12,4],[36,1,12,2],[36,1,12,1],[90,0,0,0],[90,0,0,0],[90,0,0,0],[90,0,0,0],[90,0,0,0],[90,0,0,0],[90,0,0,0],[90,0,0,0],[36,1,12,2],[36,1,12,6],[36,1,12,9],[36,1,12,13]],null,null,null,[[12,1,12,12],[24,4,12,12],[24,4,12,8],[12,1,12,12],[24,4,12,12],[24,4,12,8],[27,4,12,12],[27,4,12,8],[24,4,12,12],[24,4,12,8],[31,1,12,12],[29,1,12,12],[27,1,12,13],[29,1,12,13],[22,1,12,12],[24,1,12,13],[24,4,12,13],[24,4,12,11],[29,4,12,13],[29,4,12,11],[27,4,12,13],[27,4,12,11],[15,4,12,11],[15,1,12,8],[15,1,12,12],[24,4,12,12],[24,4,12,8],[24,1,12,12],[24,4,12,12],[24,4,12,8],[24,4,12,12],[24,4,12,8],[27,1,12,12],[27,1,12,8],[24,4,12,12],[24,4,12,8],[12,4,12,12],[17,1,12,8],[12,1,12,12],[24,4,12,12],[24,4,12,8],[12,1,12,12],[24,4,12,12],[24,4,12,8],[29,4,12,12],[29,4,12,8],[31,4,12,12],[31,4,12,8],[31,1,12,12],[34,1,12,12],[27,1,12,13],[29,1,12,12],[22,1,12,11],[24,1,12,10],[24,4,12,12],[24,4,12,8],[27,4,12,12],[27,4,12,8],[24,4,12,12],[24,4,12,8],[12,4,12,9],[17,1,12,6],[12,1,12,9],[24,4,12,9]],null,[[12,1,12,12],[24,4,12,12],[24,4,12,8],[12,1,12,12],[24,4,12,12],[24,4,12,8],[29,4,12,12],[29,4,12,8],[31,4,12,12],[31,4,12,8],[31,1,12,12],[29,1,12,12],[27,1,12,13],[29,1,12,13],[22,1,12,12],[24,1,12,13],[24,4,12,13],[24,4,12,11],[27,4,12,13],[27,4,12,11],[24,4,12,13],[24,4,12,11],[15,4,12,11],[15,1,12,8],[15,1,12,12],[24,4,12,12],[24,4,12,8],[24,1,12,12],[24,4,12,12],[24,4,12,8],[24,4,12,12],[24,4,12,8],[19,1,12,12],[19,1,12,8],[24,4,12,12],[24,4,12,8],[12,4,12,13],[17,1,12,9],[12,1,12,13],[24,4,12,13],[24,4,12,9],[12,1,12,13],[24,4,12,13],[24,4,12,9],[27,4,12,12],[27,4,12,8],[31,2,12,11],[31,2,12,8],[31,1,12,12],[34,1,12,12],[27,1,12,13],[29,1,12,12],[22,1,12,11],[24,1,12,10],[24,4,12,12],[24,4,12,8],[22,4,12,12],[22,4,12,8],[27,4,12,12],[27,4,12,8],[12,4,12,9],[17,1,12,6],[12,1,12,9],[24,4,12,9]],null,[[12,1,12,12],[24,4,12,12],[12,1,12,12],[24,4,12,12],[24,4,12,8],[29,4,12,12],[29,4,12,8],[27,4,12,12],[27,4,12,8],[15,4,12,12],[15,1,12,8],[15,1,12,12],[24,4,12,12],[24,4,12,8],[24,1,12,12],[24,4,12,12],[24,4,12,8],[24,4,12,12],[24,4,12,8],[27,1,12,12],[27,1,12,8],[24,4,12,12],[24,4,12,8],[12,4,12,15],[17,1,12,12],[12,4,12,15],[12,4,12,12],[12,4,12,8],[24,4,12,12],[24,4,12,8],[19,4,12,12],[19,4,12,8],[22,4,12,12],[22,4,12,8],[23,4,12,12],[24,4,12,12],[24,4,12,8],[24,4,12,7],[24,4,12,4],[24,4,12,1],[90,0,0,0],[90,0,0,0],[90,0,0,0],[90,0,0,0],[90,0,0,0],[90,0,0,0],[90,0,0,0],[36,4,12,8],[36,4,12,4],[36,4,12,2],[36,4,12,1],[90,0,0,0],[90,0,0,0],[90,0,0,0],[90,0,0,0],[90,0,0,0],[90,0,0,0],[90,0,0,0],[90,0,0,0],[36,4,12,2],[36,4,12,7],[36,4,12,10],[36,4,12,14],[90,0,0,0]],null,null,null,null,null,null,null,null,null,null,null,null,null,null,null,null,null,null,null,null,null,null,null,null,null,null,null,null,null,null,null,null,null,null,null,null,null,null,null,null,null,null,null,null,null,null,null,null,null,null,null,null,null,null,null,null,null,null,null,null,null,null,null,null,null,null,null,null,null,null,null,null,null,null,null,null,null,null,null,null,null,null,null,null,null,null,null,null,null,null,null,null,null,null,null,null,null,null,null,null,null,null,null,null,null,null,null,null,null],[null,[[90,0,14,0],[0,2,12,7],[90,0,14,0],[90,0,0,0],[90,0,0,0],[90,0,0,0],[90,0,0,0],[90,0,0,0],[90,0,14,133],[12,2,12,9],[12,2,12,9],[90,0,14,0],[90,0,0,0],[90,0,0,0],[90,0,0,0],[90,0,14,139],[24,2,12,13],[24,2,12,9],[24,2,12,6],[24,2,12,5],[24,2,12,4],[24,2,12,2],[90,0,0,0],[12,3,12,9],[12,2,12,9],[90,0,0,0],[90,0,0,0],[90,0,14,0],[90,0,14,133],[90,0,0,0],[90,0,0,0],[12,3,12,13],[12,2,12,9],[12,2,12,6],[12,2,12,5],[12,2,12,4],[12,2,12,2],[90,0,0,0],[90,0,0,0],[90,0,0,0],[90,0,14,139],[19,4,12,9],[15,3,12,9],[90,0,14,0],[90,0,0,0],[90,0,0,0],[12,3,12,13],[12,2,12,9],[12,2,12,6],[12,2,12,5],[12,2,12,4],[12,2,12,2],[90,0,0,0],[90,0,0,0],[90,0,0,0],[90,0,0,0],[90,0,0,0],[90,0,0,0],[90,0,0,0],[90,0,0,0],[90,0,0,0],[90,0,0,0],[90,0,0,0],[90,0,0,0]],null,null,null,[[90,0,0,0],[90,0,0,0],[90,0,0,0],[90,0,0,0],[90,0,0,0],[90,0,0,0],[90,0,0,0],[90,0,0,0],[90,0,0,0],[90,0,14,133],[12,4,12,12],[12,1,12,8],[12,1,12,12],[12,1,12,2],[90,0,0,0],[90,0,0,0],[90,0,0,0],[90,0,0,0],[90,0,0,0],[90,0,0,0],[90,0,0,0],[90,0,14,139],[15,4,12,12],[15,1,12,8],[15,1,12,12],[15,1,12,2],[90,0,0,0],[90,0,0,0],[90,0,0,0],[90,0,0,0],[90,0,0,0],[90,0,0,0],[90,0,0,0],[90,0,0,0],[90,0,0,0],[90,0,14,133],[12,4,12,12],[17,1,12,8],[12,1,12,12],[12,1,12,2],[90,0,0,0],[90,0,0,0],[90,0,0,0],[90,0,0,0],[90,0,0,0],[90,0,0,0],[90,0,0,0],[90,0,0,0],[90,0,14,139],[17,1,12,8],[12,1,12,12],[24,4,12,2],[90,0,0,0],[90,0,0,0],[90,0,0,0],[90,0,0,0],[90,0,0,0],[90,0,0,0],[90,0,0,0],[90,0,14,133],[12,4,12,12],[17,1,12,8],[12,1,12,12],[90,0,14,0]],null,null,null,[[90,0,0,0],[90,0,0,0],[90,0,0,0],[90,0,0,0],[90,0,0,0],[90,0,0,0],[90,0,0,0],[90,0,0,0],[90,0,0,0],[90,0,14,139],[24,4,12,12],[24,1,12,8],[12,1,12,12],[12,1,12,2],[90,0,0,0],[90,0,0,0],[90,0,0,0],[90,0,0,0],[90,0,0,0],[90,0,0,0],[90,0,0,0],[90,0,14,133],[15,4,12,12],[15,1,12,8],[15,1,12,12],[15,1,12,2],[90,0,0,0],[90,0,0,0],[90,0,0,0],[90,0,0,0],[90,0,0,0],[90,0,0,0],[90,0,0,0],[90,0,0,0],[90,0,0,0],[90,0,14,139],[12,4,12,12],[17,1,12,8],[12,1,12,12],[12,1,12,2],[90,0,0,0],[90,0,0,0],[90,0,0,0],[90,0,0,0],[90,0,0,0],[90,0,0,0],[90,0,0,0],[90,0,0,0],[90,0,0,0],[17,1,12,8],[12,1,12,12],[24,1,12,2],[90,0,0,0],[90,0,0,0],[90,0,0,0],[90,0,0,0],[90,0,0,0],[90,0,0,0],[90,0,0,0],[90,0,0,0],[90,0,0,0],[90,0,0,0],[90,0,0,0],[90,0,0,0]],null,[[24,0,12,2],[90,0,0,0],[90,0,0,0],[90,0,0,0],[90,0,0,0],[90,0,0,0],[90,0,0,0],[90,0,0,0],[90,0,0,0],[90,0,0,0],[90,0,0,0],[90,0,14,139],[24,1,12,12],[90,0,14,0],[90,0,0,0],[90,0,0,0],[90,0,0,0],[90,0,0,0],[90,0,0,0],[90,0,0,0],[90,0,0,0],[90,0,0,0],[90,0,0,0],[24,4,12,12],[24,4,12,8],[24,4,12,5],[24,4,12,3],[24,4,12,2],[90,0,0,0],[90,0,0,0],[90,0,0,0],[90,0,0,0],[90,0,0,0],[90,0,0,0],[90,0,0,0],[90,0,0,0],[90,0,0,0],[90,0,0,0],[90,0,0,0],[90,0,0,0],[90,0,0,0],[90,0,0,0],[90,0,0,0],[90,0,0,0],[90,0,0,0],[90,0,0,0],[90,0,0,0],[90,0,0,0],[90,0,0,0],[90,0,0,0],[90,0,0,0],[90,0,0,0],[90,0,0,0],[90,0,0,0],[90,0,0,0],[90,0,0,0],[90,0,0,0],[90,0,0,0],[90,0,0,0],[90,0,0,0],[90,0,0,0],[24,4,12,3],[24,4,12,7],[24,4,12,10]],null,null,null,[[12,3,12,9],[12,2,12,9],[90,0,0,0],[12,3,12,9],[12,2,12,9],[90,0,0,0],[12,3,12,9],[12,2,12,9],[12,2,12,9],[12,2,12,6],[12,4,12,13],[12,1,12,9],[12,1,12,13],[24,4,12,13],[24,4,12,9],[12,1,12,13],[12,1,12,10],[12,1,12,8],[12,3,12,9],[12,2,12,9],[15,3,12,9],[15,2,12,9],[90,0,0,0],[90,0,0,0],[15,3,12,9],[24,2,12,9],[90,0,0,0],[24,3,12,9],[12,2,12,9],[90,0,0,0],[12,3,12,9],[12,2,12,9],[12,3,12,9],[90,0,0,0],[12,3,12,9],[12,2,12,9],[90,0,0,0],[12,3,12,9],[12,2,12,9],[12,2,12,9],[90,0,0,0],[12,3,12,9],[12,2,12,9],[90,0,0,0],[12,3,12,9],[12,2,12,9],[31,2,12,9],[31,2,12,6],[31,4,12,13],[17,1,12,9],[12,1,12,13],[24,4,12,13],[24,4,12,9],[12,1,12,13],[12,1,12,10],[12,1,12,8],[12,3,12,9],[12,2,12,9],[90,0,0,0],[12,3,12,9],[12,2,12,9],[12,3,12,9],[12,3,12,6],[12,3,12,4]],null,[[12,3,12,9],[12,2,12,9],[90,0,0,0],[12,3,12,9],[12,2,12,9],[90,0,0,0],[12,3,12,9],[12,2,12,9],[12,2,12,9],[12,2,12,6],[24,4,12,11],[12,1,12,9],[12,1,12,13],[24,4,12,11],[24,4,12,9],[12,1,12,13],[12,1,12,10],[12,1,12,8],[12,3,12,9],[12,2,12,9],[15,3,12,9],[15,2,12,9],[90,0,0,0],[90,0,0,0],[15,3,12,9],[24,2,12,9],[90,0,0,0],[24,3,12,9],[12,2,12,9],[90,0,0,0],[12,3,12,9],[12,2,12,9],[12,3,12,9],[90,0,0,0],[12,3,12,9],[12,2,12,9],[90,0,0,0],[12,3,12,9],[12,2,12,9],[12,2,12,9],[90,0,0,0],[12,3,12,9],[12,2,12,9],[90,0,0,0],[12,3,12,9],[12,2,12,9],[24,2,12,10],[24,2,12,7],[31,4,12,12],[17,1,12,8],[12,1,12,12],[24,4,12,12],[24,4,12,8],[12,1,12,12],[12,1,12,10],[12,1,12,8],[12,3,12,9],[12,2,12,9],[90,0,0,0],[12,3,12,9],[12,2,12,9],[12,3,12,9],[12,3,12,6],[12,3,12,5]],null,[[24,3,12,11],[24,3,12,8],[24,3,12,7],[12,3,12,9],[12,2,12,9],[15,3,12,9],[15,2,12,9],[90,0,0,0],[90,0,0,0],[15,3,12,9],[24,2,12,10],[90,0,0,0],[24,3,12,9],[12,2,12,9],[90,0,0,0],[12,3,12,9],[12,2,12,9],[12,3,12,9],[90,0,0,0],[12,3,12,9],[12,2,12,9],[90,0,0,0],[12,3,12,9],[12,2,12,9],[12,2,12,13],[12,2,12,9],[12,2,12,6],[12,2,12,4],[12,2,12,6],[12,2,12,3],[15,2,12,9],[15,2,12,6],[17,2,12,9],[17,2,12,6],[17,2,12,9],[15,2,12,9],[15,2,12,6],[15,2,12,4],[15,2,12,1],[90,0,0,0],[90,0,0,0],[90,0,0,0],[90,0,0,0],[90,0,0,0],[90,0,0,0],[90,0,0,0],[90,0,0,0],[27,3,12,8],[27,3,12,4],[27,3,12,2],[27,3,12,1],[90,0,0,0],[90,0,0,0],[90,0,0,0],[90,0,0,0],[90,0,0,0],[90,0,0,0],[90,0,0,0],[90,0,0,0],[27,3,12,2],[27,3,12,7],[27,3,12,10],[27,3,12,14],[90,0,0,0]],null,null,null,null,null,null,null,null,null,null,null,null,null,null,null,null,null,null,null,null,null,null,null,null,null,null,null,null,null,null,null,null,null,null,null,null,null,null,null,null,null,null,null,null,null,null,null,null,null,null,null,null,null,null,null,null,null,null,null,null,null,null,null,null,null,null,null,null,null,null,null,null,null,null,null,null,null,null,null,null,null,null,null,null,null,null,null,null,null,null,null,null,null,null,null,null,null,null,null,null,null,null,null,null,null,null,null,null],[null,null,[[90,0,14,0],[12,14,12,8],[90,0,14,0],[12,11,12,8],[90,0,14,0],[12,12,12,4],[12,11,12,8],[90,0,14,0],[12,12,12,4],[12,11,12,8],[90,0,14,0],[90,0,0,0],[90,0,0,0],[90,0,0,0],[90,0,0,0],[90,0,0,0],[90,0,0,0],[90,0,0,0],[12,11,12,8],[90,0,14,0],[12,12,12,4],[12,11,12,8],[90,0,14,0],[12,12,12,4],[12,11,12,8],[90,0,14,0],[90,0,0,0],[90,0,0,0],[90,0,0,0],[90,0,0,0],[90,0,0,0],[90,0,0,0],[90,0,0,0],[12,11,12,8],[90,0,14,0],[12,12,12,4],[12,11,12,8],[90,0,14,0],[12,12,12,4],[12,11,12,8],[90,0,14,0],[90,0,0,0],[90,0,0,0],[90,0,0,0],[90,0,0,0],[90,0,0,0],[90,0,0,0],[90,0,0,0],[12,11,12,8],[90,0,14,0],[12,12,12,4],[12,11,12,8],[90,0,14,0],[12,12,12,4],[12,11,12,8],[90,0,14,0],[90,0,0,0],[90,0,0,0],[90,0,0,0],[90,0,0,0],[90,0,0,0],[90,0,0,0],[90,0,0,0],[90,0,0,0]],null,null,null,[[12,12,12,4],[12,11,12,8],[90,0,14,0],[12,12,12,4],[12,11,12,8],[90,0,14,0],[12,12,12,8],[90,0,14,0],[12,12,12,8],[90,0,0,0],[12,14,12,4],[12,11,12,8],[12,12,12,4],[12,11,12,8],[90,0,14,0],[12,12,12,4],[12,11,12,8],[90,0,14,0],[12,12,12,8],[90,0,14,0],[15,12,12,8],[90,0,0,0],[15,14,12,4],[15,11,12,8],[15,12,12,4],[24,11,12,8],[90,0,14,0],[24,12,12,4],[12,11,12,8],[90,0,14,0],[12,11,12,8],[90,0,14,0],[15,12,12,8],[90,0,14,0],[12,11,12,8],[90,0,0,0],[12,14,12,4],[12,11,12,8],[12,12,12,4],[12,11,12,8],[90,0,14,0],[12,12,12,4],[12,11,12,8],[90,0,14,0],[12,12,12,8],[90,0,14,0],[19,11,12,8],[90,0,0,0],[31,14,12,4],[12,11,12,8],[12,12,12,4],[12,11,12,8],[90,0,14,0],[12,12,12,4],[12,11,12,8],[90,0,14,0],[12,12,12,8],[90,0,14,0],[12,11,12,8],[90,0,0,0],[12,14,12,4],[12,11,12,8],[12,12,12,4],[12,11,12,8]],null,null,null,null,null,[[12,12,12,4],[12,11,12,8],[90,0,14,0],[12,12,12,8],[90,0,14,0],[15,12,12,8],[90,0,0,0],[15,14,12,4],[15,11,12,8],[15,12,12,4],[24,11,12,8],[90,0,14,0],[24,12,12,4],[12,11,12,8],[90,0,14,0],[12,11,12,8],[90,0,14,0],[15,12,12,8],[90,0,14,0],[12,11,12,8],[90,0,0,0],[0,14,12,4],[12,11,12,8],[90,0,0,0],[90,0,0,0],[90,0,0,0],[90,0,0,0],[90,0,0,0],[90,0,0,0],[90,0,0,0],[90,0,0,0],[90,0,0,0],[90,0,0,0],[90,0,0,0],[90,0,0,0],[90,0,0,0],[90,0,0,0],[90,0,0,0],[15,14,12,15],[15,11,12,8],[15,12,12,15],[24,11,12,15],[24,11,12,8],[24,12,12,15],[12,11,12,8],[90,0,14,0],[12,11,12,15],[90,0,14,0],[15,12,12,15],[90,0,14,0],[12,11,12,8],[12,11,12,15],[12,14,12,15],[15,11,12,15],[15,12,12,8],[15,11,12,15],[90,0,14,0],[12,12,12,8],[12,11,12,15],[90,0,14,0],[19,11,12,15],[31,14,12,15],[12,11,12,15],[90,0,0,0]],null,null,null,null,null,null,null,[[12,12,12,4],[12,11,12,8],[90,0,14,0],[12,12,12,8],[90,0,14,0],[15,12,12,8],[90,0,0,0],[15,14,12,4],[15,11,12,8],[15,12,12,4],[24,11,12,8],[90,0,14,0],[24,12,12,4],[12,11,12,8],[90,0,14,0],[12,11,12,8],[90,0,14,0],[15,12,12,8],[90,0,14,0],[12,11,12,8],[90,0,0,0],[0,14,12,4],[12,11,12,8],[12,12,12,4],[12,11,12,8],[90,0,14,0],[12,11,12,8],[90,0,0,0],[12,11,12,8],[90,0,0,0],[90,0,0,0],[90,0,0,0],[90,0,0,0],[90,0,0,0],[90,0,0,0],[90,0,0,0],[90,0,0,0],[15,14,12,15],[15,11,12,8],[15,12,12,15],[24,11,12,15],[24,11,12,8],[24,12,12,15],[12,11,12,8],[90,0,14,0],[12,11,12,15],[90,0,14,0],[15,12,12,15],[90,0,14,0],[12,11,12,8],[12,11,12,15],[12,14,12,15],[15,11,12,15],[15,12,12,8],[15,11,12,15],[90,0,14,0],[12,12,12,8],[12,11,12,15],[90,0,14,0],[19,11,12,15],[31,14,12,15],[12,11,12,8],[12,11,12,4],[90,0,0,0]],null,null,null,null,null,null,null,null,null,null,null,null,null,null,null,null,null,null,null,null,null,null,null,null,null,null,null,null,null,null,null,null,null,null,null,null,null,null,null,null,null,null,null,null,null,null,null,null,null,null,null,null,null,null,null,null,null,null,null,null,null,null,null,null,null,null,null,null,null,null,null,null,null,null,null,null,null,null,null,null,null,null,null,null,null,null,null,null,null,null,null,null,null,null,null,null,null,null,null,null,null,null,null,null,null,null,null],[null,null,null,[[90,0,15,8],[32,1,12,10],[39,1,14,1],[41,1,14,2],[90,0,0,0],[39,1,14,1],[41,1,14,2],[90,0,0,0],[39,1,14,1],[41,1,14,2],[90,0,0,0],[41,1,14,2],[90,0,0,0],[43,1,14,2],[90,0,0,0],[43,1,14,2],[90,0,0,0],[90,0,0,0],[41,1,14,2],[90,0,0,0],[39,1,14,1],[41,1,14,2],[90,0,0,0],[39,1,14,1],[41,1,14,2],[90,0,0,0],[41,1,14,2],[90,0,0,0],[43,1,14,2],[90,0,0,0],[43,1,14,2],[90,0,0,0],[90,0,0,0],[41,1,14,2],[90,0,0,0],[39,1,14,1],[41,1,14,2],[90,0,0,0],[39,1,14,1],[41,1,14,2],[90,0,0,0],[41,1,14,2],[90,0,0,0],[43,1,14,2],[90,0,0,0],[43,1,14,2],[90,0,0,0],[90,0,0,0],[41,1,14,2],[90,0,0,0],[39,1,14,1],[41,1,14,2],[90,0,0,0],[39,1,14,1],[41,1,14,2],[90,0,0,0],[41,1,14,2],[90,0,0,0],[43,1,14,2],[43,1,14,2],[43,1,14,2],[43,1,14,2],[43,1,14,2],[90,0,0,0]],null,null,null,[[90,0,0,0],[41,1,14,2],[90,0,0,0],[39,1,14,1],[41,1,14,2],[90,0,0,0],[39,1,14,1],[90,0,0,0],[41,1,14,2],[90,0,0,0],[39,1,14,2],[43,1,14,2],[39,1,14,2],[41,1,14,2],[90,0,0,0],[39,1,14,1],[41,1,14,2],[90,0,0,0],[39,1,14,1],[90,0,0,0],[41,1,14,2],[90,0,0,0],[39,1,14,2],[43,1,14,2],[39,1,14,2],[41,1,14,2],[90,0,0,0],[39,1,14,1],[41,1,14,2],[90,0,0,0],[41,1,14,2],[90,0,0,0],[39,1,14,1],[90,0,0,0],[41,1,14,2],[90,0,0,0],[39,1,14,2],[43,1,14,2],[39,1,14,2],[41,1,14,2],[90,0,0,0],[39,1,14,1],[41,1,14,2],[90,0,0,0],[39,1,14,1],[90,0,0,0],[41,1,14,2],[90,0,0,0],[39,1,14,2],[43,1,14,2],[39,1,14,2],[41,1,14,2],[90,0,0,0],[39,1,14,1],[41,1,14,2],[90,0,0,0],[39,1,14,1],[90,0,0,0],[41,1,14,2],[90,0,0,0],[39,1,14,2],[43,1,14,2],[39,1,14,2],[90,0,0,0]],null,null,null,null,null,[[39,1,14,1],[41,1,14,2],[90,0,0,0],[39,1,14,1],[90,0,0,0],[41,1,14,2],[90,0,0,0],[39,1,14,2],[43,1,14,2],[39,1,14,2],[41,1,14,2],[90,0,0,0],[39,1,14,1],[41,1,14,2],[90,0,0,0],[41,1,14,2],[90,0,0,0],[39,1,14,1],[90,0,0,0],[41,1,14,2],[90,0,0,0],[39,1,14,1],[39,1,14,2],[43,1,14,2],[90,0,0,0],[90,0,0,0],[90,0,0,0],[90,0,0,0],[90,0,0,0],[90,0,0,0],[90,0,0,0],[90,0,0,0],[90,0,0,0],[90,0,0,0],[90,0,0,0],[90,0,0,0],[90,0,0,0],[90,0,0,0],[90,0,0,0],[90,0,0,0],[90,0,0,0],[90,0,0,0],[90,0,0,0],[90,0,0,0],[90,0,0,0],[90,0,0,0],[90,0,0,0],[90,0,0,0],[90,0,0,0],[90,0,0,0],[90,0,0,0],[90,0,0,0],[90,0,0,0],[90,0,0,0],[90,0,0,0],[90,0,0,0],[90,0,0,0],[90,0,0,0],[90,0,0,0],[90,0,0,0],[90,0,0,0],[90,0,0,0],[90,0,0,0],[90,0,0,0]],null,null,null,null,null,null,null,[[39,1,14,1],[41,1,14,2],[90,0,0,0],[39,1,14,1],[90,0,0,0],[41,1,14,2],[90,0,0,0],[39,1,14,2],[43,1,14,2],[39,1,14,2],[41,1,14,2],[90,0,0,0],[39,1,14,1],[41,1,14,2],[90,0,0,0],[41,1,14,2],[90,0,0,0],[39,1,14,1],[90,0,0,0],[41,1,14,2],[90,0,0,0],[43,1,14,2],[90,0,0,0],[90,0,0,0],[90,0,0,0],[90,0,0,0],[90,0,0,0],[90,0,0,0],[90,0,0,0],[90,0,0,0],[90,0,0,0],[90,0,0,0],[90,0,0,0],[90,0,0,0],[90,0,0,0],[90,0,0,0],[90,0,0,0],[90,0,0,0],[90,0,0,0],[90,0,0,0],[90,0,0,0],[90,0,0,0],[90,0,0,0],[90,0,0,0],[90,0,0,0],[90,0,0,0],[90,0,0,0],[90,0,0,0],[90,0,0,0],[90,0,0,0],[90,0,0,0],[90,0,0,0],[90,0,0,0],[90,0,0,0],[90,0,0,0],[90,0,0,0],[90,0,0,0],[90,0,0,0],[90,0,0,0],[90,0,0,0],[90,0,0,0],[90,0,0,0],[90,0,13,3],[90,0,0,0]],null,null,null,null,null,null,null,null,null,null,null,null,null,null,null,null,null,null,null,null,null,null,null,null,null,null,null,null,null,null,null,null,null,null,null,null,null,null,null,null,null,null,null,null,null,null,null,null,null,null,null,null,null,null,null,null,null,null,null,null,null,null,null,null,null,null,null,null,null,null,null,null,null,null,null,null,null,null,null,null,null,null,null,null,null,null,null,null,null,null,null,null,null,null,null,null,null,null,null,null,null,null,null,null,null,null]],"channels":[[0,4,8,10,14,16,18],[1,5,9,11,15,17,19],[2,6,6,12,6,6,20],[3,7,7,13,7,7,21]]}}