{"song":{"name":"Phenomenon","artist":"TipTopTomCat","comment":"https://tiptoptomcat.itch.io/","duty_instruments":[{"name":"Duty1","length":null,"initial_volume":15,"volume_sweep_change":0,"frequency_sweep_time":0,"frequency_sweep_shift":0,"duty_cycle":1},{"name":"Duty2","length":null,"initial_volume":15,"volume_sweep_change":0,"frequency_sweep_time":0,"frequency_sweep_shift":0,"duty_cycle":2},{"name":"Duty3","length":null,"initial_volume":15,"volume_sweep_change":0,"frequency_sweep_time":0,"frequency_sweep_shift":0,"duty_cycle":3},{"name":"Duty4","length":null,"initial_volume":15,"volume_sweep_change":0,"frequency_sweep_time":0,"frequency_sweep_shift":0,"duty_cycle":0},{"name":"Duty5","length":null,"initial_volume":15,"volume_sweep_change":0,"frequency_sweep_time":0,"frequency_sweep_shift":0,"duty_cycle":2},{"name":"Duty6","length":null,"initial_volume":15,"volume_sweep_change":0,"frequency_sweep_time":0,"frequency_sweep_shift":0,"duty_cycle":2},{"name":"Duty7","length":null,"initial_volume":15,"volume_sweep_change":0,"frequency_sweep_time":0,"frequency_sweep_shift":0,"duty_cycle":2},{"name":"Duty8","length":null,"initial_volume":15,"volume_sweep_change":0,"frequency_sweep_time":0,"frequency_sweep_shift":0,"duty_cycle":2},{"name":"Duty9","length":null,"initial_volume":15,"volume_sweep_change":0,"frequency_sweep_time":0,"frequency_sweep_shift":0,"duty_cycle":2},{"name":"Duty10","length":null,"initial_volume":15,"volume_sweep_change":0,"frequency_sweep_time":0,"frequency_sweep_shift":0,"duty_cycle":2},{"name":"Duty11","length":null,"initial_volume":15,"volume_sweep_change":0,"frequency_sweep_time":0,"frequency_sweep_shift":0,"duty_cycle":2},{"name":"Duty12","length":null,"initial_volume":15,"volume_sweep_change":0,"frequency_sweep_time":0,"frequency_sweep_shift":0,"duty_cycle":2},{"name":"Duty13","length":null,"initial_volume":15,"volume_sweep_change":0,"frequency_sweep_time":0,"frequency_sweep_shift":0,"duty_cycle":2},{"name":"Duty14","length":null,"initial_volume":15,"volume_sweep_change":0,"frequency_sweep_time":0,"frequency_sweep_shift":0,"duty_cycle":2},{"name":"Duty15","length":null,"initial_volume":15,"volume_sweep_change":0,"frequency_sweep_time":0,"frequency_sweep_shift":0,"duty_cycle":2}],"wave_instruments":[{"name":"Wave1","length":null,"volume":1,"wave_index":0},{"name":"Wave2","length":null,"volume":1,"wave_index":1},{"name":"Wave3","length":null,"volume":1,"wave_index":2},{"name":"Wave4","length":null,"volume":1,"wave_index":3},{"name":"Wave5","length":null,"volume":1,"wave_index":4},{"name":"Wave6","length":null,"volume":1,"wave_index":5},{"name":"Wave7","length":null,"volume":1,"wave_index":6},{"name":"Wave8","length":null,"volume":1,"wave_index":0},{"name":"Wave9","length":null,"volume":1,"wave_index":1},{"name":"Wave10","length":null,"volume":1,"wave_index":2},{"name":"Wave11","length":null,"volume":1,"wave_index":3},{"name":"Wave12","length":null,"volume":1,"wave_index":4},{"name":"Wave13","length":null,"volume":1,"wave_index":5},{"name":"Wave14","length":null,"volume":1,"wave_index":6},{"name":"Wave15","length":null,"volume":1,"wave_index":7}],"noise_instruments":[{"name":"Noise1","length":null,"initial_volume":15,"volume_sweep_change":0,"shift_clock_mask":0,"dividing_ratio":0,"bit_count":1,"noise_macro":[0,0,0,0,0,0,0,0,0,0,0,0,0,0,0]},{"name":"Noise2","length":null,"initial_volume":15,"volume_sweep_change":0,"shift_clock_mask":0,"dividing_ratio":0,"bit_count":1,"noise_macro":[0,0,0,0,0,0,0,0,0,0,0,0,0,0,0]},{"name":"Noise3","length":null,"initial_volume":15,"volume_sweep_change":0,"shift_clock_mask":0,"dividing_ratio":0,"bit_count":1,"noise_macro":[0,0,0,0,0,0,0,0,0,0,0,0,0,0,0]},{"name":"Noise4","length":null,"initial_volume":15,"volume_sweep_change":0,"shift_clock_mask":0,"dividing_ratio":0,"bit_count":1,"noise_macro":[0,0,0,0,0,0,0,0,0,0,0,0,0,0,0]},{"name":"Noise5","length":null,"initial_volume":15,"volume_sweep_change":0,"shift_clock_mask":0,"dividing_ratio":0,"bit_count":1,"noise_macro":[0,0,0,0,0,0,0,0,0,0,0,0,0,0,0]},{"name":"Noise6","length":null,"initial_volume":15,"volume_sweep_change":0,"shift_clock_mask":0,"dividing_ratio":0,"bit_count":1,"noise_macro":[0,0,0,0,0,0,0,0,0,0,0,0,0,0,0]},{"name":"Noise7","length":null,"initial_volume":15,"volume_sweep_change":0,"shift_clock_mask":0,"dividing_ratio":0,"bit_count":1,"noise_macro":[0,0,0,0,0,0,0,0,0,0,0,0,0,0,0]},{"name":"Noise8","length":null,"initial_volume":15,"volume_sweep_change":0,"shift_clock_mask":0,"dividing_ratio":0,"bit_count":1,"noise_macro":[0,0,0,0,0,0,0,0,0,0,0,0,0,0,0]},{"name":"Noise9","length":null,"initial_volume":15,"volume_sweep_change":0,"shift_clock_mask":0,"dividing_ratio":0,"bit_count":1,"noise_macro":[0,0,0,0,0,0,0,0,0,0,0,0,0,0,0]},{"name":"Noise10","length":null,"initial_volume":15,"volume_sweep_change":0,"shift_clock_mask":0,"dividing_ratio":0,"bit_count":1,"noise_macro":[0,0,0,0,0,0,0,0,0,0,0,0,0,0,0]},{"name":"Noise11","length":null,"initial_volume":15,"volume_sweep_change":0,"shift_clock_mask":0,"dividing_ratio":0,"bit_count":1,"noise_macro":[0,0,0,0,0,0,0,0,0,0,0,0,0,0,0]},{"name":"Noise12","length":null,"initial_volume":15,"volume_sweep_change":0,"shift_clock_mask":0,"dividing_ratio":0,"bit_count":1,"noise_macro":[0,0,0,0,0,0,0,0,0,0,0,0,0,0,0]},{"name":"Noise13","length":null,"initial_volume":15,"volume_sweep_change":0,"shift_clock_mask":0,"dividing_ratio":0,"bit_count":1,"noise_macro":[0,0,0,0,0,0,0,0,0,0,0,0,0,0,0]},{"name":"Noise14","length":null,"initial_volume":15,"volume_sweep_change":0,"shift_clock_mask":0,"dividing_ratio":0,"bit_count":1,"noise_macro":[0,0,0,0,0,0,0,0,0,0,0,0,0,0,0]},{"name":"Noise15","length":null,"initial_volume":15,"volume_sweep_change":0,"shift_clock_mask":0,"dividing_ratio":0,"bit_count":1,"noise_macro":[0,0,0,0,0,0,0,0,0,0,0,0,0,0,0]}],"waves":[[10,5,13,7,12,9,14,1,11,12,9,10,7,6,3,1,0,12,11,10,13,14,6,0,1,11,12,10,0,3,9,3],[15,0,14,1,13,2,12,3,11,4,10,5,9,6,8,7,7,8,6,9,5,10,4,11,3,12,2,13,1,14,0,15],[15,13,14,12,13,11,12,10,11,9,10,8,9,7,8,6,7,9,6,8,5,7,4,6,3,5,2,4,1,3,0,2],[13,14,15,14,13,12,11,10,9,10,10,9,8,7,7,7,8,8,8,7,6,5,5,6,5,4,3,2,1,0,1,2],[10,11,12,13,14,15,14,13,12,11,10,0,1,2,3,14,13,12,11,10,11,12,13,14,15,14,13,12,3,2,1,0],[15,15,14,14,13,13,12,12,11,11,10,10,9,9,8,8,7,7,6,6,5,5,4,4,3,3,2,2,1,1,0,0],[15,15,15,15,15,15,15,15,15,15,15,15,15,15,15,15,0,0,0,0,0,0,0,0,0,0,0,0,0,0,0,0],[7,9,11,12,13,14,14,15,15,15,14,14,13,12,11,9,7,5,4,3,2,1,1,0,0,0,1,1,2,3,4,5],[0,6,11,1,2,10,13,8,5,13,4,14,6,0,6,14,10,8,9,13,14,10,6,3,0,0,4,8,10,14,2,9],[10,14,11,1,9,10,11,8,12,2,7,13,2,2,4,6,10,0,3,14,9,1,9,1,1,14,2,14,11,11,7,2],[3,11,2,5,1,14,9,2,0,9,8,9,7,4,10,6,11,9,5,4,9,1,5,7,3,5,8,0,13,3,7,10],[6,10,12,11,2,12,9,6,11,6,6,1,4,0,0,3,1,3,11,12,14,8,11,10,5,11,3,11,5,2,2,0],[10,14,5,3,10,10,0,1,4,2,5,3,10,3,9,0,8,1,14,10,3,3,0,2,10,13,7,3,8,6,3,0],[8,9,5,5,13,13,11,10,2,6,7,6,13,1,4,2,0,0,10,10,12,12,14,10,13,12,8,1,6,8,4,14],[7,8,13,12,2,2,9,14,3,9,11,10,9,8,7,10,0,4,2,10,10,6,2,11,8,10,5,6,7,4,12,8],[2,6,0,0,7,11,9,13,8,3,14,11,2,4,5,0,7,12,10,14,2,5,13,5,14,13,6,6,4,7,5,6]],"ticks_per_row":7,"orders":[[[[90,0,14,136],[90,0,14,0],[40,3,12,11],[40,3,12,5],[54,4,12,8],[54,4,12,4],[39,3,12,11],[39,3,12,5],[55,4,12,8],[55,4,12,4],[43,3,12,11],[43,3,12,5],[51,4,12,8],[51,4,12,4],[42,3,12,11],[42,3,12,5],[52,4,12,8],[52,4,12,4],[40,3,12,11],[40,3,12,5],[54,4,12,8],[54,4,12,4],[39,3,12,11],[39,3,12,5],[55,4,12,8],[55,4,12,4],[43,3,12,11],[43,3,12,5],[51,4,12,8],[51,4,12,4],[39,3,12,11],[39,3,12,5],[52,4,12,8],[52,4,12,4],[36,3,12,11],[36,3,12,5],[51,4,12,8],[51,4,12,4],[35,3,12,11],[35,3,12,5],[54,4,12,8],[54,4,12,4],[33,3,12,11],[33,3,12,5],[52,4,12,8],[52,4,12,4],[38,3,12,11],[38,3,12,5],[48,4,12,8],[48,4,12,4],[36,3,12,11],[36,3,12,5],[50,4,12,8],[50,4,12,4],[35,3,12,11],[35,3,12,5],[55,4,12,8],[55,4,12,4],[39,3,12,11],[39,3,12,5],[54,4,12,8],[54,4,12,4],[42,3,12,11],[42,3,12,5]],null,null,null,[[54,4,12,8],[54,4,12,4],[40,3,12,11],[40,3,12,5],[54,4,12,8],[54,4,12,4],[45,3,12,11],[45,3,12,5],[55,4,12,8],[55,4,12,4],[43,3,12,11],[43,3,12,5],[51,4,12,8],[51,4,12,4],[42,3,12,11],[42,3,12,5],[52,4,12,8],[52,4,12,4],[48,3,12,11],[48,3,12,5],[54,4,12,8],[54,4,12,4],[45,3,12,11],[45,3,12,5],[55,4,12,8],[55,4,12,4],[47,3,12,11],[47,3,12,5],[57,4,12,8],[57,4,12,4],[43,3,12,11],[43,3,12,5],[52,4,12,8],[52,4,12,4],[40,3,12,11],[40,3,12,5],[51,4,12,8],[51,4,12,4],[47,3,12,11],[47,3,12,5],[54,4,12,8],[54,4,12,4],[45,3,12,11],[45,3,12,5],[52,4,12,8],[52,4,12,4],[42,3,12,11],[42,3,12,5],[48,4,12,8],[48,4,12,4],[40,3,12,11],[40,3,12,5],[50,4,12,8],[50,4,12,4],[39,3,12,11],[39,3,12,5],[55,4,12,8],[55,4,12,4],[43,3,12,11],[43,3,12,5],[54,4,12,8],[54,4,12,4],[42,3,12,11],[42,3,12,5]],null,[[54,4,12,8],[54,4,12,4],[40,3,12,11],[40,3,12,5],[54,4,12,8],[54,4,12,4],[39,3,12,11],[39,3,12,5],[55,4,12,8],[55,4,12,4],[43,3,12,11],[43,3,12,5],[51,4,12,8],[51,4,12,4],[42,3,12,11],[42,3,12,5],[52,4,12,8],[52,4,12,4],[40,3,12,11],[40,3,12,5],[54,4,12,8],[54,4,12,4],[39,3,12,11],[39,3,12,5],[55,4,12,8],[55,4,12,4],[43,3,12,11],[43,3,12,5],[51,4,12,8],[51,4,12,4],[39,3,12,11],[39,3,12,5],[52,4,12,8],[52,4,12,4],[36,3,12,11],[36,3,12,5],[51,4,12,8],[51,4,12,4],[35,3,12,11],[35,3,12,5],[54,4,12,8],[54,4,12,4],[33,3,12,11],[33,3,12,5],[52,4,12,8],[52,4,12,4],[38,3,12,11],[38,3,12,5],[48,4,12,8],[48,4,12,4],[36,3,12,11],[36,3,12,5],[50,4,12,8],[50,4,12,4],[35,3,12,11],[35,3,12,5],[55,4,12,8],[55,4,12,4],[39,3,12,11],[39,3,12,5],[54,4,12,8],[54,4,12,4],[42,3,12,11],[42,3,12,5]],null,null,null,null,null,null,null,null,null,null,null,null,null,null,null,null,null,null,null,null,null,null,null,null,null,null,null,null,null,null,null,null,null,null,null,null,null,null,null,null,null,null,null,null,null,null,null,null,null,null,null,null,null,null,null,null,null,null,null,null,null,null,null,null,null,null,null,null,null,null,null,null,null,null,null,null,null,null,null,null,null,null,null,null,null,null,null,null,null,null,null,null,null,null,null,null,null,null,null,null,null,null,null,null,null,null,null,null,null,null,null,null,null,null,null,null,null,null,null,null,null],[null,[[90,0,15,7],[90,0,0,0],[90,0,0,0],[90,0,0,0],[90,0,0,0],[90,0,0,0],[90,0,0,0],[90,0,0,0],[90,0,0,0],[90,0,0,0],[90,0,0,0],[90,0,0,0],[90,0,0,0],[90,0,0,0],[90,0,0,0],[90,0,0,0],[90,0,0,0],[90,0,0,0],[90,0,0,0],[90,0,0,0],[90,0,0,0],[90,0,0,0],[90,0,0,0],[90,0,0,0],[90,0,0,0],[90,0,0,0],[90,0,0,0],[90,0,0,0],[90,0,0,0],[90,0,0,0],[90,0,0,0],[90,0,0,0],[90,0,0,0],[90,0,0,0],[90,0,0,0],[90,0,0,0],[90,0,0,0],[90,0,0,0],[90,0,0,0],[90,0,0,0],[90,0,0,0],[90,0,0,0],[90,0,0,0],[90,0,0,0],[90,0,0,0],[90,0,0,0],[90,0,0,0],[90,0,0,0],[90,0,0,0],[90,0,0,0],[90,0,0,0],[90,0,0,0],[90,0,0,0],[90,0,0,0],[90,0,0,0],[90,0,0,0],[90,0,0,0],[90,0,0,0],[90,0,0,0],[90,0,0,0],[90,0,0,0],[90,0,0,0],[90,0,0,0],[90,0,0,0]],null,null,null,null,null,null,null,null,null,null,null,null,null,null,null,null,null,null,null,null,null,null,null,null,null,null,null,null,null,null,null,null,null,null,null,null,null,null,null,null,null,null,null,null,null,null,null,null,null,null,null,null,null,null,null,null,null,null,null,null,null,null,null,null,null,null,null,null,null,null,null,null,null,null,null,null,null,null,null,null,null,null,null,null,null,null,null,null,null,null,null,null,null,null,null,null,null,null,null,null,null,null,null,null,null,null,null,null,null,null,null,null,null,null,null,null,null,null,null,null,null,null,null,null,null,null],[null,null,[[90,0,14,136],[90,0,14,0],[90,0,0,0],[90,0,0,0],[52,10,12,4],[90,0,0,0],[66,10,12,4],[90,0,0,0],[51,10,12,4],[90,0,0,0],[67,10,12,4],[90,0,0,0],[55,10,12,4],[90,0,0,0],[63,10,12,4],[90,0,0,0],[54,10,12,4],[90,0,0,0],[64,10,12,4],[90,0,0,0],[52,10,12,4],[90,0,0,0],[66,10,12,4],[90,0,0,0],[51,10,12,4],[90,0,0,0],[67,10,12,4],[90,0,0,0],[55,10,12,4],[90,0,0,0],[63,10,12,4],[90,0,0,0],[51,10,12,4],[90,0,0,0],[64,10,12,4],[90,0,0,0],[48,10,12,4],[90,0,0,0],[63,10,12,4],[90,0,0,0],[47,10,12,4],[90,0,0,0],[66,10,12,4],[90,0,0,0],[45,10,12,4],[90,0,0,0],[64,10,12,4],[90,0,0,0],[50,10,12,4],[90,0,0,0],[60,10,12,4],[90,0,0,0],[48,10,12,4],[90,0,0,0],[62,10,12,4],[90,0,0,0],[47,10,12,4],[90,0,0,0],[67,10,12,4],[90,0,0,0],[51,10,12,4],[90,0,0,0],[66,10,12,4],[90,0,0,0]],null,null,[[54,10,12,4],[90,0,0,0],[66,10,12,4],[90,0,0,0],[52,10,12,4],[90,0,0,0],[66,10,12,4],[90,0,0,0],[57,10,12,4],[90,0,0,0],[67,10,12,4],[90,0,0,0],[55,10,12,4],[90,0,0,0],[63,10,12,4],[90,0,0,0],[54,10,12,4],[90,0,0,0],[64,10,12,4],[90,0,0,0],[60,10,12,4],[90,0,0,0],[66,10,12,4],[90,0,0,0],[57,10,12,4],[90,0,0,0],[67,10,12,4],[90,0,0,0],[59,10,12,4],[90,0,0,0],[69,10,12,4],[90,0,0,0],[55,10,12,4],[90,0,0,0],[64,10,12,4],[90,0,0,0],[52,10,12,4],[90,0,0,0],[63,10,12,4],[90,0,0,0],[59,10,12,4],[90,0,0,0],[66,10,12,4],[90,0,0,0],[57,10,12,4],[90,0,0,0],[64,10,12,4],[90,0,0,0],[54,10,12,4],[90,0,0,0],[60,10,12,4],[90,0,0,0],[52,10,12,4],[90,0,0,0],[62,10,12,4],[90,0,0,0],[51,10,12,4],[90,0,0,0],[67,10,12,4],[90,0,0,0],[55,10,12,4],[90,0,0,0],[66,10,12,4],[90,0,0,0]],null,[[54,10,12,4],[90,0,0,0],[66,10,12,4],[90,0,0,0],[52,10,12,4],[90,0,0,0],[66,10,12,4],[90,0,0,0],[51,10,12,4],[90,0,0,0],[67,10,12,4],[90,0,0,0],[55,10,12,4],[90,0,0,0],[63,10,12,4],[90,0,0,0],[54,10,12,4],[90,0,0,0],[64,10,12,4],[90,0,0,0],[52,10,12,4],[90,0,0,0],[66,10,12,4],[90,0,0,0],[51,10,12,4],[90,0,0,0],[67,10,12,4],[90,0,0,0],[55,10,12,4],[90,0,0,0],[63,10,12,4],[90,0,0,0],[51,10,12,4],[90,0,0,0],[64,10,12,4],[90,0,0,0],[48,10,12,4],[90,0,0,0],[63,10,12,4],[90,0,0,0],[47,10,12,4],[90,0,0,0],[66,10,12,4],[90,0,0,0],[45,10,12,4],[90,0,0,0],[64,10,12,4],[90,0,0,0],[50,10,12,4],[90,0,0,0],[60,10,12,4],[90,0,0,0],[48,10,12,4],[90,0,0,0],[62,10,12,4],[90,0,0,0],[47,10,12,4],[90,0,0,0],[67,10,12,4],[90,0,0,0],[51,10,12,4],[90,0,0,0],[66,10,12,4],[90,0,11,2]],null,null,null,null,null,null,null,null,null,null,null,null,null,null,null,null,null,null,null,null,null,null,null,null,null,null,null,null,null,null,null,null,null,null,null,null,null,null,null,null,null,null,null,null,null,null,null,null,null,null,null,null,null,null,null,null,null,null,null,null,null,null,null,null,null,null,null,null,null,null,null,null,null,null,null,null,null,null,null,null,null,null,null,null,null,null,null,null,null,null,null,null,null,null,null,null,null,null,null,null,null,null,null,null,null,null,null,null,null,null,null,null,null,null,null,null,null,null,null,null],[null,null,null,null,null,null,null,null,null,null,null,null,null,null,null,null,null,null,null,null,null,null,null,null,null,null,null,null,null,null,null,null,null,null,null,null,null,null,null,null,null,null,null,null,null,null,null,null,null,null,null,null,null,null,null,null,null,null,null,null,null,null,null,null,null,null,null,null,null,null,null,null,null,null,null,null,null,null,null,null,null,null,null,null,null,null,null,null,null,null,null,null,null,null,null,null,null,null,null,null,null,null,null,null,null,null,null,null,null,null,null,null,null,null,null,null,null,null,null,null,null,null,null,null,null,null,null,null]],"channels":[[0,4,6],[1,3,3],[2,5,7],[3,3,3]]}}