{"song":{"name":"Unwind and Bind","artist":"TipTopTomCat","comment":"https://tiptoptomcat.itch.io/","duty_instruments":[{"name":"Duty1","length":null,"initial_volume":15,"volume_sweep_change":0,"frequency_sweep_time":0,"frequency_sweep_shift":0,"duty_cycle":1},{"name":"Duty2","length":null,"initial_volume":15,"volume_sweep_change":0,"frequency_sweep_time":0,"frequency_sweep_shift":0,"duty_cycle":2},{"name":"Duty3","length":null,"initial_volume":15,"volume_sweep_change":0,"frequency_sweep_time":0,"frequency_sweep_shift":0,"duty_cycle":3},{"name":"Duty4","length":null,"initial_volume":15,"volume_sweep_change":0,"frequency_sweep_time":0,"frequency_sweep_shift":0,"duty_cycle":0},{"name":"Duty5","length":null,"initial_volume":15,"volume_sweep_change":0,"frequency_sweep_time":0,"frequency_sweep_shift":0,"duty_cycle":2},{"name":"Duty6","length":null,"initial_volume":15,"volume_sweep_change":0,"frequency_sweep_time":0,"frequency_sweep_shift":0,"duty_cycle":2},{"name":"Duty7","length":null,"initial_volume":15,"volume_sweep_change":0,"frequency_sweep_time":0,"frequency_sweep_shift":0,"duty_cycle":2},{"name":"Duty8","length":null,"initial_volume":15,"volume_sweep_change":0,"frequency_sweep_time":0,"frequency_sweep_shift":0,"duty_cycle":2},{"name":"Duty9","length":null,"initial_volume":15,"volume_sweep_change":0,"frequency_sweep_time":0,"frequency_sweep_shift":0,"duty_cycle":2},{"name":"Duty10","length":null,"initial_volume":15,"volume_sweep_change":0,"frequency_sweep_time":0,"frequency_sweep_shift":0,"duty_cycle":2},{"name":"Duty11","length":null,"initial_volume":15,"volume_sweep_change":0,"frequency_sweep_time":0,"frequency_sweep_shift":0,"duty_cycle":2},{"name":"Duty12","length":null,"initial_volume":15,"volume_sweep_change":0,"frequency_sweep_time":0,"frequency_sweep_shift":0,"duty_cycle":2},{"name":"Duty13","length":null,"initial_volume":15,"volume_sweep_change":0,"frequency_sweep_time":0,"frequency_sweep_shift":0,"duty_cycle":2},{"name":"Duty14","length":null,"initial_volume":15,"volume_sweep_change":0,"frequency_sweep_time":0,"frequency_sweep_shift":0,"duty_cycle":2},{"name":"Duty15","length":null,"initial_volume":15,"volume_sweep_change":0,"frequency_sweep_time":0,"frequency_sweep_shift":0,"duty_cycle":2}],"wave_instruments":[{"name":"Wave1","length":null,"volume":1,"wave_index":0},{"name":"Wave2","length":null,"volume":1,"wave_index":1},{"name":"Wave3","length":null,"volume":1,"wave_index":2},{"name":"Wave4","length":null,"volume":1,"wave_index":3},{"name":"Wave5","length":null,"volume":1,"wave_index":4},{"name":"Wave6","length":null,"volume":1,"wave_index":5},{"name":"Wave7","length":null,"volume":1,"wave_index":6},{"name":"Wave8","length":null,"volume":1,"wave_index":0},{"name":"Wave9","length":null,"volume":1,"wave_index":1},{"name":"Wave10","length":null,"volume":1,"wave_index":2},{"name":"Wave11","length":null,"volume":1,"wave_index":3},{"name":"Wave12","length":null,"volume":1,"wave_index":4},{"name":"Wave13","length":null,"volume":1,"wave_index":5},{"name":"Wave14","length":null,"volume":1,"wave_index":6},{"name":"Wave15","length":null,"volume":1,"wave_index":7}],"noise_instruments":[{"name":"Noise1","length":null,"initial_volume":15,"volume_sweep_change":0,"shift_clock_mask":0,"dividing_ratio":0,"bit_count":1,"noise_macro":[0,0,0,0,0,0,0,0,0,0,0,0,0,0,0]},{"name":"Noise2","length":null,"initial_volume":15,"volume_sweep_change":0,"shift_clock_mask":0,"dividing_ratio":0,"bit_count":1,"noise_macro":[0,0,0,0,0,0,0,0,0,0,0,0,0,0,0]},{"name":"Noise3","length":null,"initial_volume":15,"volume_sweep_change":0,"shift_clock_mask":0,"dividing_ratio":0,"bit_count":1,"noise_macro":[0,0,0,0,0,0,0,0,0,0,0,0,0,0,0]},{"name":"Noise4","length":null,"initial_volume":15,"volume_sweep_change":0,"shift_clock_mask":0,"dividing_ratio":0,"bit_count":1,"noise_macro":[0,0,0,0,0,0,0,0,0,0,0,0,0,0,0]},{"name":"Noise5","length":null,"initial_volume":15,"volume_sweep_change":0,"shift_clock_mask":0,"dividing_ratio":0,"bit_count":1,"noise_macro":[0,0,0,0,0,0,0,0,0,0,0,0,0,0,0]},{"name":"Noise6","length":null,"initial_volume":15,"volume_sweep_change":0,"shift_clock_mask":0,"dividing_ratio":0,"bit_count":1,"noise_macro":[0,0,0,0,0,0,0,0,0,0,0,0,0,0,0]},{"name":"Noise7","length":null,"initial_volume":15,"volume_sweep_change":0,"shift_clock_mask":0,"dividing_ratio":0,"bit_count":1,"noise_macro":[0,0,0,0,0,0,0,0,0,0,0,0,0,0,0]},{"name":"Noise8","length":null,"initial_volume":15,"volume_sweep_change":0,"shift_clock_mask":0,"dividing_ratio":0,"bit_count":1,"noise_macro":[0,0,0,0,0,0,0,0,0,0,0,0,0,0,0]},{"name":"Noise9","length":null,"initial_volume":15,"volume_sweep_change":0,"shift_clock_mask":0,"dividing_ratio":0,"bit_count":1,"noise_macro":[0,0,0,0,0,0,0,0,0,0,0,0,0,0,0]},{"name":"Noise10","length":null,"initial_volume":15,"volume_sweep_change":0,"shift_clock_mask":0,"dividing_ratio":0,"bit_count":1,"noise_macro":[0,0,0,0,0,0,0,0,0,0,0,0,0,0,0]},{"name":"Noise11","length":null,"initial_volume":15,"volume_sweep_change":0,"shift_clock_mask":0,"dividing_ratio":0,"bit_count":1,"noise_macro":[0,0,0,0,0,0,0,0,0,0,0,0,0,0,0]},{"name":"Noise12","length":null,"initial_volume":15,"volume_sweep_change":0,"shift_clock_mask":0,"dividing_ratio":0,"bit_count":1,"noise_macro":[0,0,0,0,0,0,0,0,0,0,0,0,0,0,0]},{"name":"Noise13","length":null,"initial_volume":15,"volume_sweep_change":0,"shift_clock_mask":0,"dividing_ratio":0,"bit_count":1,"noise_macro":[0,0,0,0,0,0,0,0,0,0,0,0,0,0,0]},{"name":"Noise14","length":null,"initial_volume":15,"volume_sweep_change":0,"shift_clock_mask":0,"dividing_ratio":0,"bit_count":1,"noise_macro":[0,0,0,0,0,0,0,0,0,0,0,0,0,0,0]},{"name":"Noise15","length":null,"initial_volume":15,"volume_sweep_change":0,"shift_clock_mask":0,"dividing_ratio":0,"bit_count":1,"noise_macro":[0,0,0,0,0,0,0,0,0,0,0,0,0,0,0]}],"waves":[[10,5,13,7,12,9,14,1,11,12,9,10,7,6,3,1,0,12,11,10,13,14,6,0,1,11,12,10,0,3,9,3],[15,0,14,1,13,2,12,3,11,4,10,5,9,6,8,7,7,8,6,9,5,10,4,11,3,12,2,13,1,14,0,15],[15,13,14,12,13,11,12,10,11,9,10,8,9,7,8,6,7,9,6,8,5,7,4,6,3,5,2,4,1,3,0,2],[13,14,15,14,13,12,11,10,9,10,10,9,8,7,7,7,8,8,8,7,6,5,5,6,5,4,3,2,1,0,1,2],[10,11,12,13,14,15,14,13,12,11,10,0,1,2,3,14,13,12,11,10,11,12,13,14,15,14,13,12,3,2,1,0],[15,15,14,14,13,13,12,12,11,11,10,10,9,9,8,8,7,7,6,6,5,5,4,4,3,3,2,2,1,1,0,0],[15,15,15,15,15,15,15,15,15,15,15,15,15,15,15,15,0,0,0,0,0,0,0,0,0,0,0,0,0,0,0,0],[7,9,11,12,13,14,14,15,15,15,14,14,13,12,11,9,7,5,4,3,2,1,1,0,0,0,1,1,2,3,4,5],[6,12,1,13,2,11,2,12,13,7,8,2,4,14,7,12,7,0,0,6,0,5,6,2,6,8,14,8,6,11,2,5],[11,9,13,9,2,6,11,12,2,12,0,3,1,12,2,1,14,4,6,7,13,12,5,1,14,8,3,4,11,8,13,11],[11,7,5,0,11,11,2,8,2,2,6,2,4,5,9,13,14,5,6,2,6,11,13,3,4,5,1,2,2,10,3,3],[0,9,11,3,5,14,3,8,0,13,6,3,14,6,14,11,4,0,9,1,1,0,9,6,14,6,8,7,2,6,13,12],[12,8,7,13,13,3,12,13,0,2,14,8,5,4,2,10,14,8,6,0,1,13,13,12,14,10,0,11,1,11,13,12],[13,6,7,2,1,0,2,8,3,10,5,8,5,11,12,13,4,10,5,2,1,8,10,4,10,13,0,11,8,5,3,14],[13,3,2,6,13,7,7,2,11,13,3,13,12,3,11,1,6,0,3,13,9,11,4,1,0,9,6,7,3,14,12,12],[2,11,2,12,3,12,3,8,13,10,13,11,10,3,10,6,13,0,13,13,12,11,3,9,4,6,1,8,12,2,14,3]],"ticks_per_row":7,"orders":[[[[26,3,12,14],[26,3,12,10],[26,3,12,14],[26,3,12,10],[38,3,12,14],[38,3,12,10],[38,3,12,7],[38,3,12,3],[36,3,12,14],[36,3,12,10],[36,3,12,7],[36,3,12,3],[36,3,12,2],[36,3,12,1],[26,3,12,14],[26,3,12,10],[26,3,12,7],[26,3,12,3],[26,3,12,14],[26,3,12,10],[26,3,12,14],[26,3,12,10],[26,3,12,14],[26,3,12,10],[38,3,12,14],[38,3,12,10],[38,3,12,7],[38,3,12,3],[36,3,12,14],[36,3,12,10],[36,3,12,7],[36,3,12,3],[31,3,12,14],[31,3,12,10],[31,3,12,7],[31,3,12,3],[31,3,12,2],[31,3,12,1],[34,3,12,14],[34,3,12,10],[34,3,12,7],[34,3,12,3],[34,3,12,2],[34,3,12,1],[31,3,12,14],[31,2,12,10],[31,3,12,7],[31,2,12,3],[31,3,12,2],[31,2,12,1],[31,3,12,1],[31,2,12,1],[31,3,12,1],[90,0,0,0],[31,2,12,1],[90,0,0,0],[31,3,12,1],[90,0,0,0],[31,2,12,1],[90,0,0,0],[31,3,12,1],[90,0,0,0],[90,0,0,0],[90,0,0,0]],null,null,null,[[24,3,12,14],[24,3,12,10],[24,3,12,14],[24,3,12,10],[36,3,12,14],[36,3,12,10],[36,3,12,7],[36,3,12,3],[34,3,12,14],[34,3,12,10],[34,3,12,7],[34,3,12,3],[34,3,12,2],[34,3,12,1],[31,3,12,14],[31,3,12,10],[31,3,12,7],[31,3,12,3],[34,3,12,14],[34,3,12,10],[36,3,12,14],[36,3,12,10],[38,3,12,14],[38,3,12,10],[38,3,12,14],[38,3,12,10],[38,3,12,7],[38,3,12,3],[24,3,12,14],[24,3,12,10],[24,3,12,7],[24,3,12,3],[38,3,12,14],[38,2,12,10],[38,3,12,7],[38,2,12,3],[38,3,12,2],[38,2,12,1],[38,3,12,1],[38,2,12,1],[38,3,12,1],[90,0,0,0],[38,2,12,1],[90,0,0,0],[38,3,12,1],[90,0,0,0],[38,2,12,1],[90,0,0,0],[38,3,12,1],[90,0,0,0],[90,0,0,0],[90,0,0,0],[90,0,0,0],[90,0,0,0],[90,0,0,0],[90,0,0,0],[90,0,0,0],[90,0,0,0],[90,0,0,0],[90,0,0,0],[90,0,0,0],[90,0,0,0],[90,0,0,0],[90,0,0,0]],null,null,null,[[26,3,12,14],[26,3,12,10],[26,3,12,14],[26,3,12,10],[36,3,12,14],[36,3,12,10],[36,3,12,7],[36,3,12,3],[38,3,12,14],[38,3,12,10],[38,3,12,7],[38,3,12,3],[38,3,12,2],[38,3,12,1],[41,3,12,14],[41,3,12,10],[41,3,12,7],[41,3,12,3],[36,3,12,14],[36,3,12,10],[38,3,12,14],[38,3,12,10],[41,3,12,14],[41,3,12,10],[38,3,12,14],[38,3,12,10],[36,3,12,14],[36,3,12,10],[36,3,12,7],[36,3,12,3],[36,3,12,2],[36,3,12,1],[31,3,12,14],[31,3,12,10],[31,3,12,7],[31,3,12,3],[31,3,12,2],[31,3,12,1],[34,3,12,14],[34,3,12,10],[34,3,12,7],[34,3,12,3],[34,3,12,2],[34,3,12,1],[31,3,12,14],[31,2,12,10],[31,3,12,7],[31,2,12,3],[31,3,12,2],[31,2,12,1],[31,3,12,1],[31,2,12,1],[31,3,12,1],[90,0,0,0],[31,2,12,1],[90,0,0,0],[31,3,12,1],[90,0,0,0],[31,2,12,1],[90,0,0,0],[31,3,12,1],[90,0,0,0],[90,0,0,0],[90,0,0,0]],null,[[24,3,12,14],[24,3,12,10],[24,3,12,14],[24,3,12,10],[36,3,12,14],[36,3,12,10],[36,3,12,7],[36,3,12,3],[34,3,12,14],[34,3,12,10],[34,3,12,7],[34,3,12,3],[34,3,12,2],[34,3,12,1],[31,3,12,14],[31,3,12,10],[31,3,12,7],[31,3,12,3],[34,3,12,14],[34,3,12,10],[38,3,12,14],[38,3,12,10],[41,3,12,14],[41,3,12,10],[43,3,12,14],[43,3,12,10],[43,3,12,7],[43,3,12,3],[41,3,12,14],[41,3,12,10],[41,3,12,7],[41,3,12,3],[43,3,12,14],[43,2,12,10],[43,3,12,7],[43,2,12,3],[43,3,12,2],[43,2,12,1],[43,3,12,1],[43,2,12,1],[43,3,12,1],[90,0,0,0],[43,2,12,1],[90,0,0,0],[43,3,12,1],[90,0,0,0],[43,2,12,1],[90,0,0,0],[31,3,12,14],[31,2,12,10],[31,3,12,7],[31,2,12,3],[31,3,12,2],[31,2,12,1],[31,3,12,1],[31,2,12,1],[31,3,12,1],[90,0,0,0],[31,2,12,1],[90,0,0,0],[31,3,12,1],[90,0,0,0],[31,2,12,1],[90,0,0,0]],[[26,3,12,14],[26,3,12,10],[26,3,12,7],[26,3,12,3],[38,3,12,14],[38,3,12,10],[38,3,12,7],[38,3,12,3],[36,3,12,14],[36,3,12,10],[36,3,12,7],[36,3,12,3],[36,3,12,2],[36,3,12,1],[26,3,12,14],[26,3,12,10],[26,3,12,7],[26,3,12,3],[26,3,12,14],[26,3,12,10],[26,3,12,14],[26,3,12,10],[26,3,12,14],[26,3,12,10],[38,3,12,14],[38,3,12,10],[38,3,12,7],[38,3,12,3],[36,3,12,14],[36,3,12,10],[36,3,12,7],[36,3,12,3],[31,3,12,14],[31,3,12,10],[31,3,12,7],[31,3,12,3],[31,3,12,2],[31,3,12,1],[34,3,12,14],[34,3,12,10],[34,3,12,7],[34,3,12,3],[34,3,12,2],[34,3,12,1],[31,3,12,14],[31,2,12,10],[31,3,12,7],[31,2,12,3],[31,3,12,2],[31,2,12,1],[31,3,12,1],[31,2,12,1],[31,3,12,1],[90,0,0,0],[31,2,12,1],[90,0,0,0],[31,3,12,1],[90,0,0,0],[31,2,12,1],[90,0,0,0],[31,3,12,1],[90,0,0,0],[90,0,0,0],[90,0,0,0]],null,[[24,3,12,14],[24,3,12,10],[24,3,12,7],[24,3,12,3],[36,3,12,14],[36,3,12,10],[36,3,12,7],[36,3,12,3],[34,3,12,14],[34,3,12,10],[34,3,12,7],[34,3,12,3],[34,3,12,2],[34,3,12,1],[31,3,12,14],[31,3,12,10],[31,3,12,7],[31,3,12,3],[34,3,12,14],[34,3,12,10],[36,3,12,14],[36,3,12,10],[38,3,12,14],[38,3,12,10],[38,3,12,14],[38,3,12,10],[38,3,12,7],[38,3,12,3],[24,3,12,14],[24,3,12,10],[24,3,12,7],[24,3,12,3],[38,3,12,14],[38,2,12,10],[38,3,12,7],[38,2,12,3],[38,3,12,2],[38,2,12,1],[38,3,12,1],[38,2,12,1],[38,3,12,1],[90,0,0,0],[38,2,12,1],[90,0,0,0],[38,3,12,1],[90,0,0,0],[38,2,12,1],[90,0,0,0],[38,3,12,1],[90,0,0,0],[90,0,0,0],[90,0,0,0],[90,0,0,0],[90,0,0,0],[90,0,0,0],[90,0,0,0],[90,0,0,0],[90,0,0,0],[90,0,0,0],[90,0,0,0],[90,0,0,0],[90,0,0,0],[90,0,0,0],[90,0,0,0]],null,[[38,3,12,14],[38,3,12,10],[38,3,12,7],[38,3,12,3],[41,3,12,14],[41,3,12,10],[41,3,12,7],[41,3,12,3],[38,3,12,14],[38,3,12,10],[38,3,12,7],[38,3,12,3],[38,3,12,2],[38,3,12,1],[36,3,12,14],[36,3,12,10],[36,3,12,7],[36,3,12,3],[36,3,12,14],[36,3,12,10],[38,3,12,14],[38,3,12,10],[41,3,12,14],[41,3,12,10],[38,3,12,14],[38,3,12,10],[36,3,12,14],[36,3,12,10],[36,3,12,7],[36,3,12,3],[36,3,12,2],[36,3,12,1],[41,3,12,14],[41,3,12,10],[41,3,12,7],[41,3,12,3],[41,3,12,2],[41,3,12,1],[34,3,12,14],[34,3,12,10],[34,3,12,7],[34,3,12,3],[34,3,12,2],[34,3,12,1],[41,3,12,14],[41,2,12,10],[41,3,12,7],[41,2,12,3],[41,3,12,2],[41,2,12,1],[41,3,12,1],[41,2,12,1],[41,3,12,1],[90,0,0,0],[41,2,12,1],[90,0,0,0],[41,3,12,1],[90,0,0,0],[41,2,12,1],[90,0,0,0],[41,3,12,1],[90,0,0,0],[90,0,0,0],[90,0,0,0]],[[41,3,12,14],[41,3,12,10],[38,3,12,14],[38,3,12,10],[36,3,12,14],[36,3,12,10],[36,3,12,7],[36,3,12,3],[34,3,12,14],[34,3,12,10],[34,3,12,7],[34,3,12,3],[34,3,12,2],[34,3,12,1],[31,3,12,14],[31,3,12,10],[31,3,12,7],[31,3,12,3],[34,3,12,14],[34,3,12,10],[38,3,12,14],[38,3,12,10],[41,3,12,14],[41,3,12,10],[43,3,12,14],[43,3,12,10],[43,3,12,7],[43,3,12,3],[41,3,12,14],[41,3,12,10],[41,3,12,7],[41,3,12,3],[31,3,12,14],[31,2,12,10],[31,3,12,7],[31,2,12,3],[31,3,12,2],[31,2,12,1],[31,3,12,1],[31,2,12,1],[31,3,12,1],[90,0,0,0],[31,2,12,1],[90,0,0,0],[31,3,12,1],[90,0,0,0],[31,2,12,1],[90,0,0,0],[43,3,12,14],[43,2,12,10],[43,3,12,7],[43,2,12,3],[43,3,12,2],[43,2,12,1],[43,3,12,1],[43,2,12,1],[43,3,12,1],[90,0,0,0],[43,2,12,1],[90,0,0,0],[43,3,12,1],[90,0,0,0],[43,2,12,1],[90,0,0,0]],null,[[19,4,12,4],[90,0,0,0],[19,1,12,4],[90,0,0,0],[19,4,12,4],[90,0,0,0],[19,1,12,4],[90,0,0,0],[19,4,12,3],[90,0,0,0],[19,1,12,3],[90,0,0,0],[19,4,12,3],[90,0,0,0],[19,1,12,3],[90,0,0,0],[19,4,12,2],[90,0,0,0],[19,1,12,2],[90,0,0,0],[19,4,12,2],[90,0,0,0],[19,1,12,2],[90,0,0,0],[19,4,12,1],[90,0,0,0],[19,1,12,1],[90,0,0,0],[19,4,12,1],[90,0,0,0],[19,1,12,1],[90,0,0,0],[17,4,12,4],[90,0,0,0],[17,1,12,4],[90,0,0,0],[17,4,12,4],[90,0,0,0],[17,1,12,4],[90,0,0,0],[17,4,12,3],[90,0,0,0],[17,1,12,3],[90,0,0,0],[17,4,12,3],[90,0,0,0],[17,1,12,3],[90,0,0,0],[17,4,12,2],[90,0,0,0],[17,1,12,2],[90,0,0,0],[17,4,12,2],[90,0,0,0],[17,1,12,2],[90,0,0,0],[17,4,12,1],[90,0,0,0],[17,1,12,1],[90,0,0,0],[17,4,12,1],[90,0,0,0],[17,1,12,1],[90,0,0,0]],null,null,[[22,4,12,4],[90,0,0,0],[22,1,12,4],[90,0,0,0],[22,4,12,4],[90,0,0,0],[22,1,12,4],[90,0,0,0],[22,4,12,3],[90,0,0,0],[22,1,12,3],[90,0,0,0],[22,4,12,3],[90,0,0,0],[22,1,12,3],[90,0,0,0],[22,4,12,2],[90,0,0,0],[22,1,12,2],[90,0,0,0],[22,4,12,2],[90,0,0,0],[22,1,12,2],[90,0,0,0],[22,4,12,1],[90,0,0,0],[22,1,12,1],[90,0,0,0],[22,4,12,1],[90,0,0,0],[22,1,12,1],[90,0,0,0],[19,4,12,8],[90,0,0,0],[19,1,12,4],[90,0,0,0],[19,4,12,4],[90,0,0,0],[19,1,12,4],[90,0,0,0],[19,4,12,3],[90,0,0,0],[19,1,12,3],[90,0,0,0],[19,4,12,3],[90,0,0,0],[19,1,12,3],[90,0,0,0],[19,4,12,2],[90,0,0,0],[19,1,12,2],[90,0,0,0],[19,4,12,2],[90,0,0,0],[19,1,12,2],[90,0,0,0],[19,4,12,1],[90,0,0,0],[19,1,12,1],[90,0,0,0],[19,4,12,1],[90,0,0,0],[19,1,12,1],[90,0,0,0]],null,null,null,null,null,null,null,null,null,null,null,null,null,null,null,null,null,null,null,null,null,null,null,null,null,null,null,null,null,null,null,null,null,null,null,null,null,null,null,null,null,null,null,null,null,null,null,null,null,null,null,null,null,null,null,null,null,null,null,null,null,null,null,null,null,null,null,null,null,null,null,null,null,null,null,null,null,null,null,null,null,null,null,null,null,null,null,null,null,null,null,null,null,null,null,null,null,null,null,null,null,null,null,null,null,null],[null,[[19,4,12,6],[90,0,0,0],[19,1,12,6],[90,0,0,0],[19,4,12,6],[90,0,0,0],[19,1,12,6],[90,0,0,0],[19,4,12,5],[90,0,0,0],[19,1,12,5],[90,0,0,0],[19,4,12,5],[90,0,0,0],[19,1,12,5],[90,0,0,0],[19,4,12,4],[90,0,0,0],[19,1,12,4],[90,0,0,0],[19,4,12,4],[90,0,0,0],[19,1,12,4],[90,0,0,0],[19,4,12,3],[90,0,0,0],[19,1,12,3],[90,0,0,0],[19,4,12,3],[90,0,0,0],[19,1,12,3],[90,0,0,0],[17,4,12,6],[90,0,0,0],[17,1,12,6],[90,0,0,0],[17,4,12,6],[90,0,0,0],[17,1,12,6],[90,0,0,0],[17,4,12,5],[90,0,0,0],[17,1,12,5],[90,0,0,0],[17,4,12,5],[90,0,0,0],[17,1,12,5],[90,0,0,0],[17,4,12,4],[90,0,0,0],[17,1,12,4],[90,0,0,0],[17,4,12,4],[90,0,0,0],[17,1,12,4],[90,0,0,0],[17,4,12,3],[90,0,0,0],[17,1,12,3],[90,0,0,0],[17,4,12,3],[90,0,0,0],[17,1,12,3],[90,0,0,0]],null,null,null,[[22,4,12,6],[90,0,0,0],[22,1,12,6],[90,0,0,0],[22,4,12,6],[90,0,0,0],[22,1,12,6],[90,0,0,0],[22,4,12,5],[90,0,0,0],[22,1,12,5],[90,0,0,0],[22,4,12,5],[90,0,0,0],[22,1,12,5],[90,0,0,0],[22,4,12,4],[90,0,0,0],[22,1,12,4],[90,0,0,0],[22,4,12,4],[90,0,0,0],[22,1,12,4],[90,0,0,0],[22,4,12,3],[90,0,0,0],[22,1,12,3],[90,0,0,0],[22,4,12,3],[90,0,0,0],[22,1,12,3],[90,0,0,0],[19,4,12,6],[90,0,0,0],[19,1,12,6],[90,0,0,0],[19,4,12,6],[90,0,0,0],[19,1,12,6],[90,0,0,0],[19,4,12,5],[90,0,0,0],[19,1,12,5],[90,0,0,0],[19,4,12,5],[90,0,0,0],[19,1,12,5],[90,0,0,0],[19,4,12,4],[90,0,0,0],[19,1,12,4],[90,0,0,0],[19,4,12,4],[90,0,0,0],[19,1,12,4],[90,0,0,0],[19,4,12,3],[90,0,0,0],[19,1,12,3],[90,0,0,0],[19,4,12,3],[90,0,0,0],[19,1,12,3],[90,0,0,0]],null,null,null,null,null,null,null,null,null,null,null,null,null,[[90,0,14,0],[90,0,0,0],[90,0,0,0],[90,0,0,0],[90,0,0,0],[90,0,0,0],[90,0,0,0],[90,0,0,0],[90,0,0,0],[90,0,0,0],[90,0,0,0],[90,0,0,0],[90,0,0,0],[90,0,0,0],[90,0,0,0],[90,0,0,0],[90,0,0,0],[90,0,0,0],[90,0,0,0],[90,0,0,0],[90,0,0,0],[90,0,0,0],[90,0,0,0],[90,0,0,0],[90,0,0,0],[90,0,0,0],[90,0,0,0],[90,0,0,0],[90,0,0,0],[90,0,0,0],[90,0,0,0],[90,0,0,0],[90,0,0,0],[90,0,0,0],[90,0,0,0],[90,0,0,0],[90,0,0,0],[90,0,0,0],[90,0,0,0],[90,0,0,0],[90,0,0,0],[90,0,0,0],[90,0,0,0],[90,0,0,0],[90,0,0,0],[90,0,0,0],[90,0,0,0],[90,0,0,0],[90,0,0,0],[90,0,0,0],[90,0,0,0],[90,0,0,0],[90,0,0,0],[90,0,0,0],[90,0,0,0],[90,0,0,0],[90,0,0,0],[90,0,0,0],[90,0,0,0],[90,0,0,0],[90,0,0,0],[90,0,0,0],[90,0,0,0],[90,0,0,0]],null,null,null,null,null,null,null,null,null,null,null,null,null,null,null,null,null,null,null,null,null,null,null,null,null,null,null,null,null,null,null,null,null,null,null,null,null,null,null,null,null,null,null,null,null,null,null,null,null,null,null,null,null,null,null,null,null,null,null,null,null,null,null,null,null,null,null,null,null,null,null,null,null,null,null,null,null,null,null,null,null,null,null,null,null,null,null,null,null,null,null,null,null,null,null,null,null,null,null,null,null,null,null,null,null,null,null,null],[null,null,[[14,14,12,8],[90,0,14,136],[14,11,12,15],[90,0,0,0],[14,12,12,8],[90,0,0,0],[14,11,12,15],[90,0,0,0],[14,14,12,8],[90,0,0,0],[14,11,12,15],[90,0,0,0],[14,12,12,8],[90,0,0,0],[14,11,12,15],[90,0,0,0],[14,14,12,8],[90,0,0,0],[14,11,12,15],[90,0,0,0],[14,12,12,8],[90,0,0,0],[14,11,12,15],[90,0,0,0],[14,14,12,8],[90,0,0,0],[14,11,12,15],[90,0,0,0],[14,12,12,8],[90,0,0,0],[14,11,12,15],[90,0,0,0],[12,14,12,8],[90,0,0,0],[12,11,12,15],[90,0,0,0],[12,12,12,8],[90,0,0,0],[12,11,12,15],[90,0,0,0],[12,14,12,8],[90,0,0,0],[12,11,12,15],[90,0,0,0],[12,12,12,8],[90,0,0,0],[12,11,12,15],[90,0,0,0],[12,14,12,8],[90,0,0,0],[12,11,12,15],[90,0,0,0],[12,12,12,8],[90,0,0,0],[12,11,12,15],[90,0,0,0],[12,14,12,8],[90,0,0,0],[12,11,12,15],[90,0,0,0],[12,12,12,8],[90,0,0,0],[12,11,12,15],[90,0,0,0]],null,null,null,[[17,14,12,8],[90,0,0,0],[17,11,12,15],[90,0,0,0],[17,12,12,8],[90,0,0,0],[17,11,12,15],[90,0,0,0],[17,14,12,8],[90,0,0,0],[17,11,12,15],[90,0,0,0],[17,12,12,8],[90,0,0,0],[17,11,12,15],[90,0,0,0],[17,14,12,8],[90,0,0,0],[17,11,12,15],[90,0,0,0],[17,12,12,8],[90,0,0,0],[17,11,12,15],[90,0,0,0],[17,14,12,8],[90,0,0,0],[17,11,12,15],[90,0,0,0],[17,12,12,8],[90,0,0,0],[17,11,12,15],[90,0,0,0],[14,14,12,8],[90,0,0,0],[14,11,12,15],[90,0,0,0],[14,12,12,8],[90,0,0,0],[14,11,12,15],[90,0,0,0],[14,14,12,8],[90,0,0,0],[14,11,12,15],[90,0,0,0],[14,12,12,8],[90,0,0,0],[14,11,12,15],[90,0,0,0],[14,14,12,8],[90,0,0,0],[14,11,12,15],[90,0,0,0],[14,12,12,8],[90,0,0,0],[14,11,12,15],[90,0,0,0],[14,14,12,8],[90,0,0,0],[14,11,12,15],[90,0,0,0],[14,12,12,8],[90,0,0,0],[14,11,12,15],[90,0,0,0]],null,null,[[14,14,12,8],[90,0,0,0],[14,11,12,15],[90,0,0,0],[14,12,12,8],[90,0,0,0],[14,11,12,15],[90,0,0,0],[14,14,12,8],[90,0,0,0],[14,11,12,15],[90,0,0,0],[14,12,12,8],[90,0,0,0],[14,11,12,15],[90,0,0,0],[14,14,12,8],[90,0,0,0],[14,11,12,15],[90,0,0,0],[14,12,12,8],[90,0,0,0],[14,11,12,15],[90,0,0,0],[14,14,12,8],[90,0,0,0],[14,11,12,15],[90,0,0,0],[14,12,12,8],[90,0,0,0],[14,11,12,15],[90,0,0,0],[12,14,12,8],[90,0,0,0],[12,11,12,15],[90,0,0,0],[12,12,12,8],[90,0,0,0],[12,11,12,15],[90,0,0,0],[12,14,12,8],[90,0,0,0],[12,11,12,15],[90,0,0,0],[12,12,12,8],[90,0,0,0],[12,11,12,15],[90,0,0,0],[12,14,12,8],[90,0,0,0],[12,11,12,15],[90,0,0,0],[12,12,12,8],[90,0,0,0],[12,11,12,15],[90,0,0,0],[12,14,12,8],[90,0,0,0],[12,11,12,15],[90,0,0,0],[12,12,12,8],[90,0,0,0],[12,11,12,15],[90,0,0,0]],null,null,null,null,null,null,null,null,null,null,null,null,null,null,null,null,null,null,null,null,null,null,null,null,null,null,null,null,null,null,null,null,null,null,null,null,null,null,null,null,null,null,null,null,null,null,null,null,null,null,null,null,null,null,null,null,null,null,null,null,null,null,null,null,null,null,null,null,null,null,null,null,null,null,null,null,null,null,null,null,null,null,null,null,null,null,null,null,null,null,null,null,null,null,null,null,null,null,null,null,null,null,null,null,null,null,null,null,null,null,null,null,null,null,null,null,null,null],[null,null,null,[[90,0,15,6],[90,0,0,0],[90,0,0,0],[90,0,0,0],[90,0,0,0],[90,0,0,0],[90,0,0,0],[90,0,0,0],[90,0,0,0],[90,0,0,0],[90,0,0,0],[90,0,0,0],[90,0,0,0],[90,0,0,0],[90,0,0,0],[90,0,0,0],[90,0,0,0],[90,0,0,0],[90,0,0,0],[90,0,0,0],[90,0,0,0],[90,0,0,0],[90,0,0,0],[90,0,0,0],[90,0,0,0],[90,0,0,0],[90,0,0,0],[90,0,0,0],[90,0,0,0],[90,0,0,0],[90,0,0,0],[90,0,0,0],[90,0,0,0],[90,0,0,0],[90,0,0,0],[90,0,0,0],[90,0,0,0],[90,0,0,0],[90,0,0,0],[90,0,0,0],[90,0,0,0],[90,0,0,0],[90,0,0,0],[90,0,0,0],[90,0,0,0],[90,0,0,0],[90,0,0,0],[90,0,0,0],[90,0,0,0],[90,0,0,0],[90,0,0,0],[90,0,0,0],[90,0,0,0],[90,0,0,0],[90,0,0,0],[90,0,0,0],[90,0,0,0],[90,0,0,0],[90,0,0,0],[90,0,0,0],[90,0,0,0],[90,0,0,0],[90,0,0,0],[90,0,0,0]],null,null,null,null,null,null,null,null,[[41,1,14,2],[90,0,0,0],[90,0,0,0],[39,1,12,8],[39,1,14,1],[90,0,0,0],[90,0,0,0],[90,0,0,0],[41,1,14,2],[90,0,0,0],[90,0,0,0],[90,0,0,0],[39,1,14,1],[90,0,0,0],[41,1,14,2],[90,0,0,0],[90,0,0,0],[90,0,0,0],[90,1,14,2],[90,0,0,0],[39,1,14,2],[90,0,0,0],[39,1,14,1],[90,0,0,0],[41,1,14,1],[90,0,0,0],[41,1,14,2],[90,0,0,0],[39,1,14,1],[90,0,0,0],[90,0,0,0],[90,0,0,0],[41,1,14,2],[90,0,0,0],[90,0,0,0],[90,0,0,0],[39,1,14,1],[90,0,0,0],[41,1,14,2],[90,0,0,0],[90,0,0,0],[90,0,0,0],[39,1,14,1],[90,0,0,0],[41,1,14,2],[90,0,0,0],[90,0,0,0],[90,0,0,0],[90,0,0,0],[90,0,0,0],[90,1,14,2],[90,0,0,0],[39,1,14,1],[90,0,0,0],[90,0,0,0],[90,0,0,0],[41,1,14,2],[90,0,0,0],[41,1,14,2],[90,0,0,0],[39,1,14,2],[90,0,0,0],[39,1,14,1],[90,0,0,0]],null,[[41,1,14,2],[90,0,0,0],[90,0,0,0],[90,0,0,0],[39,1,14,1],[90,0,0,0],[90,0,0,0],[90,0,0,0],[41,1,14,2],[90,0,0,0],[90,0,0,0],[90,0,0,0],[39,1,14,1],[90,0,0,0],[41,1,14,2],[90,0,0,0],[90,0,0,0],[90,0,0,0],[90,1,14,2],[90,0,0,0],[39,1,14,2],[90,0,0,0],[39,1,14,1],[90,0,0,0],[41,1,14,1],[90,0,0,0],[41,1,14,2],[90,0,0,0],[39,1,14,1],[90,0,0,0],[90,0,0,0],[90,0,0,0],[41,1,14,2],[90,0,0,0],[90,0,0,0],[90,0,0,0],[39,1,14,1],[90,0,0,0],[41,1,14,2],[90,0,0,0],[90,0,0,0],[90,0,0,0],[39,1,14,1],[90,0,0,0],[41,1,14,2],[90,0,0,0],[90,0,0,0],[90,0,0,0],[90,0,0,0],[90,0,0,0],[90,1,14,2],[90,0,0,0],[39,1,14,1],[90,0,0,0],[90,0,0,0],[90,0,0,0],[41,1,14,2],[90,0,0,0],[41,1,14,2],[90,0,0,0],[39,1,14,2],[90,0,0,0],[39,1,14,1],[90,0,0,0]],null,null,[[41,1,14,2],[90,0,0,0],[90,0,0,0],[90,0,0,0],[39,1,14,1],[90,0,0,0],[90,0,0,0],[90,0,0,0],[41,1,14,2],[90,0,0,0],[90,0,0,0],[90,0,0,0],[39,1,14,1],[90,0,0,0],[41,1,14,2],[90,0,0,0],[90,0,0,0],[90,0,0,0],[90,1,14,2],[90,0,0,0],[39,1,14,2],[90,0,0,0],[39,1,14,1],[90,0,0,0],[41,1,14,1],[90,0,0,0],[41,1,14,2],[90,0,0,0],[39,1,14,1],[90,0,0,0],[90,0,0,0],[90,0,0,0],[41,1,14,1],[90,0,0,0],[90,0,0,0],[90,0,0,0],[41,1,14,2],[90,0,0,0],[90,0,0,0],[90,0,0,0],[41,1,14,2],[90,0,0,0],[39,1,14,2],[90,0,0,0],[39,1,14,1],[90,0,0,0],[90,0,0,0],[90,0,0,0],[90,0,0,0],[90,0,0,0],[90,1,14,2],[90,0,0,0],[39,1,14,1],[90,0,0,0],[90,0,0,0],[90,0,0,0],[41,1,14,2],[90,0,0,0],[41,1,14,2],[90,0,0,0],[39,1,14,2],[90,0,0,0],[39,1,14,1],[90,0,0,0]],null,null,[[39,1,14,2],[90,0,0,0],[90,0,0,0],[90,0,0,0],[90,0,0,0],[90,0,0,0],[90,0,0,0],[90,0,0,0],[41,1,14,2],[90,0,0,0],[90,0,0,0],[90,0,0,0],[90,0,0,0],[90,0,0,0],[90,0,0,0],[90,0,0,0],[90,1,14,2],[90,0,0,0],[39,1,14,2],[90,0,0,0],[39,1,14,1],[90,0,0,0],[41,1,14,1],[90,0,0,0],[41,1,14,2],[90,0,0,0],[39,1,14,1],[90,0,0,0],[41,1,14,1],[90,0,0,0],[90,0,0,0],[90,0,0,0],[39,1,14,2],[90,0,0,0],[90,0,0,0],[90,0,0,0],[90,0,0,0],[90,0,0,0],[90,0,0,0],[90,0,0,0],[41,1,14,2],[90,0,0,0],[90,0,0,0],[90,0,0,0],[90,0,0,0],[90,0,0,0],[90,0,0,0],[90,0,0,0],[90,1,14,2],[90,0,0,0],[90,0,0,0],[90,0,0,0],[39,1,14,1],[90,0,0,0],[90,0,0,0],[90,0,0,0],[41,1,14,2],[90,0,0,0],[90,0,0,0],[90,0,0,0],[41,1,14,1],[90,0,0,0],[90,0,0,0],[90,0,0,0]],null,[[39,1,14,2],[90,0,0,0],[90,0,0,0],[90,0,0,0],[90,0,0,0],[90,0,0,0],[90,0,0,0],[90,0,0,0],[90,0,0,0],[90,0,0,0],[90,0,0,0],[90,0,0,0],[90,0,0,0],[90,0,0,0],[90,0,0,0],[90,0,0,0],[39,1,14,2],[90,0,0,0],[90,0,0,0],[90,0,0,0],[90,0,0,0],[90,0,0,0],[90,0,0,0],[90,0,0,0],[90,0,0,0],[90,0,0,0],[90,0,0,0],[90,0,0,0],[90,0,0,0],[90,0,0,0],[90,0,0,0],[90,0,0,0],[90,0,0,0],[90,0,0,0],[90,0,0,0],[90,0,0,0],[90,0,0,0],[90,0,0,0],[90,0,0,0],[90,0,0,0],[90,0,0,0],[90,0,0,0],[90,0,0,0],[90,0,0,0],[90,0,0,0],[90,0,0,0],[90,0,0,0],[90,0,0,0],[90,0,0,0],[90,0,0,0],[90,0,0,0],[90,0,0,0],[90,0,0,0],[90,0,0,0],[90,0,0,0],[90,0,0,0],[90,0,0,0],[90,0,0,0],[90,0,0,0],[90,0,0,0],[90,0,0,0],[90,0,0,0],[90,0,0,0],[90,0,0,0]],null,null,null,null,null,null,null,null,null,null,null,null,null,null,null,null,null,null,null,null,null,null,null,null,null,null,null,null,null,null,null,null,null,null,null,null,null,null,null,null,null,null,null,null,null,null,null,null,null,null,null,null,null,null,null,null,null,null,null,null,null,null,null,null,null,null,null,null,null,null,null,null,null,null,null,null,null,null,null,null,null,null,null,null,null,null,null,null,null,null,null,null,null,null,null,null,null,null,null,null,null,null,null,null,null]],"channels":[[0,4,8,10,11,13,15,16,18,21],[1,5,1,5,1,5,1,5,19,19],[2,6,9,6,9,6,9,6,9,6],[3,7,7,7,12,14,14,17,20,22]]}}