{
  "VERSION": {
    "ref": "VERSION_MAJOR",
    "offset": 0
  },

  "IconTiles": {
    "ref": "Icon",
    "offset": 0
  },

  "Card0Tiles": {
    "ref": "CardTiles",
    "offset": 0
  },
  "Card1Tiles": {
    "ref": "CardTiles",
    "offset": 64
  },
  "Card2Tiles": {
    "ref": "CardTiles",
    "offset": 128
  },
  "Card3Tiles": {
    "ref": "CardTiles",
    "offset": 192
  },
  "Card4Tiles": {
    "ref": "CardTiles",
    "offset": 256
  },
  "Card5Tiles": {
    "ref": "CardTiles",
    "offset": 320
  },
  "Card6Tiles": {
    "ref": "CardTiles",
    "offset": 384
  },
  "Card7Tiles": {
    "ref": "CardTiles",
    "offset": 448
  },
  "Card8Tiles": {
    "ref": "CardTiles",
    "offset": 512
  },
  "Card9Tiles": {
    "ref": "CardTiles",
    "offset": 576
  },

  "SCENE": {
    "ref": "scene",
    "offset": 0
  },
  "player_can_jump": {
    "ref": "scene",
    "offset": 6
  },
  "PLAYER_CAN_JUMP": {
    "ref": "scene",
    "offset": 6
  },
  "player_jump_ticks": {
    "ref": "scene",
    "offset": 7
  },
  "PLAYER_JUMP_TICKS": {
    "ref": "scene",
    "offset": 7
  },
  "player_velocity_y": {
    "ref": "scene",
    "offset": 8
  },
  "PLAYER_VELOCITY_Y": {
    "ref": "scene",
    "offset": 8
  },

  "WAIT_FOR": {
    "ref": "wait_for",
    "offset": 0
  },
  "WAIT_UNTIL_CONFIRM": {
    "ref": "wait_until_confirm",
    "offset": 0
  },
  "ERROR": {
    "ref": "error",
    "offset": 0
  },
  "CAMERA_SHAKE": {
    "ref": "camera_shake",
    "offset": 0
  }
}
